model,model_label,dataset,horizon,seed,n_batches,policy,mse_mean,mse_std,mae_mean,mae_std,rmse_mean,rmse_std,mape_mean,mape_std,wmape_mean,wmape_std,smape_mean,smape_std,direction_acc_mean,direction_acc_std,total_time,n_batches_evaluated,matches,match_rate,tier_high,tier_mid,tier_low,sim_mean,sim_std,sim_min,sim_max
gru_small,GRU-Small,ETTh1,720,0,10,retrain,35.664055,16.008883,4.946515,1.394044,5.799634,1.424182,37.860065,16.045499,37.860065,16.045499,37.268211,14.149546,51.215253,3.307955,4159.274514,10,0,0.000000,,,,,,,
gru_small,GRU-Small,ETTh1,336,0,10,retrain,38.414798,23.273985,5.033027,1.954708,5.879622,1.960827,38.167401,18.245290,38.167401,18.245290,36.717413,13.606603,52.667376,3.652493,4296.245988,10,0,0.000000,,,,,,,
gru_small,GRU-Small,ETTh1,336,1,10,retrain,37.315180,22.360806,4.950215,1.765366,5.845224,1.774411,36.716482,12.469601,36.716482,12.469601,36.271314,10.800593,52.679086,3.884261,4316.672033,10,0,0.000000,,,,,,,
gru_small,GRU-Small,ETTh1,336,2,10,retrain,37.350303,22.447231,4.984848,1.915572,5.818916,1.868293,37.969935,18.160546,37.969935,18.160546,36.961155,13.937340,52.280312,4.758379,4357.004491,10,0,0.000000,,,,,,,
gru_small,GRU-Small,ETTh1,192,1,10,retrain,30.116518,18.014478,4.474471,1.563030,5.236907,1.640525,34.344575,15.067618,34.344575,15.067618,33.158484,11.437394,51.017867,3.084726,4372.596182,10,0,0.000000,,,,,,,
gru_small,GRU-Small,ETTh1,192,0,10,retrain,28.873879,15.873420,4.359744,1.464003,5.154529,1.518128,33.681321,14.684998,33.681321,14.684998,32.522005,12.120529,53.681971,6.299720,4390.765795,10,0,0.000000,,,,,,,
gru_small,GRU-Small,ETTh1,96,0,10,retrain,27.581701,23.010992,4.225642,1.951003,4.823640,2.077064,33.604717,19.638202,33.604717,19.638202,30.534550,13.585372,50.739351,7.471883,4489.754405,10,0,0.000000,,,,,,,
gru_small,GRU-Small,ETTh1,192,2,10,retrain,28.841289,16.321395,4.387008,1.447976,5.153290,1.511587,33.995262,15.035818,33.995262,15.035818,32.791847,11.738346,49.517412,2.086282,4504.126071,10,0,0.000000,,,,,,,
gru_small,GRU-Small,ETTh1,96,1,10,retrain,30.003568,25.428544,4.417032,2.189913,4.967824,2.307444,34.526784,19.772245,34.526784,19.772245,30.758203,13.914886,50.914630,7.710491,4708.503623,10,0,0.000000,,,,,,,
gru_small,GRU-Small,ETTh1,96,2,10,retrain,31.984243,29.336168,4.431752,2.495358,5.023100,2.598598,33.993468,20.570295,33.993468,20.570295,29.789146,14.678885,48.981745,4.361332,4731.892761,10,0,0.000000,,,,,,,
gru_small,GRU-Small,ETTh1,720,2,10,retrain,35.671099,16.008059,4.940919,1.378043,5.809502,1.385922,37.890155,16.287911,37.890155,16.287911,37.104566,14.132797,52.762162,4.732081,4017.461763,10,0,0.000000,,,,,,,
gru_small,GRU-Small,ETTh1,720,1,10,retrain,37.368523,17.693971,5.079825,1.419960,5.947077,1.414497,38.402034,14.790750,38.402034,14.790750,38.167195,14.257574,51.275805,2.548515,4224.383131,10,0,0.000000,,,,,,,
gru_small,GRU-Small,ETTh2,192,2,10,retrain,51.877142,19.396707,5.997344,1.230382,7.069293,1.379216,28.586413,11.866208,28.586413,11.866208,26.833166,9.515591,70.430600,13.202700,4135.626413,10,0,0.000000,,,,,,,
gru_small,GRU-Small,ETTh2,96,2,10,retrain,58.401627,47.765985,6.185636,3.133732,6.937288,3.205567,31.785821,25.071133,31.785821,25.071133,27.044522,16.609770,65.737102,11.360048,4344.445733,10,0,0.000000,,,,,,,
gru_small,GRU-Small,ETTh2,192,0,10,retrain,48.402422,12.721318,5.861076,0.904002,6.895117,0.927244,28.292706,11.524773,28.292706,11.524773,26.872679,9.642411,63.500554,13.398936,4576.407595,10,0,0.000000,,,,,,,
gru_small,GRU-Small,ETTh2,96,1,10,retrain,57.570816,50.961221,6.158472,3.007636,6.939016,3.069343,31.328219,23.319380,31.328219,23.319380,26.921807,15.717159,63.586315,8.935664,4619.612189,10,0,0.000000,,,,,,,
gru_small,GRU-Small,ETTh2,192,1,10,retrain,52.963348,21.791728,6.118151,1.418609,7.118026,1.515605,29.484247,13.191903,29.484247,13.191903,28.089953,11.000728,69.220514,14.790527,4488.717662,10,0,0.000000,,,,,,,
gru_small,GRU-Small,ETTh2,96,0,10,retrain,69.098103,53.780369,6.860340,3.261352,7.627214,3.305103,34.238206,24.295439,34.238206,24.295439,28.980985,15.950356,66.255921,9.925292,4672.344190,10,0,0.000000,,,,,,,
gru_small,GRU-Small,ETTh2,336,1,10,retrain,61.349636,32.828197,6.460454,1.831969,7.594934,1.914839,30.334116,13.035125,30.334116,13.035125,28.815963,10.784391,70.786295,16.647994,4406.685667,10,0,0.000000,,,,,,,
gru_small,GRU-Small,ETTh2,336,0,10,retrain,61.961830,41.000596,6.422858,2.188138,7.525961,2.306891,30.594242,15.604380,30.594242,15.604380,28.590417,12.408473,73.828547,14.483650,4434.891602,10,0,0.000000,,,,,,,
gru_small,GRU-Small,ETTh2,720,0,10,retrain,72.643107,47.015728,6.955047,2.586337,8.116125,2.602235,29.207534,6.716254,29.207534,6.716254,29.965353,8.478742,71.674391,15.796055,4096.649648,10,0,0.000000,,,,,,,
gru_small,GRU-Small,ETTh2,720,1,10,retrain,63.770391,40.225439,6.513212,2.170521,7.689569,2.154280,28.648530,8.607960,28.648530,8.607960,28.724811,9.683861,75.828438,13.277800,4127.306682,10,0,0.000000,,,,,,,
gru_small,GRU-Small,ETTh2,336,2,10,retrain,69.418105,46.329629,6.823088,2.286264,7.963753,2.448825,31.958983,14.889285,31.958983,14.889285,30.009581,11.549563,71.944479,14.385160,4547.038384,10,0,0.000000,,,,,,,
gru_small,GRU-Small,ETTh2,720,2,10,retrain,56.270369,19.918027,6.137302,1.354581,7.375669,1.367436,27.129735,7.466500,27.129735,7.466500,26.685146,6.878473,78.153179,11.220586,4250.787316,10,0,0.000000,,,,,,,
gru_small,GRU-Small,ETTm1,192,0,10,retrain,21.619728,15.440588,3.771519,1.560234,4.308584,1.748094,14.199182,8.537769,14.199182,8.537769,13.507201,7.480058,50.902537,4.737302,4324.516762,10,0,0.000000,,,,,,,
gru_small,GRU-Small,ETTm1,96,2,10,retrain,19.648467,22.599608,3.481376,2.085855,3.799903,2.282368,13.419659,10.901347,13.419659,10.901347,12.508465,9.361521,54.184081,7.046402,4365.736516,10,0,0.000000,,,,,,,
gru_small,GRU-Small,ETTm1,96,0,10,retrain,18.987581,18.751155,3.454846,1.915382,3.791559,2.147478,13.155233,10.100505,13.155233,10.100505,12.372368,8.764516,49.824404,8.757200,4508.166532,10,0,0.000000,,,,,,,
gru_small,GRU-Small,ETTm1,192,1,10,retrain,20.784894,13.768516,3.730679,1.352453,4.289709,1.543791,13.887192,7.657383,13.887192,7.657383,13.304980,6.727049,53.191305,6.231004,4507.029035,10,0,0.000000,,,,,,,
gru_small,GRU-Small,ETTm1,192,2,10,retrain,22.000664,14.790539,3.877830,1.466639,4.395195,1.637964,14.523463,8.292685,14.523463,8.292685,13.866781,7.213825,51.724180,7.520324,4656.774530,10,0,0.000000,,,,,,,
gru_small,GRU-Small,ETTm1,96,1,10,retrain,21.312021,24.311140,3.674136,2.159767,3.971012,2.354376,14.047206,10.961550,14.047206,10.961550,13.075552,9.403771,50.551860,12.373645,4830.385183,10,0,0.000000,,,,,,,
gru_small,GRU-Small,ETTm1,336,0,10,retrain,24.617191,14.671483,4.069244,1.330524,4.720016,1.529261,14.832907,7.150675,14.832907,7.150675,14.182096,6.409156,47.349164,5.053481,4216.160452,10,0,0.000000,,,,,,,
gru_small,GRU-Small,ETTm1,720,0,10,retrain,27.865464,12.208906,4.405573,0.989718,5.155255,1.135259,15.205340,5.049117,15.205340,5.049117,14.606790,4.275333,46.031358,5.161806,3950.624640,10,0,0.000000,,,,,,,
gru_small,GRU-Small,ETTm1,336,1,10,retrain,24.945133,13.730261,4.084285,1.262492,4.794718,1.398505,14.833294,6.794485,14.833294,6.794485,14.190756,6.086408,46.227796,6.322273,4500.095649,10,0,0.000000,,,,,,,
gru_small,GRU-Small,ETTm1,336,2,10,retrain,23.488439,11.414754,4.000483,1.060984,4.686551,1.234780,14.485726,6.068428,14.485726,6.068428,13.940556,5.511818,46.356926,6.584146,4502.852574,10,0,0.000000,,,,,,,
gru_small,GRU-Small,ETTm1,720,1,10,retrain,27.653240,13.327167,4.362960,1.145203,5.111230,1.236352,15.110660,5.557842,15.110660,5.557842,14.510445,4.713351,46.612471,5.201088,4154.809227,10,0,0.000000,,,,,,,
gru_small,GRU-Small,ETTm1,720,2,10,retrain,25.597171,11.070393,4.225408,0.975899,4.958093,1.007217,14.502963,4.592294,14.502963,4.592294,14.029506,3.867735,46.743447,3.906262,4205.997051,10,0,0.000000,,,,,,,
gru_small,GRU-Small,ETTm2,96,2,10,retrain,23.827642,21.250857,3.725289,2.123348,4.331217,2.251267,10.350774,7.932219,10.350774,7.932219,9.807348,6.815768,81.905162,14.174330,4221.181332,10,0,0.000000,,,,,,,
gru_small,GRU-Small,ETTm2,96,0,10,retrain,23.174736,21.837506,3.619474,2.229880,4.187561,2.374673,10.085808,8.169256,10.085808,8.169256,9.531692,7.037682,81.448832,17.338374,4588.827152,10,0,0.000000,,,,,,,
gru_small,GRU-Small,ETTm2,96,1,10,retrain,24.256183,22.349409,3.697460,2.249638,4.300327,2.400702,10.312573,8.253188,10.312573,8.253188,9.742553,7.125479,77.050930,16.674277,4667.918671,10,0,0.000000,,,,,,,
gru_small,GRU-Small,ETTm2,192,0,10,retrain,28.798780,23.706302,4.303520,1.941685,4.934766,2.108760,11.579046,6.707735,11.579046,6.707735,11.128217,6.000657,78.187163,16.499056,4651.788753,10,0,0.000000,,,,,,,
gru_small,GRU-Small,ETTm2,192,1,10,retrain,26.724930,23.959295,4.017276,2.212809,4.612368,2.334735,10.980451,7.657552,10.980451,7.657552,10.467497,6.782580,82.129481,11.603736,4669.718661,10,0,0.000000,,,,,,,
gru_small,GRU-Small,ETTm2,192,2,10,retrain,28.195177,25.123655,4.134970,2.212841,4.749460,2.374406,11.265351,7.717808,11.265351,7.717808,10.745151,6.786683,80.981034,14.407485,4577.892714,10,0,0.000000,,,,,,,
gru_small,GRU-Small,ETTm2,720,0,10,retrain,75.039253,32.324378,7.126388,1.546836,8.496796,1.686331,18.041376,5.778290,18.041376,5.778290,17.491597,4.638541,30.207849,8.592028,4096.608410,10,0,0.000000,,,,,,,
gru_small,GRU-Small,ETTm2,336,1,10,retrain,72.855377,35.008966,7.208391,1.905897,8.258922,2.155361,18.503525,6.451617,18.503525,6.451617,17.800265,5.535222,29.171407,10.721817,4421.688941,10,0,0.000000,,,,,,,
gru_small,GRU-Small,ETTm2,336,0,10,retrain,72.947788,30.789559,7.246287,1.742827,8.323752,1.913883,18.616387,6.107622,18.616387,6.107622,17.945859,5.266193,29.348329,9.226945,4556.348938,10,0,0.000000,,,,,,,
gru_small,GRU-Small,ETTm2,720,1,10,retrain,74.764407,33.457381,7.175964,1.617130,8.471777,1.730144,18.158205,5.942555,18.158205,5.942555,17.575243,4.745951,31.141407,8.576078,3904.081819,10,0,0.000000,,,,,,,
gru_small,GRU-Small,ETTm2,720,2,10,retrain,73.478579,30.364409,7.092416,1.473202,8.418652,1.613963,17.920918,5.459850,17.920918,5.459850,17.397487,4.429985,31.146593,8.843188,4190.153161,10,0,0.000000,,,,,,,
gru_small,GRU-Small,ETTm2,336,2,10,retrain,71.637046,34.650083,7.110649,1.877162,8.198073,2.104435,18.326418,6.607821,18.326418,6.607821,17.594818,5.628035,31.664410,12.825160,4808.707116,10,0,0.000000,,,,,,,
gru_small,GRU-Small,Weather,96,0,10,retrain,124.240034,195.977823,7.878821,6.502131,8.843780,6.784364,1.799439,1.399280,1.799439,1.399280,1.810662,1.434115,49.153508,4.880704,4699.137825,10,0,0.000000,,,,,,,
gru_small,GRU-Small,Weather,96,1,10,retrain,132.377728,187.557055,8.389873,6.330916,9.383719,6.657593,1.921300,1.369013,1.921300,1.369013,1.930373,1.398906,48.106918,5.329084,4634.314050,10,0,0.000000,,,,,,,
gru_small,GRU-Small,Weather,192,1,10,retrain,103.627864,142.038005,6.833146,5.045052,8.281114,5.920390,1.577006,1.110311,1.577006,1.110311,1.579130,1.122333,49.807890,4.511197,4272.902081,10,0,0.000000,,,,,,,
gru_small,GRU-Small,Weather,192,0,10,retrain,109.808209,136.530772,7.448160,4.885258,8.827692,5.646243,1.722969,1.075340,1.722969,1.075340,1.723292,1.086270,50.743990,4.101926,4618.956094,10,0,0.000000,,,,,,,
gru_small,GRU-Small,Weather,336,0,10,retrain,111.123954,135.196797,7.648228,4.063092,9.209585,5.129083,1.781265,0.915089,1.781265,0.915089,1.775721,0.916688,49.551826,2.901964,4302.967184,10,0,0.000000,,,,,,,
gru_small,GRU-Small,Weather,96,2,10,retrain,121.051024,179.187119,7.977058,6.107418,8.932337,6.423736,1.826192,1.316384,1.826192,1.316384,1.834469,1.346223,46.340120,4.028249,4880.368016,10,0,0.000000,,,,,,,
gru_small,GRU-Small,Weather,192,2,10,retrain,103.690612,141.470675,6.817052,4.969093,8.324389,5.864739,1.572981,1.090804,1.572981,1.090804,1.575413,1.103628,50.808418,4.864294,4637.262045,10,0,0.000000,,,,,,,
gru_small,GRU-Small,Weather,720,0,10,retrain,101.810229,87.691712,7.889444,3.710106,9.243821,4.044997,1.844212,0.859004,1.844212,0.859004,1.833660,0.848020,50.790118,2.261283,4253.297776,10,0,0.000000,,,,,,,
gru_small,GRU-Small,Weather,336,1,10,retrain,114.318557,126.752233,7.799149,4.168891,9.357796,5.172061,1.817133,0.945622,1.817133,0.945622,1.809995,0.943714,49.920645,2.328033,4611.872833,10,0,0.000000,,,,,,,
gru_small,GRU-Small,Weather,336,2,10,retrain,105.108603,106.333138,7.564261,3.860646,9.170609,4.583507,1.764043,0.880362,1.764043,0.880362,1.755614,0.874859,50.871406,2.709982,4449.976180,10,0,0.000000,,,,,,,
gru_small,GRU-Small,Weather,720,1,10,retrain,123.059653,131.218418,8.199913,4.954934,9.798488,5.200893,1.914956,1.148735,1.914956,1.148735,1.903596,1.133684,50.148193,2.182244,4329.906170,10,0,0.000000,,,,,,,
gru_small,GRU-Small,Weather,720,2,10,retrain,153.990890,223.385204,8.825025,6.936479,10.265256,6.972475,2.067184,1.643786,2.067184,1.643786,2.043190,1.588478,49.513528,1.954596,4366.652213,10,0,0.000000,,,,,,,
gru_small,GRU-Small,Exchange,336,0,9,retrain,0.015992,0.011858,0.111599,0.048520,0.117546,0.046639,17.473168,8.366617,17.473168,8.366617,17.889369,8.762267,49.584103,1.591638,3064.411069,9,0,0.000000,,,,,,,
gru_small,GRU-Small,Exchange,192,0,9,retrain,0.010764,0.005880,0.093764,0.036337,0.097350,0.035873,14.674228,6.979879,14.674228,6.979879,14.690549,6.128374,52.065319,3.211349,3685.440149,9,0,0.000000,,,,,,,
gru_small,GRU-Small,Exchange,192,2,9,retrain,0.010299,0.006588,0.091889,0.035495,0.095206,0.035136,14.459555,7.001988,14.459555,7.001988,14.424956,6.145144,49.192235,2.916622,3522.224877,9,0,0.000000,,,,,,,
gru_small,GRU-Small,Exchange,720,0,8,retrain,0.018872,0.010032,0.121971,0.033314,0.133606,0.031968,19.044384,6.573464,19.044384,6.573464,19.653450,6.923934,48.794690,1.006948,2698.907389,8,0,0.000000,,,,,,,
gru_small,GRU-Small,Exchange,192,1,9,retrain,0.009936,0.006119,0.089724,0.036613,0.092888,0.036166,14.218161,7.485531,14.218161,7.485531,14.094591,6.491399,50.236716,3.829032,3822.178944,9,0,0.000000,,,,,,,
gru_small,GRU-Small,Exchange,336,1,9,retrain,0.015651,0.011286,0.110219,0.047616,0.116300,0.046097,17.175680,7.946989,17.175680,7.946989,17.614192,8.319699,50.235783,2.803920,3731.977343,9,0,0.000000,,,,,,,
gru_small,GRU-Small,Exchange,96,0,10,retrain,0.006215,0.005805,0.067140,0.038293,0.069130,0.037891,10.003527,5.605808,10.003527,5.605808,10.234972,5.659227,51.501776,3.383459,4562.635095,10,0,0.000000,,,,,,,
gru_small,GRU-Small,Exchange,96,2,10,retrain,0.005946,0.005652,0.064979,0.038160,0.067346,0.037561,9.708918,5.731987,9.708918,5.731987,9.882197,5.674095,49.797752,4.833393,4415.356936,10,0,0.000000,,,,,,,
gru_small,GRU-Small,Exchange,96,1,10,retrain,0.006261,0.006602,0.066069,0.039976,0.068674,0.039304,9.817141,5.745082,9.817141,5.745082,10.047308,5.850888,49.027270,3.728294,4624.781162,10,0,0.000000,,,,,,,
gru_small,GRU-Small,Exchange,336,2,9,retrain,0.014505,0.009197,0.107221,0.040909,0.113759,0.039548,16.745330,7.193934,16.745330,7.193934,17.050003,7.185571,49.397278,3.456592,3543.367648,9,0,0.000000,,,,,,,
gru_small,GRU-Small,Exchange,720,1,8,retrain,0.018369,0.009962,0.120738,0.031247,0.131945,0.030974,18.912447,6.413160,18.912447,6.413160,19.525488,6.844048,49.986038,1.706117,2294.572155,8,0,0.000000,,,,,,,
gru_small,GRU-Small,Exchange,720,2,8,retrain,0.018220,0.009106,0.120804,0.030814,0.131812,0.029078,18.813708,6.029169,18.813708,6.029169,19.431377,6.421370,49.780210,1.143437,2770.055677,8,0,0.000000,,,,,,,
gru_small,GRU-Small,synth_stable,96,1,10,retrain,193.211113,45.069338,11.195280,1.405474,13.813298,1.550454,2.136900,0.274667,2.136900,0.274667,2.141701,0.275512,59.684211,2.580558,4602.032498,10,0,0.000000,,,,,,,
gru_small,GRU-Small,synth_stable,336,0,10,retrain,189.103595,33.572818,11.102486,1.078161,13.696960,1.223470,2.119431,0.186283,2.119431,0.186283,2.120846,0.186523,61.641791,1.641791,4044.311608,10,0,0.000000,,,,,,,
gru_small,GRU-Small,synth_stable,96,0,10,retrain,188.748470,38.892157,11.049698,1.280714,13.669191,1.379021,2.109040,0.248885,2.109040,0.248885,2.113868,0.250140,59.578947,2.499861,4828.308206,10,0,0.000000,,,,,,,
gru_small,GRU-Small,synth_stable,192,2,10,retrain,192.242453,27.929136,11.247546,0.958066,13.829093,0.999316,2.147143,0.177280,2.147143,0.177280,2.150644,0.176991,61.884817,2.025035,4417.875834,10,0,0.000000,,,,,,,
gru_small,GRU-Small,synth_stable,96,2,10,retrain,192.938375,44.279311,11.170872,1.390314,13.807335,1.515218,2.132195,0.271724,2.132195,0.271724,2.137070,0.272915,59.368421,2.586991,4715.464507,10,0,0.000000,,,,,,,
gru_small,GRU-Small,synth_stable,336,1,10,retrain,189.793046,33.874086,11.106299,1.093453,13.720958,1.236266,2.120062,0.188850,2.120062,0.188850,2.122007,0.189276,62.149254,1.578424,4106.311084,10,0,0.000000,,,,,,,
gru_small,GRU-Small,synth_stable,192,1,10,retrain,192.632994,33.688987,11.271557,1.139493,13.829100,1.178547,2.152028,0.217051,2.152028,0.217051,2.156108,0.218253,61.361257,2.130575,4560.900902,10,0,0.000000,,,,,,,
gru_small,GRU-Small,synth_stable,192,0,10,retrain,197.165840,38.619777,11.398153,1.258612,13.979182,1.322238,2.176196,0.240282,2.176196,0.240282,2.180578,0.241520,61.361257,2.206420,4703.679046,10,0,0.000000,,,,,,,
gru_small,GRU-Small,synth_stable,336,2,10,retrain,189.370178,31.806447,11.120452,1.029814,13.712103,1.161210,2.122767,0.174429,2.122767,0.174429,2.124594,0.174790,61.880597,1.786312,4610.374409,10,0,0.000000,,,,,,,
gru_small,GRU-Small,synth_stable,720,0,10,retrain,201.327703,36.549137,11.466842,1.152522,14.133609,1.252522,2.190783,0.214795,2.190783,0.214795,2.194872,0.219787,60.639777,1.103930,4301.092019,10,0,0.000000,,,,,,,
gru_small,GRU-Small,synth_stable,720,2,10,retrain,202.447377,37.119427,11.501615,1.170740,14.171332,1.273079,2.197493,0.219325,2.197493,0.219325,2.201369,0.223582,60.751043,1.380770,4050.544307,10,0,0.000000,,,,,,,
gru_small,GRU-Small,synth_stable,720,1,10,retrain,201.959075,34.923321,11.487891,1.115881,14.159446,1.212095,2.194564,0.205134,2.194564,0.205134,2.198107,0.208752,60.611961,1.245231,4264.304202,10,0,0.000000,,,,,,,
gru_small,GRU-Small,synth_trend_break,192,1,10,retrain,8652.875658,24426.939482,44.115638,80.115494,48.068923,79.638272,5.815790,9.968394,5.815790,9.968394,6.580870,12.255267,56.963351,2.996668,4116.993289,10,0,0.000000,,,,,,,
gru_small,GRU-Small,synth_trend_break,96,2,10,retrain,8448.012324,23961.704297,42.992459,79.443114,46.884000,79.056327,5.673834,9.903236,5.673834,9.903236,6.422083,12.142318,58.210526,2.786990,4453.642576,10,0,0.000000,,,,,,,
gru_small,GRU-Small,synth_trend_break,96,0,10,retrain,8362.579195,23745.678085,42.594968,79.162207,46.471068,78.759247,5.621950,9.869258,5.621950,9.869258,6.363547,12.086060,59.368421,3.268247,4598.624252,10,0,0.000000,,,,,,,
gru_small,GRU-Small,synth_trend_break,192,2,10,retrain,8660.050581,24330.401397,44.581691,79.798543,48.709877,79.293118,5.874676,9.926288,5.874676,9.926288,6.637330,12.202394,58.795812,3.053303,4345.976893,10,0,0.000000,,,,,,,
gru_small,GRU-Small,synth_trend_break,192,0,10,retrain,8539.668514,24102.568441,43.868739,79.527137,47.862448,79.049697,5.783459,9.894380,5.783459,9.894380,6.537472,12.146244,58.534031,2.987506,4712.868013,10,0,0.000000,,,,,,,
gru_small,GRU-Small,synth_trend_break,96,1,10,retrain,4693.478433,12749.041042,34.844447,55.952189,38.955496,56.355548,4.645532,6.943637,4.645532,6.943637,5.007865,8.025599,58.000000,7.253999,4992.237448,10,0,0.000000,,,,,,,
gru_small,GRU-Small,synth_trend_break,336,0,10,retrain,8698.371761,24204.711232,45.655944,79.335916,49.865401,78.815059,6.008734,9.869844,6.008734,9.869844,6.767614,12.138943,56.686567,3.459211,4184.821185,10,0,0.000000,,,,,,,
gru_small,GRU-Small,synth_trend_break,336,1,10,retrain,8600.938450,24199.390365,44.260015,79.711242,48.166230,79.252462,5.832562,9.921938,5.832562,9.921938,6.589201,12.189401,57.194030,3.848779,4415.595702,10,0,0.000000,,,,,,,
gru_small,GRU-Small,synth_trend_break,720,0,10,retrain,9928.360966,23125.193781,54.747370,75.780880,63.789824,76.545537,7.431094,9.524918,7.431094,9.524918,8.099393,11.622413,51.898102,4.832327,4311.284692,10,0,0.000000,,,,,,,
gru_small,GRU-Small,synth_trend_break,336,2,10,retrain,8649.484174,24355.222641,44.230732,80.001177,48.257793,79.502639,5.826586,9.959264,5.826586,9.959264,6.590298,12.242748,57.761194,3.989851,4617.270388,10,0,0.000000,,,,,,,
gru_small,GRU-Small,synth_slow_drift,96,1,10,retrain,464.765289,192.953494,17.347952,3.736849,21.127132,4.290640,2.661134,0.371457,2.661134,0.371457,2.655355,0.371406,64.736842,3.654012,4006.084158,10,0,0.000000,,,,,,,
gru_small,GRU-Small,synth_trend_break,720,1,10,retrain,9934.368483,23346.786383,54.170812,76.329531,63.194719,77.076559,7.347609,9.588287,7.347609,9.588287,8.021690,11.712302,52.357053,4.758413,4333.636071,10,0,0.000000,,,,,,,
gru_small,GRU-Small,synth_trend_break,720,2,10,retrain,9745.673784,22703.991179,54.050792,75.105979,63.130225,75.896301,7.333873,9.434999,7.333873,9.434999,7.986158,11.493395,53.178044,4.033371,4131.236346,10,0,0.000000,,,,,,,
gru_small,GRU-Small,synth_slow_drift,96,0,10,retrain,474.467937,177.296738,17.516495,3.344104,21.412913,3.994382,2.688752,0.300327,2.688752,0.300327,2.682062,0.298473,62.631579,3.654012,4271.672052,10,0,0.000000,,,,,,,
gru_small,GRU-Small,synth_slow_drift,96,2,10,retrain,434.217917,157.820456,16.778347,3.246568,20.516353,3.646532,2.573484,0.264019,2.573484,0.264019,2.567541,0.265673,62.421053,3.524351,4860.471183,10,0,0.000000,,,,,,,
gru_small,GRU-Small,synth_slow_drift,192,0,10,retrain,518.817226,156.405787,18.541457,3.149635,22.499232,3.549896,2.861442,0.346065,2.861442,0.346065,2.859619,0.349027,61.727749,1.629778,4644.698463,10,0,0.000000,,,,,,,
gru_small,GRU-Small,synth_slow_drift,192,1,10,retrain,570.036659,226.131587,19.375804,4.292394,23.384210,4.818235,2.973958,0.457401,2.973958,0.457401,2.974723,0.460706,62.827225,2.257996,4289.772719,10,0,0.000000,,,,,,,
gru_small,GRU-Small,synth_slow_drift,192,2,10,retrain,549.157723,196.963280,18.989211,3.703926,23.046621,4.243937,2.921822,0.379480,2.921822,0.379480,2.920903,0.380659,62.146597,2.721002,4286.612475,10,0,0.000000,,,,,,,
gru_small,GRU-Small,synth_slow_drift,720,0,10,retrain,1043.236924,394.017810,27.941138,5.888668,31.749900,5.931338,4.294723,0.488389,4.294723,0.488389,4.343645,0.502745,60.778860,1.526105,3936.472408,10,0,0.000000,,,,,,,
gru_small,GRU-Small,synth_slow_drift,720,1,10,retrain,1058.739662,449.716521,28.033810,6.759511,31.832599,6.739832,4.297718,0.634080,4.297718,0.634080,4.349482,0.656082,61.223922,1.525851,4004.656719,10,0,0.000000,,,,,,,
gru_small,GRU-Small,synth_slow_drift,336,0,10,retrain,705.932419,285.037214,21.850670,5.173322,25.994764,5.495876,3.349430,0.498643,3.349430,0.498643,3.359050,0.508029,60.686567,2.161037,4342.871206,10,0,0.000000,,,,,,,
gru_small,GRU-Small,synth_slow_drift,336,2,10,retrain,680.307864,300.697194,21.281088,5.413282,25.453278,5.695482,3.262754,0.552824,3.262754,0.552824,3.271913,0.568197,61.343284,2.103366,4188.298390,10,0,0.000000,,,,,,,
gru_small,GRU-Small,synth_slow_drift,336,1,10,retrain,696.927907,314.436381,21.596376,5.652296,25.716766,5.964551,3.311069,0.617404,3.311069,0.617404,3.321126,0.634249,60.179104,2.554638,4467.912046,10,0,0.000000,,,,,,,
gru_small,GRU-Small,synth_slow_drift,720,2,10,retrain,1042.848053,368.500767,27.966904,5.664410,31.785051,5.706014,4.302483,0.484852,4.302483,0.484852,4.353256,0.500557,60.667594,1.602525,4305.773632,10,0,0.000000,,,,,,,
gru_small,GRU-Small,synth_fast_switch,96,0,10,retrain,11890.598693,25654.102221,64.621825,79.805780,71.031607,82.735177,8.290261,9.842799,8.290261,9.842799,8.871423,11.768614,55.894737,5.272623,4354.142836,10,0,0.000000,,,,,,,
gru_small,GRU-Small,synth_fast_switch,96,1,10,retrain,11698.730552,25913.490087,63.520870,79.475320,70.038851,82.421417,8.168290,9.797655,8.168290,9.797655,8.775410,11.782312,54.631579,6.358627,4724.639303,10,0,0.000000,,,,,,,
gru_small,GRU-Small,synth_fast_switch,96,2,10,retrain,11905.549219,25171.804677,66.742060,78.083533,73.121512,80.986380,8.713073,9.580628,8.713073,9.580628,9.279321,11.465059,54.105263,4.268028,4559.370498,10,0,0.000000,,,,,,,
gru_small,GRU-Small,synth_fast_switch,192,0,10,retrain,10865.044410,14004.317852,68.202129,55.256610,80.816840,65.830713,10.214084,9.548636,10.214084,9.548636,9.713700,8.736405,53.897217,7.647717,4540.437038,10,0,0.000000,,,,,,,
gru_small,GRU-Small,synth_fast_switch,192,2,10,retrain,12107.042880,15652.542601,71.919229,61.465226,84.600393,70.354932,10.996469,11.225504,10.996469,11.225504,10.287722,9.801486,54.108019,5.881892,4140.937392,10,0,0.000000,,,,,,,
gru_small,GRU-Small,synth_fast_switch,192,1,10,retrain,10344.572866,13495.348925,65.990694,51.051802,79.789282,63.073317,9.796024,8.452595,9.796024,8.452595,9.417409,7.966149,53.586939,8.176467,4387.993879,10,0,0.000000,,,,,,,
gru_small,GRU-Small,synth_fast_switch,336,0,10,retrain,23106.717279,37154.554733,97.286354,102.133371,110.523518,104.361244,13.978600,14.318637,13.978600,14.318637,13.812772,14.422361,53.521673,5.799568,4372.701912,10,0,0.000000,,,,,,,
gru_small,GRU-Small,synth_fast_switch,336,1,10,retrain,13116.229948,14709.911356,78.375585,61.566313,92.663259,67.303420,11.818436,11.140369,11.818436,11.140369,10.985712,9.304790,52.983645,5.597563,4636.268784,10,0,0.000000,,,,,,,
gru_small,GRU-Small,synth_fast_switch,336,2,10,retrain,27657.130141,43831.394179,106.305182,114.362577,119.389202,115.772832,15.428134,16.929399,15.428134,16.929399,14.996714,16.266424,52.297256,6.502759,4458.861416,10,0,0.000000,,,,,,,
gru_small,GRU-Small,synth_fast_switch,720,0,10,retrain,37254.838334,42778.495796,140.481551,109.326270,156.647238,112.767376,21.048316,17.727901,21.048316,17.727901,19.875587,16.090019,50.069096,4.271687,4399.259226,10,0,0.000000,,,,,,,
gru_small,GRU-Small,synth_fast_switch,720,1,10,retrain,36152.738099,41491.502029,137.070189,107.572916,154.746064,110.482549,20.532788,17.358795,20.532788,17.358795,19.443767,15.788393,50.737948,5.379436,4231.718289,10,0,0.000000,,,,,,,
gru_small,GRU-Small,synth_fast_switch,720,2,10,retrain,36800.597784,40089.450753,142.510599,103.863644,159.853548,106.053953,21.390415,17.252043,21.390415,17.252043,20.065736,15.321198,51.584857,4.094830,4111.463462,10,0,0.000000,,,,,,,
gru_small,GRU-Small,synth_recurring,96,0,10,retrain,15906.595268,42006.433634,64.210405,103.330672,70.313626,104.702384,7.931642,11.474231,7.931642,11.474231,9.041286,14.610968,57.368421,4.243294,4513.684911,10,0,0.000000,,,,,,,
gru_small,GRU-Small,synth_recurring,96,1,10,retrain,15748.436811,42066.427359,62.856634,103.447813,69.065460,104.777856,7.771360,11.514114,7.771360,11.514114,8.866564,14.657115,55.263158,7.357134,4143.775934,10,0,0.000000,,,,,,,
gru_small,GRU-Small,synth_recurring,192,0,10,retrain,26249.572675,43369.658747,97.568642,119.166448,105.439259,123.012745,12.755832,14.526489,12.755832,14.526489,14.040737,17.189099,55.392670,5.554675,4253.727376,10,0,0.000000,,,,,,,
gru_small,GRU-Small,synth_recurring,96,2,10,retrain,15693.540188,41834.941275,62.839599,103.378115,68.688788,104.763498,7.732799,11.505305,7.732799,11.505305,8.826972,14.627907,57.578947,3.854702,4652.646644,10,0,0.000000,,,,,,,
gru_small,GRU-Small,synth_recurring,336,0,10,retrain,23790.264801,33486.617072,95.192017,93.604171,111.786006,106.273955,14.534720,14.724163,14.534720,14.724163,13.733788,12.723217,54.359460,4.700676,4084.281015,10,0,0.000000,,,,,,,
gru_small,GRU-Small,synth_recurring,192,2,10,retrain,29285.881976,44219.184293,106.887266,123.922146,114.495910,127.187140,14.327312,15.992763,14.327312,15.992763,15.266327,17.665131,53.350785,6.017299,4244.328833,10,0,0.000000,,,,,,,
gru_small,GRU-Small,synth_recurring,192,1,10,retrain,28824.078484,44304.562079,107.789906,121.090160,115.217684,124.695484,14.422283,15.209722,14.422283,15.209722,15.617720,17.413919,55.392670,5.603807,4734.524644,10,0,0.000000,,,,,,,
gru_small,GRU-Small,synth_recurring,336,1,10,retrain,23422.222779,32761.767700,95.277376,93.463218,111.317853,105.026465,14.539652,14.728228,14.539652,14.728228,13.748300,12.703611,54.447672,4.808787,4432.863629,10,0,0.000000,,,,,,,
gru_small,GRU-Small,synth_recurring,336,2,10,retrain,23509.678515,33290.984480,94.081317,95.225235,110.650758,106.141831,14.243191,15.034933,14.243191,15.034933,13.409419,12.904109,52.954062,5.068347,4368.837504,10,0,0.000000,,,,,,,
gru_small,GRU-Small,synth_recurring,720,0,10,retrain,41707.338321,40746.431784,149.259903,110.037386,168.345745,115.615953,21.911097,14.932182,21.911097,14.932182,21.156691,14.326908,52.601280,3.927292,4090.127941,10,0,0.000000,,,,,,,
gru_small,GRU-Small,synth_recurring,720,1,10,retrain,42860.110879,41027.126621,151.322800,108.924970,171.802912,115.515671,22.185522,14.898822,22.185522,14.898822,21.365382,14.134168,52.058899,5.004692,4104.345208,10,0,0.000000,,,,,,,
gru_small,GRU-Small,synth_recurring,720,2,10,retrain,42538.302768,40101.998620,150.972467,106.786713,172.123909,113.629498,22.174897,14.678174,22.174897,14.678174,21.269639,13.783449,51.001139,4.706709,4387.551024,10,0,0.000000,,,,,,,
gru_small,GRU-Small,synth_volatility,96,1,10,retrain,3155.310947,3182.619621,34.603407,29.743021,42.653593,36.551086,4.935803,4.254538,4.935803,4.254538,4.977145,4.299608,68.947368,15.593521,4368.115632,10,0,0.000000,,,,,,,
gru_small,GRU-Small,synth_volatility,96,0,10,retrain,3334.675047,3338.813201,35.640686,30.339143,44.005196,37.392751,5.083576,4.338939,5.083576,4.338939,5.122373,4.383593,69.684211,15.375629,4747.195195,10,0,0.000000,,,,,,,
gru_small,GRU-Small,synth_volatility,96,2,10,retrain,3353.414026,3349.311876,35.906140,30.282061,44.267312,37.333887,5.121167,4.330170,5.121167,4.330170,5.160488,4.374652,68.210526,15.913896,4667.809675,10,0,0.000000,,,,,,,
gru_small,GRU-Small,synth_volatility,192,1,10,retrain,3497.614052,2968.474565,40.882319,24.917380,50.027147,31.542014,5.843292,3.568263,5.843292,3.568263,5.888161,3.610666,62.303665,13.668833,6667.449414,10,0,0.000000,,,,,,,
gru_small,GRU-Small,synth_volatility,192,0,10,retrain,3981.042319,3203.486634,44.816350,24.858179,54.562295,31.685933,6.404554,3.559430,6.404554,3.559430,6.447324,3.598334,56.544503,14.351663,8130.979864,10,0,0.000000,,,,,,,
gru_small,GRU-Small,synth_shock_recovery,96,0,10,retrain,258995.405403,639948.526227,272.215681,422.805827,282.192247,423.512622,20.474466,26.055671,20.474466,26.055671,22.630649,34.369233,54.210526,9.287647,4124.988548,10,0,0.000000,,,,,,,
gru_small,GRU-Small,synth_volatility,192,2,10,retrain,3892.961684,3131.578443,44.126299,24.536646,53.908511,31.413916,6.306632,3.515609,6.306632,3.515609,6.348412,3.554258,56.230366,14.260073,9206.782116,10,0,0.000000,,,,,,,
gru_small,GRU-Small,synth_shock_recovery,96,1,10,retrain,264608.146291,620289.855990,281.826273,423.268331,291.415426,423.892906,20.933426,25.636307,20.933426,25.636307,22.816894,33.530375,56.526316,6.838866,3874.394749,10,0,0.000000,,,,,,,
gru_small,GRU-Small,synth_volatility,336,2,10,retrain,4082.356544,3092.482627,46.897575,21.918112,57.050326,28.768331,6.703225,3.143091,6.703225,3.143091,6.748209,3.181992,54.447761,10.793594,10168.221896,10,0,0.000000,,,,,,,
gru_small,GRU-Small,synth_volatility,336,1,10,retrain,4074.185789,3086.769753,46.837750,21.878348,56.989913,28.746054,6.694699,3.137476,6.694699,3.137476,6.739805,3.176245,54.507463,10.389775,10950.073978,10,0,0.000000,,,,,,,
gru_small,GRU-Small,synth_shock_recovery,96,2,10,retrain,250333.496281,639568.790095,261.774974,419.482878,271.301733,420.391325,19.230369,24.458536,19.230369,24.458536,21.832125,33.882202,52.210526,8.541247,4008.220663,10,0,0.000000,,,,,,,
gru_small,GRU-Small,synth_volatility,336,0,10,retrain,4346.527621,3386.214919,48.100068,22.908564,58.616451,30.176802,6.875401,3.285412,6.875401,3.285412,6.918263,3.323361,54.149254,10.731499,11664.555013,10,0,0.000000,,,,,,,
gru_small,GRU-Small,synth_shock_recovery,192,0,10,retrain,302379.466133,635979.808963,313.392282,444.014413,324.308095,444.076261,24.218219,30.785324,24.218219,30.785324,24.894043,35.471839,51.937173,7.528352,4247.497368,10,0,0.000000,,,,,,,
gru_small,GRU-Small,synth_shock_recovery,192,1,10,retrain,292314.223326,633904.087525,305.755294,437.816737,316.866114,438.075438,23.540211,29.779891,23.540211,29.779891,24.511603,35.131805,51.727749,7.880581,4053.552330,10,0,0.000000,,,,,,,
gru_small,GRU-Small,synth_shock_recovery,192,2,10,retrain,295659.705337,638557.703675,311.990632,436.791762,324.171168,436.546399,23.937739,28.596351,23.937739,28.596351,25.155537,34.735578,52.460733,6.521635,4421.629938,10,0,0.000000,,,,,,,
gru_small,GRU-Small,synth_volatility,720,0,10,retrain,4719.884041,2541.091125,50.675719,16.874956,65.754241,19.906378,7.250562,2.429644,7.250562,2.429644,7.303200,2.464204,51.762410,7.932385,13135.028461,10,0,0.000000,,,,,,,
gru_small,GRU-Small,synth_shock_recovery,336,0,10,retrain,320915.894001,620481.165917,347.057872,433.243082,365.590163,432.735169,24.803431,25.327190,24.803431,25.327190,26.556031,33.199569,50.790062,6.364530,4037.041667,10,0,0.000000,,,,,,,
gru_small,GRU-Small,synth_shock_recovery,336,2,10,retrain,334542.028372,626746.044213,355.631586,441.671127,374.235690,441.009838,25.481532,26.357298,25.481532,26.357298,26.961519,33.652508,52.642059,6.594191,3787.698085,10,0,0.000000,,,,,,,
gru_small,GRU-Small,synth_shock_recovery,336,1,10,retrain,305838.679660,636264.469480,322.211463,435.359202,340.978684,435.398917,22.737505,25.048649,22.737505,25.048649,25.526703,33.467116,53.746537,5.699893,4155.981740,10,0,0.000000,,,,,,,
gru_small,GRU-Small,synth_shock_recovery,720,0,10,retrain,457390.557157,589200.451356,491.504562,425.006962,517.777958,435.082227,38.631211,26.566522,38.631211,26.566522,39.563873,31.370161,51.988583,4.860640,4156.190998,10,0,0.000000,,,,,,,
gru_small,GRU-Small,synth_shock_recovery,720,1,10,retrain,478154.349804,645288.226325,495.287650,443.427022,522.773430,452.617157,38.856548,27.749653,38.856548,27.749653,40.401998,33.800613,51.139776,5.142320,4004.715621,10,0,0.000000,,,,,,,
gru_small,GRU-Small,synth_shock_recovery,720,2,10,retrain,472579.204549,693051.662821,466.155563,466.640352,496.342017,475.629905,35.875101,28.469743,35.875101,28.469743,38.991780,35.892093,53.004405,4.442789,3735.318558,10,0,0.000000,,,,,,,
gru_small,GRU-Small,synth_volatility,720,1,10,retrain,4718.272159,2544.885990,50.843885,16.663610,65.743773,19.900464,7.274293,2.399436,7.274293,2.399436,7.327217,2.433150,52.027944,8.223663,13962.622142,10,0,0.000000,,,,,,,
gru_small,GRU-Small,synth_volatility,720,2,10,retrain,4710.818059,2558.871774,50.746755,16.814508,65.631109,20.084211,7.260522,2.421017,7.260522,2.421017,7.313318,2.455018,53.182035,7.489206,14273.600736,10,0,0.000000,,,,,,,
gru_small,GRU-Small,synth_multi_regime,96,1,10,retrain,102971.605306,120006.871957,235.911754,207.247732,243.201474,209.343374,25.233625,20.720080,25.233625,20.720080,24.873870,19.437292,51.368421,8.405248,4481.243258,10,0,0.000000,,,,,,,
gru_small,GRU-Small,synth_multi_regime,96,0,10,retrain,102405.979818,116600.485311,238.481556,202.764176,245.780368,204.934113,25.657252,20.319829,25.657252,20.319829,25.205686,18.854856,54.842105,5.716284,4757.596758,10,0,0.000000,,,,,,,
gru_small,GRU-Small,synth_multi_regime,192,0,10,retrain,133022.143566,177314.735890,264.482441,232.770858,276.784980,237.512565,27.998206,20.861764,27.998206,20.861764,28.240824,21.782404,50.261780,5.481153,4521.086554,10,0,0.000000,,,,,,,
gru_small,GRU-Small,synth_multi_regime,192,1,10,retrain,138926.509761,180942.183324,274.590675,234.134868,285.927334,239.106816,29.258899,20.649827,29.258899,20.649827,29.493337,21.801699,48.795812,6.712197,4568.995216,10,0,0.000000,,,,,,,
gru_small,GRU-Small,synth_multi_regime,96,2,10,retrain,107745.997165,124037.701870,246.247704,207.193581,253.244887,208.837316,26.993519,21.135369,26.993519,21.135369,26.228670,19.447025,54.842105,4.526316,4845.025869,10,0,0.000000,,,,,,,
gru_small,GRU-Small,synth_multi_regime,192,2,10,retrain,136153.106241,176379.262367,270.159066,233.991769,281.193185,238.921533,28.743402,21.124335,28.743402,21.124335,28.865491,21.642149,50.104712,4.558583,4072.416945,10,0,0.000000,,,,,,,
gru_small,GRU-Small,synth_multi_regime,336,0,10,retrain,89653.598826,112574.778314,190.641456,163.475352,227.029237,195.221219,19.338232,13.514383,19.338232,13.514383,19.840889,14.175337,50.731075,3.603862,4015.467231,10,0,0.000000,,,,,,,
itransformer,iTransformer,ETTh1,96,0,10,retrain,38.717135,33.614600,5.121977,2.506062,5.657867,2.589532,41.331417,29.835814,41.331417,29.835814,36.202878,18.725309,53.284847,6.214578,775.148772,10,0,0.000000,,,,,,,
itransformer,iTransformer,ETTh1,96,2,10,retrain,39.824924,24.454720,5.352067,2.009986,5.918320,2.190529,41.329759,20.793428,41.329759,20.793428,37.113804,14.800675,55.116057,4.061644,856.246115,10,0,0.000000,,,,,,,
gru_small,GRU-Small,synth_multi_regime,336,1,10,retrain,91143.402256,109209.075939,201.985775,154.246716,239.661112,183.591813,21.144937,12.309395,21.144937,12.309395,21.450321,12.955337,49.953883,4.120118,4221.418539,10,0,0.000000,,,,,,,
itransformer,iTransformer,ETTh1,192,0,10,retrain,40.325150,36.911160,5.030289,2.245823,5.847303,2.476732,38.735961,18.900448,38.735961,18.900448,35.811678,14.060274,53.135740,5.717813,803.460239,10,0,0.000000,,,,,,,
itransformer,iTransformer,ETTh1,96,1,10,retrain,31.163459,25.290031,4.549233,2.092192,5.139160,2.180021,37.407083,24.649150,37.407083,24.649150,33.258710,17.394930,49.638534,4.332333,1020.492440,10,0,0.000000,,,,,,,
itransformer,iTransformer,ETTh1,192,1,10,retrain,42.524592,27.812586,5.409494,1.757241,6.170179,2.110327,41.334045,17.213490,41.334045,17.213490,38.433024,12.255268,51.189780,2.284466,940.335419,10,0,0.000000,,,,,,,
itransformer,iTransformer,ETTh1,192,2,10,retrain,39.263133,26.390552,5.141172,1.747709,5.913408,2.072375,40.214858,17.713843,40.214858,17.713843,36.624609,13.063456,51.298524,4.517118,852.411026,10,0,0.000000,,,,,,,
itransformer,iTransformer,ETTh1,336,1,10,retrain,34.735011,16.081077,4.823578,1.442616,5.746731,1.307708,37.435131,14.195966,37.435131,14.195966,37.173621,12.053610,52.864707,5.558680,757.775202,10,0,0.000000,,,,,,,
gru_small,GRU-Small,synth_multi_regime,336,2,10,retrain,89395.412289,110405.448552,195.541908,154.192644,234.182387,185.887121,20.221316,12.710461,20.221316,12.710461,20.724079,13.319861,50.849853,4.078463,4340.768633,10,0,0.000000,,,,,,,
itransformer,iTransformer,ETTh1,336,0,10,retrain,35.847567,23.213041,4.881331,1.701115,5.777757,1.570062,38.080942,15.985923,38.080942,15.985923,38.497905,15.339256,52.688034,5.038380,980.734486,10,0,0.000000,,,,,,,
itransformer,iTransformer,ETTh1,720,0,10,retrain,38.277109,19.775167,5.109653,1.651596,5.973802,1.609596,36.798801,11.244554,36.798801,11.244554,38.319458,12.105583,56.461072,5.145278,914.466099,10,0,0.000000,,,,,,,
itransformer,iTransformer,ETTh1,336,2,10,retrain,34.342402,14.141174,4.879213,1.279569,5.750589,1.128328,38.637154,17.126581,38.637154,17.126581,37.403310,12.883841,51.697877,5.326166,944.909688,10,0,0.000000,,,,,,,
itransformer,iTransformer,ETTh1,720,2,10,retrain,36.712423,18.035889,5.018589,1.512009,5.864837,1.521876,36.086757,9.613832,36.086757,9.613832,37.487473,10.856520,56.617882,6.028455,765.570185,10,0,0.000000,,,,,,,
itransformer,iTransformer,ETTh1,720,1,10,retrain,38.082717,20.822127,5.087884,1.726598,5.942243,1.665071,36.817740,12.712439,36.817740,12.712439,38.322622,12.821006,55.844732,4.655244,974.223155,10,0,0.000000,,,,,,,
gru_small,GRU-Small,synth_multi_regime,720,0,10,retrain,209965.753869,235175.779077,350.165886,243.949790,387.125663,245.151942,37.691940,21.239459,37.691940,21.239459,37.427302,20.532123,52.275367,2.971615,4348.234924,10,0,0.000000,,,,,,,
itransformer,iTransformer,ETTh2,96,0,10,retrain,221.559149,202.563570,13.039189,6.260857,13.568280,6.120533,72.795168,60.370330,72.795168,60.370330,52.147056,27.718376,67.047380,6.674789,790.350955,10,0,0.000000,,,,,,,
itransformer,iTransformer,ETTh2,96,1,10,retrain,214.774655,192.620914,12.679442,6.305433,13.314490,6.123643,71.287285,60.345778,71.287285,60.345778,51.975111,27.685037,72.701973,6.032063,724.945749,10,0,0.000000,,,,,,,
itransformer,iTransformer,ETTh2,96,2,10,retrain,236.396654,181.773242,13.557431,6.288058,14.107736,6.112972,77.917206,70.718696,77.917206,70.718696,54.554799,28.657066,66.059475,9.019702,1035.932303,10,0,0.000000,,,,,,,
itransformer,iTransformer,ETTh2,192,0,10,retrain,191.491956,134.483421,12.093831,4.790563,13.041873,4.626176,64.259722,46.497595,64.259722,46.497595,49.060871,24.657543,66.588511,6.827349,1005.225955,10,0,0.000000,,,,,,,
itransformer,iTransformer,ETTh2,192,1,10,retrain,209.187824,213.910351,12.000409,6.731348,12.968134,6.404320,66.745026,59.211510,66.745026,59.211510,47.723356,28.828416,62.796962,4.893000,1022.527709,10,0,0.000000,,,,,,,
gru_small,GRU-Small,synth_multi_regime,720,1,10,retrain,199754.310585,214101.541652,343.409940,233.637814,379.871932,235.481688,37.160660,21.101619,37.160660,21.101619,36.569056,19.232985,51.022001,4.136228,3794.494305,10,0,0.000000,,,,,,,
itransformer,iTransformer,ETTh2,336,1,10,retrain,136.490515,84.451813,9.857594,4.120364,10.981349,3.987540,47.099233,27.540565,47.099233,27.540565,41.774343,19.414709,70.529473,10.459729,896.418143,10,0,0.000000,,,,,,,
itransformer,iTransformer,ETTh2,192,2,10,retrain,172.025516,143.047317,11.013027,5.560551,11.940539,5.426698,58.056707,46.629772,58.056707,46.629772,45.402605,26.338463,68.343438,8.165888,988.088352,10,0,0.000000,,,,,,,
itransformer,iTransformer,ETTh2,336,0,10,retrain,155.788773,103.414557,10.704214,4.216043,11.780361,4.124545,50.497083,25.427703,50.497083,25.427703,46.824693,22.797554,67.970374,8.745708,997.728591,10,0,0.000000,,,,,,,
gru_small,GRU-Small,synth_multi_regime,720,2,10,retrain,217689.052583,243701.071200,355.064933,248.947515,394.309896,249.416837,38.297276,21.880693,38.297276,21.880693,37.852113,20.962856,50.576435,3.508252,3946.263395,10,0,0.000000,,,,,,,
itransformer,iTransformer,ETTh2,336,2,10,retrain,151.041123,106.262314,10.411885,4.355516,11.511423,4.304446,47.126326,21.210079,47.126326,21.210079,44.837660,20.852443,70.034303,7.944373,1006.715183,10,0,0.000000,,,,,,,
itransformer,iTransformer,ETTh2,720,0,10,retrain,120.787473,91.174830,9.240022,3.892984,10.367518,3.647197,40.988175,17.490865,40.988175,17.490865,41.419985,17.714416,75.173305,6.626297,1004.347114,10,0,0.000000,,,,,,,
itransformer,iTransformer,ETTm1,96,1,10,retrain,39.150588,38.853043,4.989937,3.279640,5.307419,3.313894,20.930021,19.043249,20.930021,19.043249,18.263043,14.530153,51.311777,8.737543,646.836672,10,0,0.000000,,,,,,,
itransformer,iTransformer,ETTh2,720,1,10,retrain,128.297979,97.383199,9.574045,4.086568,10.658482,3.833371,42.094938,17.566389,42.094938,17.566389,42.276390,17.830071,74.415437,6.356964,998.563317,10,0,0.000000,,,,,,,
itransformer,iTransformer,ETTm1,192,2,10,retrain,31.165495,29.152981,4.553650,2.521910,4.962982,2.556228,17.753304,14.217143,17.753304,14.217143,16.234928,11.296164,52.422982,4.897986,640.033232,10,0,0.000000,,,,,,,
itransformer,iTransformer,ETTh2,720,2,10,retrain,110.097667,87.630049,8.722992,3.903508,9.792865,3.767952,38.086519,16.254852,38.086519,16.254852,38.082128,15.451992,71.506388,8.549472,1000.296798,10,0,0.000000,,,,,,,
itransformer,iTransformer,ETTm1,96,0,10,retrain,47.339980,41.938971,5.913254,2.986163,6.201857,2.979421,24.278235,19.418885,24.278235,19.418885,21.054998,14.057404,51.231464,6.834937,1030.079612,10,0,0.000000,,,,,,,
itransformer,iTransformer,ETTm1,96,2,10,retrain,47.843921,50.495308,5.526155,3.691460,5.874935,3.650898,23.039129,21.234265,23.039129,21.234265,19.703539,15.615905,52.539965,7.051554,1030.748127,10,0,0.000000,,,,,,,
itransformer,iTransformer,ETTm1,192,0,10,retrain,35.602880,26.321510,5.066072,2.242394,5.490435,2.336237,19.112997,12.033582,19.112997,12.033582,17.890029,9.752662,53.374890,5.754254,1021.098224,10,0,0.000000,,,,,,,
itransformer,iTransformer,ETTm1,192,1,10,retrain,36.900431,33.679513,4.890871,2.920551,5.316936,2.937793,18.390164,14.179504,18.390164,14.179504,17.131791,11.578018,54.122015,5.540534,1032.434578,10,0,0.000000,,,,,,,
itransformer,iTransformer,ETTm1,336,2,10,retrain,32.936393,24.135013,4.621999,1.985183,5.327292,2.134561,16.509888,8.830951,16.509888,8.830951,15.906494,7.574634,47.071642,3.149684,641.739333,10,0,0.000000,,,,,,,
itransformer,iTransformer,ETTm1,336,0,10,retrain,26.068770,16.377469,4.113989,1.639568,4.816810,1.693255,14.806146,7.491843,14.806146,7.491843,14.291913,6.612327,48.289691,6.152892,1011.024545,10,0,0.000000,,,,,,,
itransformer,iTransformer,ETTm1,336,1,10,retrain,32.063908,16.282265,4.748226,1.540396,5.409790,1.672746,17.243326,8.109882,17.243326,8.109882,16.414605,6.938047,49.032038,2.475694,985.848320,10,0,0.000000,,,,,,,
itransformer,iTransformer,ETTm1,720,1,10,retrain,31.726255,28.871214,4.467963,2.138645,5.206139,2.149970,15.645324,9.128417,15.645324,9.128417,14.842824,7.386180,47.785720,5.024669,644.327161,10,0,0.000000,,,,,,,
itransformer,iTransformer,ETTm1,720,0,10,retrain,50.851611,43.955153,5.803193,2.891059,6.544132,2.833010,21.093224,13.622498,21.093224,13.622498,19.088559,10.462726,47.220824,4.591964,1016.569138,10,0,0.000000,,,,,,,
itransformer,iTransformer,ETTm1,720,2,10,retrain,35.409627,27.671969,4.833267,2.070913,5.569750,2.094640,17.322393,9.859053,17.322393,9.859053,16.143549,7.942162,46.921157,4.590895,1016.239664,10,0,0.000000,,,,,,,
itransformer,iTransformer,ETTm2,96,0,10,retrain,33.601161,54.075635,4.066810,3.411070,4.655858,3.453135,12.129542,13.925060,12.129542,13.925060,10.898509,10.830306,65.010077,13.430473,1030.458268,10,0,0.000000,,,,,,,
itransformer,iTransformer,ETTm2,336,0,10,retrain,78.583594,43.499226,7.441689,2.467460,8.492456,2.542004,18.982755,6.901943,18.982755,6.901943,18.797469,6.692434,43.154553,6.554806,640.044003,10,0,0.000000,,,,,,,
itransformer,iTransformer,ETTm2,336,1,10,retrain,77.124118,37.997615,7.450385,2.216992,8.477000,2.294471,18.869593,6.167599,18.869593,6.167599,18.607534,5.995404,39.753769,9.888762,634.569575,10,0,0.000000,,,,,,,
itransformer,iTransformer,ETTm2,192,1,10,retrain,36.067172,39.344272,4.700446,2.803838,5.287268,2.848151,12.768097,9.544432,12.768097,9.544432,12.215089,8.250390,63.353867,7.805430,913.356962,10,0,0.000000,,,,,,,
itransformer,iTransformer,ETTm2,96,1,10,retrain,32.462397,36.477614,4.151531,2.795282,4.831410,3.019913,11.702197,10.628055,11.702197,10.628055,10.859313,8.729874,67.884703,15.819599,1050.642779,10,0,0.000000,,,,,,,
itransformer,iTransformer,ETTm2,96,2,10,retrain,39.531828,49.784289,4.457839,3.373871,5.156391,3.597703,13.012880,13.250459,13.012880,13.250459,11.835376,10.525742,58.619565,11.886908,1047.351246,10,0,0.000000,,,,,,,
itransformer,iTransformer,ETTm2,192,0,10,retrain,42.727749,38.176292,5.127638,2.670525,5.880601,2.854170,13.878289,8.891379,13.878289,8.891379,13.198261,7.884181,59.376997,6.941230,1033.631842,10,0,0.000000,,,,,,,
itransformer,iTransformer,ETTm2,192,2,10,retrain,38.764592,32.131374,5.023327,2.317656,5.750053,2.387779,13.522627,8.146687,13.522627,8.146687,12.890930,7.024749,62.929466,8.999793,1037.672929,10,0,0.000000,,,,,,,
itransformer,iTransformer,ETTm2,720,2,10,retrain,74.233838,29.027681,6.998324,1.480737,8.466389,1.598155,17.652597,5.359910,17.652597,5.359910,17.157540,4.287331,40.106862,7.855625,662.601606,10,0,0.000000,,,,,,,
itransformer,iTransformer,ETTm2,336,2,10,retrain,79.324558,42.475857,7.558740,2.376574,8.559749,2.460743,19.225362,6.975298,19.225362,6.975298,18.867911,6.520886,39.867331,9.289419,1024.264093,10,0,0.000000,,,,,,,
itransformer,iTransformer,ETTm2,720,0,10,retrain,82.225824,24.548145,7.339858,1.230622,8.966913,1.349183,18.487334,4.850496,18.487334,4.850496,18.033973,3.772611,37.766141,7.721789,1031.642884,10,0,0.000000,,,,,,,
itransformer,iTransformer,ETTm2,720,1,10,retrain,76.979569,28.545812,7.139037,1.295326,8.630647,1.578447,18.026593,5.044265,18.026593,5.044265,17.555001,4.024567,39.161171,6.272649,1031.081922,10,0,0.000000,,,,,,,
itransformer,iTransformer,Weather,96,0,10,retrain,108.868793,171.631152,7.188227,5.599883,8.275520,6.354885,1.638950,1.196219,1.638950,1.196219,1.650302,1.222988,53.766254,5.984278,1259.795679,10,0,0.000000,,,,,,,
itransformer,iTransformer,Weather,192,0,10,retrain,125.225311,168.960734,7.630544,6.343852,8.894033,6.791281,1.767088,1.441547,1.767088,1.441547,1.760502,1.432547,49.527315,3.102867,1603.974894,10,0,0.000000,,,,,,,
itransformer,iTransformer,Weather,96,1,10,retrain,76.803285,94.538694,6.120078,4.399877,7.151777,5.065114,1.401938,0.967031,1.401938,0.967031,1.407581,0.977941,49.657155,3.542832,1829.141996,10,0,0.000000,,,,,,,
itransformer,iTransformer,Weather,336,0,10,retrain,107.373420,135.142432,7.618346,3.930524,9.061698,5.025838,1.772273,0.872018,1.772273,0.872018,1.769021,0.879222,51.092255,3.242633,1239.643990,10,0,0.000000,,,,,,,
itransformer,iTransformer,Weather,96,2,10,retrain,127.908529,201.023857,7.984459,6.167631,9.001450,6.847075,1.823471,1.320402,1.823471,1.320402,1.834306,1.352628,52.332248,4.167226,1855.520985,10,0,0.000000,,,,,,,
itransformer,iTransformer,Weather,192,1,10,retrain,107.515481,147.313097,7.197260,5.389999,8.482742,5.963101,1.662482,1.192305,1.662482,1.192305,1.661682,1.202502,48.801839,4.906710,1782.880112,10,0,0.000000,,,,,,,
itransformer,iTransformer,Weather,192,2,10,retrain,123.673133,152.687360,7.876533,5.936215,9.159282,6.307193,1.828980,1.360557,1.828980,1.360557,1.818758,1.342849,49.047061,3.656034,1706.520311,10,0,0.000000,,,,,,,
itransformer,iTransformer,Weather,336,1,10,retrain,101.986948,121.993301,7.582720,3.840348,8.944274,4.689020,1.764679,0.851333,1.764679,0.851333,1.761561,0.858062,49.965120,1.722346,1664.753817,10,0,0.000000,,,,,,,
itransformer,iTransformer,Weather,720,0,10,retrain,90.819178,95.391979,7.133556,3.666059,8.505858,4.297623,1.663564,0.832570,1.663564,0.832570,1.657122,0.830277,50.347677,1.280658,1610.188358,10,0,0.000000,,,,,,,
itransformer,iTransformer,Weather,336,2,10,retrain,114.921672,134.661750,7.942609,4.025831,9.386786,5.177830,1.850820,0.907870,1.850820,0.907870,1.844385,0.906919,48.716494,2.380854,1740.314046,10,0,0.000000,,,,,,,
itransformer,iTransformer,Exchange,96,2,10,retrain,0.005361,0.005446,0.062696,0.034919,0.064703,0.034271,9.304318,5.105654,9.304318,5.105654,9.544653,5.438221,50.138920,5.371991,768.712481,10,0,0.000000,,,,,,,
itransformer,iTransformer,Exchange,192,0,9,retrain,0.006584,0.005166,0.067457,0.031563,0.073574,0.034225,9.820247,3.673160,9.820247,3.673160,10.260946,4.044316,50.171715,2.944945,791.756367,9,0,0.000000,,,,,,,
itransformer,iTransformer,Weather,720,1,10,retrain,104.389919,109.417520,7.538910,4.000775,9.083825,4.676969,1.757078,0.906833,1.757078,0.906833,1.751988,0.907252,50.402763,2.117804,1593.389920,10,0,0.000000,,,,,,,
itransformer,iTransformer,Exchange,96,1,10,retrain,0.006004,0.008390,0.059089,0.048084,0.061264,0.047447,8.667092,6.010976,8.667092,6.010976,9.008154,6.571739,51.963744,4.507131,979.390977,10,0,0.000000,,,,,,,
itransformer,iTransformer,Exchange,96,0,10,retrain,0.005590,0.006590,0.062929,0.037874,0.064903,0.037110,9.571273,5.799680,9.571273,5.799680,9.812578,6.200558,52.153573,8.807405,1053.299950,10,0,0.000000,,,,,,,
itransformer,iTransformer,Exchange,192,1,9,retrain,0.009888,0.008962,0.083657,0.044580,0.088585,0.045175,12.734660,6.977454,12.734660,6.977454,13.249884,7.377566,48.129130,3.392491,877.271379,9,0,0.000000,,,,,,,
itransformer,iTransformer,Exchange,336,2,9,retrain,0.015748,0.014555,0.106915,0.054488,0.114612,0.051107,16.156245,7.598683,16.156245,7.598683,17.019190,9.263241,50.777556,2.709288,545.730800,9,0,0.000000,,,,,,,
itransformer,iTransformer,Exchange,192,2,9,retrain,0.006858,0.005067,0.073237,0.031335,0.076992,0.030495,11.282415,5.028265,11.282415,5.028265,11.466864,5.041180,48.706229,2.955507,837.940450,9,0,0.000000,,,,,,,
itransformer,iTransformer,Exchange,720,1,8,retrain,0.021207,0.012273,0.129239,0.040574,0.139710,0.041091,20.045335,6.950725,20.045335,6.950725,21.096135,7.799210,50.033502,1.600443,438.471138,8,0,0.000000,,,,,,,
itransformer,iTransformer,Exchange,336,0,9,retrain,0.017732,0.013000,0.118151,0.046824,0.125837,0.043557,18.532459,8.346977,18.532459,8.346977,18.879915,9.059964,50.051050,2.754757,853.712021,9,0,0.000000,,,,,,,
itransformer,iTransformer,Exchange,336,1,9,retrain,0.017765,0.016380,0.111185,0.055735,0.121817,0.054092,16.848527,7.949496,16.848527,7.949496,17.909130,10.025688,51.080125,3.847396,855.542185,9,0,0.000000,,,,,,,
itransformer,iTransformer,Exchange,720,0,8,retrain,0.020400,0.012086,0.127828,0.041373,0.137143,0.039898,20.029255,7.565513,20.029255,7.565513,20.980473,8.318256,50.161784,1.293267,708.041392,8,0,0.000000,,,,,,,
itransformer,iTransformer,Weather,720,2,10,retrain,109.938546,116.747885,7.820647,4.339952,9.248811,4.939437,1.823384,0.988827,1.823384,0.988827,1.817252,0.987302,50.629284,2.151264,1800.779979,10,0,0.000000,,,,,,,
itransformer,iTransformer,Exchange,720,2,8,retrain,0.023088,0.013607,0.134100,0.045807,0.144570,0.046775,20.741369,7.552569,20.741369,7.552569,21.880903,8.309465,50.414830,2.237139,704.842279,8,0,0.000000,,,,,,,
itransformer,iTransformer,synth_stable,96,0,10,retrain,198.949822,36.303934,11.334063,1.187007,14.047773,1.268818,2.161584,0.213970,2.161584,0.213970,2.165555,0.215903,59.263158,3.647942,725.222795,10,0,0.000000,,,,,,,
itransformer,iTransformer,synth_stable,96,1,10,retrain,200.834499,44.281536,11.430441,1.438452,14.088298,1.534395,2.180012,0.263637,2.180012,0.263637,2.184108,0.265534,58.210526,3.016116,762.282180,10,0,0.000000,,,,,,,
itransformer,iTransformer,synth_stable,96,2,10,retrain,201.637645,43.389418,11.421490,1.404198,14.118761,1.515994,2.178177,0.256936,2.178177,0.256936,2.182635,0.258203,58.736842,4.178828,505.493541,10,0,0.000000,,,,,,,
itransformer,iTransformer,synth_stable,192,0,10,retrain,203.211207,30.640777,11.562429,0.999790,14.214585,1.075535,2.206670,0.178047,2.206670,0.178047,2.210006,0.178609,61.204188,2.674260,531.614287,10,0,0.000000,,,,,,,
itransformer,iTransformer,synth_stable,192,1,10,retrain,198.132984,33.261998,11.418907,1.115505,14.027351,1.168934,2.179074,0.199816,2.179074,0.199816,2.181850,0.200082,61.256545,2.282146,639.819632,10,0,0.000000,,,,,,,
itransformer,iTransformer,synth_stable,336,0,10,retrain,199.365093,37.710200,11.400269,1.238032,14.055953,1.339885,2.175301,0.207812,2.175301,0.207812,2.177490,0.208191,61.492537,1.314789,709.233174,10,0,0.000000,,,,,,,
itransformer,iTransformer,synth_stable,192,2,10,retrain,198.038775,29.116302,11.420902,0.965226,14.033954,1.042543,2.179320,0.166382,2.179320,0.166382,2.182736,0.166106,61.570681,2.173878,760.204151,10,0,0.000000,,,,,,,
itransformer,iTransformer,synth_stable,336,2,10,retrain,196.565447,34.455886,11.297746,1.108113,13.965794,1.233711,2.156236,0.185689,2.156236,0.185689,2.157642,0.185448,61.283582,1.545623,655.260550,10,0,0.000000,,,,,,,
itransformer,iTransformer,synth_stable,336,1,10,retrain,194.030264,30.374579,11.252430,0.998495,13.885215,1.109531,2.147774,0.165200,2.147774,0.165200,2.149319,0.165313,61.552239,1.461163,735.427046,10,0,0.000000,,,,,,,
itransformer,iTransformer,synth_trend_break,96,0,10,retrain,10101.618714,28938.117793,45.754016,87.849426,49.538154,87.450500,6.011579,10.965018,6.011579,10.965018,6.934802,13.744634,57.789474,4.879717,441.143080,10,0,0.000000,,,,,,,
itransformer,iTransformer,synth_trend_break,96,1,10,retrain,9733.722555,27839.087358,45.030089,86.125878,48.820391,85.733844,5.921095,10.748543,5.921095,10.748543,6.806542,13.408222,58.526316,5.203877,475.354434,10,0,0.000000,,,,,,,
itransformer,iTransformer,synth_stable,720,1,10,retrain,194.447893,20.270398,11.243071,0.686846,13.925260,0.731448,2.146975,0.097740,2.146975,0.097740,2.148995,0.096801,61.057024,1.173576,773.103292,10,0,0.000000,,,,,,,
itransformer,iTransformer,synth_stable,720,0,10,retrain,189.252056,21.749524,11.101793,0.715490,13.732857,0.812837,2.119838,0.104111,2.119838,0.104111,2.121880,0.104011,60.862309,1.175552,824.583219,10,0,0.000000,,,,,,,
itransformer,iTransformer,synth_trend_break,96,2,10,retrain,9692.451649,27714.025054,44.977366,85.940129,48.854325,85.473426,5.908271,10.726291,5.908271,10.726291,6.789905,13.376195,58.421053,3.530634,522.236626,10,0,0.000000,,,,,,,
itransformer,iTransformer,synth_stable,720,2,10,retrain,191.633096,25.278382,11.172373,0.820278,13.812123,0.926476,2.133403,0.129964,2.133403,0.129964,2.136098,0.130686,60.653686,1.144283,773.105779,10,0,0.000000,,,,,,,
itransformer,iTransformer,synth_trend_break,192,2,10,retrain,9505.947889,27178.148859,44.671486,85.032254,48.530243,84.562187,5.873334,10.592168,5.873334,10.592168,6.733749,13.174151,58.743455,3.455497,487.115602,10,0,0.000000,,,,,,,
itransformer,iTransformer,synth_trend_break,192,0,10,retrain,9540.462778,27220.024527,45.074307,85.043233,48.897611,84.554636,5.932569,10.590822,5.932569,10.590822,6.795707,13.180138,58.010471,5.404602,678.699776,10,0,0.000000,,,,,,,
itransformer,iTransformer,synth_trend_break,192,1,10,retrain,9685.369465,27560.173390,45.511059,85.612134,49.409821,85.111921,5.994005,10.661171,5.994005,10.661171,6.870109,13.286445,59.057592,4.167487,681.021939,10,0,0.000000,,,,,,,
itransformer,iTransformer,synth_trend_break,336,0,10,retrain,8864.156771,25333.329924,43.239191,82.069783,46.917852,81.626417,5.700684,10.224659,5.700684,10.224659,6.498769,12.611397,58.507463,3.721180,667.084984,10,0,0.000000,,,,,,,
itransformer,iTransformer,synth_trend_break,336,1,10,retrain,8938.337603,25511.351447,43.605730,82.251713,47.391725,81.806858,5.747491,10.246310,5.747491,10.246310,6.550573,12.650736,57.970149,4.755178,671.666856,10,0,0.000000,,,,,,,
itransformer,iTransformer,synth_trend_break,720,2,10,retrain,9552.160251,23232.159302,49.336888,77.755172,58.060518,78.620204,6.688292,9.763595,6.688292,9.763595,7.365863,11.930294,58.715021,3.462175,416.453450,10,0,0.000000,,,,,,,
itransformer,iTransformer,synth_trend_break,336,2,10,retrain,9024.622632,25721.723658,43.926737,82.526396,47.820970,82.083966,5.785845,10.280629,5.785845,10.280629,6.595026,12.705656,58.447761,2.805970,612.145642,10,0,0.000000,,,,,,,
itransformer,iTransformer,synth_slow_drift,96,1,10,retrain,1204.369893,874.866686,27.825669,11.919168,32.388443,12.464294,4.161609,1.390560,4.161609,1.390560,4.195242,1.439736,56.421053,6.336807,425.387870,10,0,0.000000,,,,,,,
itransformer,iTransformer,synth_trend_break,720,0,10,retrain,9635.346789,23491.841149,49.675048,78.036187,58.527439,78.802828,6.731641,9.789843,6.731641,9.789843,7.417348,11.988011,58.937398,1.768022,693.086544,10,0,0.000000,,,,,,,
itransformer,iTransformer,synth_trend_break,720,1,10,retrain,9428.788336,22781.097644,49.480380,76.788101,58.342073,77.620815,6.711098,9.639079,6.711098,9.639079,7.373632,11.762460,58.617644,2.649768,696.574127,10,0,0.000000,,,,,,,
itransformer,iTransformer,synth_slow_drift,96,0,10,retrain,1245.593434,968.075423,28.311157,12.825119,32.712485,13.247141,4.228905,1.520970,4.228905,1.520970,4.267370,1.581200,59.684211,4.824912,713.773908,10,0,0.000000,,,,,,,
itransformer,iTransformer,synth_slow_drift,336,0,10,retrain,1139.554607,706.757864,27.829370,10.183508,32.075078,10.523497,4.206351,1.144028,4.206351,1.144028,4.243267,1.182045,60.179104,2.414776,413.411818,10,0,0.000000,,,,,,,
itransformer,iTransformer,synth_slow_drift,96,2,10,retrain,1249.117435,948.871157,28.157661,12.469016,32.837327,13.070096,4.206733,1.461977,4.206733,1.461977,4.243064,1.516289,57.684211,4.631579,677.751564,10,0,0.000000,,,,,,,
itransformer,iTransformer,synth_slow_drift,192,0,10,retrain,1156.409384,744.296215,27.604932,10.459057,32.139713,11.110726,4.153888,1.187996,4.153888,1.187996,4.184164,1.223375,61.204188,2.471847,703.551977,10,0,0.000000,,,,,,,
itransformer,iTransformer,synth_slow_drift,192,1,10,retrain,1220.369259,809.864318,28.762418,11.098079,33.024261,11.391553,4.328701,1.260104,4.328701,1.260104,4.370262,1.306657,60.418848,3.134373,704.518427,10,0,0.000000,,,,,,,
itransformer,iTransformer,synth_slow_drift,192,2,10,retrain,1247.017405,798.158916,28.953146,10.996364,33.355109,11.595434,4.355332,1.261830,4.355332,1.261830,4.396019,1.302285,61.047120,2.954290,710.229501,10,0,0.000000,,,,,,,
itransformer,iTransformer,synth_slow_drift,336,1,10,retrain,1187.747390,776.589837,28.462323,10.599377,32.730620,10.791382,4.306031,1.188615,4.306031,1.188615,4.348119,1.233482,60.597015,2.020170,694.139154,10,0,0.000000,,,,,,,
itransformer,iTransformer,synth_slow_drift,720,2,10,retrain,1305.529284,668.240323,31.179127,8.687559,35.048192,8.783707,4.762494,0.853930,4.762494,0.853930,4.831115,0.887326,61.307371,1.336636,445.110411,10,0,0.000000,,,,,,,
itransformer,iTransformer,synth_slow_drift,336,2,10,retrain,1227.071792,837.248754,28.816436,11.404020,33.026841,11.674741,4.344326,1.299778,4.344326,1.299778,4.389101,1.348446,60.805970,2.094025,611.537143,10,0,0.000000,,,,,,,
itransformer,iTransformer,synth_fast_switch,96,0,10,retrain,12796.726144,27642.050627,64.989445,84.395223,71.953797,87.289044,8.381207,10.449566,8.381207,10.449566,8.938565,12.469805,57.684211,5.546080,421.107212,10,0,0.000000,,,,,,,
itransformer,iTransformer,synth_slow_drift,720,0,10,retrain,1246.839932,578.534164,30.614317,7.788032,34.426772,7.850944,4.693001,0.763401,4.693001,0.763401,4.756897,0.792177,60.987483,1.375788,693.550882,10,0,0.000000,,,,,,,
itransformer,iTransformer,synth_slow_drift,720,1,10,retrain,1239.612212,531.052205,30.545189,7.051688,34.432462,7.349677,4.683696,0.614205,4.683696,0.614205,4.748530,0.628709,61.515994,1.006881,697.817687,10,0,0.000000,,,,,,,
itransformer,iTransformer,synth_fast_switch,336,0,10,retrain,26759.109086,41538.783205,103.480136,111.927138,117.296940,114.019898,14.928014,16.342225,14.928014,16.342225,14.526198,15.873667,53.430870,7.361869,418.585526,10,0,0.000000,,,,,,,
itransformer,iTransformer,synth_fast_switch,336,2,10,retrain,28121.427525,45553.087565,104.902518,116.359763,118.726915,118.428659,15.066207,16.743819,15.066207,16.743819,14.776639,16.619433,54.177585,6.164651,411.306166,10,0,0.000000,,,,,,,
itransformer,iTransformer,synth_fast_switch,96,1,10,retrain,11063.009299,27935.279817,54.561666,81.227749,61.609344,85.248449,7.089269,10.080073,7.089269,10.080073,7.773802,12.226695,56.315789,5.535081,704.438640,10,0,0.000000,,,,,,,
itransformer,iTransformer,synth_fast_switch,96,2,10,retrain,12478.747355,27406.570452,64.163797,84.331906,70.297461,86.815980,8.273842,10.441686,8.273842,10.441686,9.161376,12.634757,56.315789,4.736842,706.499533,10,0,0.000000,,,,,,,
itransformer,iTransformer,synth_fast_switch,192,0,10,retrain,9434.237656,14517.962743,57.592538,47.330936,73.128676,63.925225,8.091234,6.700279,8.091234,6.700279,7.950705,6.735987,55.261780,7.684439,702.346517,10,0,0.000000,,,,,,,
itransformer,iTransformer,synth_fast_switch,192,1,10,retrain,9810.604890,14598.940903,59.563312,50.854344,73.961265,65.881228,8.199133,6.932169,8.199133,6.932169,8.055698,6.905308,54.264536,6.994286,707.170910,10,0,0.000000,,,,,,,
itransformer,iTransformer,synth_fast_switch,192,2,10,retrain,9909.461503,14647.030625,59.972229,50.265723,74.794943,65.690015,8.284915,6.847835,8.284915,6.847835,8.168552,6.871259,54.945715,6.837300,706.996323,10,0,0.000000,,,,,,,
itransformer,iTransformer,synth_fast_switch,336,1,10,retrain,30148.431600,48564.207492,107.773943,121.984183,121.872216,123.675360,15.618943,18.002874,15.618943,18.002874,15.165608,17.412864,53.910537,5.735765,684.527899,10,0,0.000000,,,,,,,
itransformer,iTransformer,synth_fast_switch,720,2,10,retrain,35429.535586,41230.729305,130.823000,109.162235,150.437801,113.128261,19.581801,16.981223,19.581801,16.981223,18.676863,16.018664,51.210537,7.293588,433.616215,10,0,0.000000,,,,,,,
itransformer,iTransformer,synth_fast_switch,720,0,10,retrain,38887.327658,42271.186514,143.352179,108.420018,162.266915,112.057022,21.357626,17.337367,21.357626,17.337367,20.149549,15.954829,50.556386,7.342450,689.488330,10,0,0.000000,,,,,,,
itransformer,iTransformer,synth_fast_switch,720,1,10,retrain,37547.886052,41570.897143,142.130602,106.789768,159.064631,110.663135,21.057376,16.814996,21.057376,16.814996,19.979051,15.698762,52.476106,6.489575,692.613165,10,0,0.000000,,,,,,,
itransformer,iTransformer,synth_recurring,96,0,10,retrain,17128.855433,42589.485280,72.064613,103.843020,78.006688,105.089543,9.248841,11.708104,9.248841,11.708104,10.530237,14.881243,53.368421,5.899434,492.783250,10,0,0.000000,,,,,,,
itransformer,iTransformer,synth_recurring,336,0,10,retrain,25029.100640,34828.375629,96.115109,95.802260,113.604938,110.104581,14.599991,15.070655,14.599991,15.070655,13.794337,13.047146,55.015640,4.882742,442.288384,10,0,0.000000,,,,,,,
itransformer,iTransformer,synth_recurring,96,1,10,retrain,17094.027431,42661.940379,72.573708,103.363748,78.582086,104.493460,9.359454,11.652436,9.359454,11.652436,10.651634,14.837420,55.368421,5.920994,621.290247,10,0,0.000000,,,,,,,
itransformer,iTransformer,synth_recurring,336,1,10,retrain,24065.231519,33305.831205,95.542613,94.022579,112.079263,107.254232,14.537773,14.795189,14.537773,14.795189,13.782395,12.895405,54.476986,5.718520,442.313361,10,0,0.000000,,,,,,,
itransformer,iTransformer,synth_recurring,96,2,10,retrain,16875.316642,43132.099119,69.505526,104.891538,76.059869,105.310080,8.880232,11.772099,8.880232,11.772099,10.175209,15.056196,57.368421,5.474696,703.137321,10,0,0.000000,,,,,,,
itransformer,iTransformer,synth_recurring,192,0,10,retrain,24872.649608,46989.375258,87.667112,122.286204,94.701073,126.112475,11.124856,14.271743,11.124856,14.271743,12.935262,17.771986,57.486911,6.268745,700.694886,10,0,0.000000,,,,,,,
itransformer,iTransformer,synth_recurring,192,1,10,retrain,24665.714658,46763.923820,86.134948,122.798504,92.572218,126.870402,10.859412,14.388550,10.859412,14.388550,12.683804,17.850064,55.863874,5.287958,704.048293,10,0,0.000000,,,,,,,
itransformer,iTransformer,synth_recurring,192,2,10,retrain,24036.544042,44867.391471,87.729827,118.808499,94.657465,122.786434,11.190523,13.889441,11.190523,13.889441,12.966313,17.168325,57.853403,4.499268,704.873850,10,0,0.000000,,,,,,,
itransformer,iTransformer,synth_recurring,336,2,10,retrain,24316.090840,33228.113549,95.075957,93.103571,112.778606,107.689725,14.435906,14.604291,14.435906,14.604291,13.662644,12.787573,53.731880,4.984044,685.022229,10,0,0.000000,,,,,,,
itransformer,iTransformer,synth_recurring,720,0,10,retrain,42680.172068,41924.005154,147.719267,112.375258,168.509821,119.518252,21.678797,15.404860,21.678797,15.404860,20.903847,14.691536,53.867760,4.934940,691.518702,10,0,0.000000,,,,,,,
itransformer,iTransformer,synth_recurring,720,2,10,retrain,43470.714407,42702.514807,147.530991,113.873681,169.284934,121.710006,21.594706,15.615196,21.594706,15.615196,20.775837,14.834150,53.144126,5.077587,412.865403,10,0,0.000000,,,,,,,
itransformer,iTransformer,synth_recurring,720,1,10,retrain,42406.561311,42078.627346,146.988642,112.519434,167.411226,119.916816,21.474434,15.273918,21.474434,15.273918,20.806790,14.682609,53.882636,3.977584,680.062656,10,0,0.000000,,,,,,,
itransformer,iTransformer,synth_volatility,96,1,10,retrain,3121.302341,3145.665964,34.031237,29.458950,42.225357,36.583077,4.853890,4.212611,4.853890,4.212611,4.900904,4.261323,68.105263,14.946256,567.758477,10,0,0.000000,,,,,,,
itransformer,iTransformer,synth_volatility,96,0,10,retrain,3196.675712,3226.440458,34.205119,29.934206,42.561129,37.218624,4.879525,4.282635,4.879525,4.282635,4.922841,4.327555,63.684211,20.644733,867.197958,10,0,0.000000,,,,,,,
itransformer,iTransformer,synth_volatility,96,2,10,retrain,3308.943096,3337.997478,35.122056,30.535411,43.427488,37.722625,5.009783,4.367266,5.009783,4.367266,5.052335,4.408987,66.000000,16.150607,856.830812,10,0,0.000000,,,,,,,
itransformer,iTransformer,synth_volatility,336,2,10,retrain,3638.865232,3249.606307,40.505976,26.726423,49.987774,33.765184,5.792582,3.826020,5.792582,3.826020,5.837011,3.869165,63.552239,13.452357,592.130611,10,0,0.000000,,,,,,,
itransformer,iTransformer,synth_volatility,192,0,10,retrain,3333.309251,3299.741290,35.510221,30.249529,43.961169,37.426259,5.078237,4.328180,5.078237,4.328180,5.120283,4.371346,67.277487,17.621904,884.061073,10,0,0.000000,,,,,,,
itransformer,iTransformer,synth_volatility,192,1,10,retrain,3223.908037,3196.069495,34.664970,29.473375,43.239361,36.800349,4.957722,4.218380,4.957722,4.218380,5.000133,4.262751,68.115183,15.266876,860.214541,10,0,0.000000,,,,,,,
itransformer,iTransformer,synth_volatility,192,2,10,retrain,3277.912827,3251.298841,34.975894,29.782407,43.574758,37.136953,5.001894,4.261700,5.001894,4.261700,5.045047,4.306688,68.691099,16.000397,896.519169,10,0,0.000000,,,,,,,
itransformer,iTransformer,synth_volatility,336,0,10,retrain,3591.524551,3114.363430,40.702168,26.053232,50.082593,32.912891,5.820783,3.730964,5.820783,3.730964,5.865243,3.774060,62.179104,15.104035,884.162691,10,0,0.000000,,,,,,,
itransformer,iTransformer,synth_volatility,336,1,10,retrain,3560.538620,3349.746097,39.095320,27.643478,48.445485,34.836383,5.592047,3.959584,5.592047,3.959584,5.637746,4.001363,65.641791,14.261317,858.787745,10,0,0.000000,,,,,,,
itransformer,iTransformer,synth_volatility,720,1,10,retrain,5378.267287,3085.365187,52.904251,20.986418,70.291372,20.913880,7.567641,3.016346,7.567641,3.016346,7.617033,3.027946,51.448933,16.587690,599.426308,10,0,0.000000,,,,,,,
itransformer,iTransformer,synth_volatility,720,0,10,retrain,5272.286179,3075.315170,52.123794,20.766291,69.499207,21.027278,7.456101,2.985089,7.456101,2.985089,7.506533,2.998425,52.240693,14.438714,856.371917,10,0,0.000000,,,,,,,
itransformer,iTransformer,synth_shock_recovery,96,1,10,retrain,264106.313749,684809.846635,268.658169,427.204064,282.539346,429.275939,19.134554,20.954699,19.134554,20.954699,24.335758,34.210685,56.315789,7.311813,414.613616,10,0,0.000000,,,,,,,
itransformer,iTransformer,synth_shock_recovery,96,0,10,retrain,281715.125142,686196.850392,286.981067,440.010777,296.525678,440.213184,22.389365,25.244519,22.389365,25.244519,27.667145,36.983903,56.526316,5.918186,680.536256,10,0,0.000000,,,,,,,
itransformer,iTransformer,synth_shock_recovery,96,2,10,retrain,245571.408217,695879.708391,227.616451,433.006917,239.570642,433.794094,15.369598,21.025927,15.369598,21.025927,20.271895,34.811374,55.052632,7.062052,680.580965,10,0,0.000000,,,,,,,
itransformer,iTransformer,synth_shock_recovery,336,1,10,retrain,250178.983339,657839.989850,249.569113,418.549969,272.904127,419.168606,17.167247,21.038613,17.167247,21.038613,21.891362,33.512460,54.880508,5.486474,412.443892,10,0,0.000000,,,,,,,
itransformer,iTransformer,synth_shock_recovery,192,0,10,retrain,298453.214053,665067.110010,321.986880,431.017465,335.017872,431.527797,25.188834,26.806700,25.188834,26.806700,29.744712,35.603735,53.350785,5.971571,695.472300,10,0,0.000000,,,,,,,
itransformer,iTransformer,synth_volatility,720,2,10,retrain,5355.825777,3098.523274,52.854809,20.855573,70.094973,21.036174,7.560583,2.997573,7.560583,2.997573,7.611341,3.010273,51.838111,16.241244,888.265104,10,0,0.000000,,,,,,,
itransformer,iTransformer,synth_shock_recovery,192,1,10,retrain,305609.335662,668648.836842,327.512472,438.236902,337.320324,437.977551,25.126200,26.559224,25.126200,26.559224,28.891344,36.195040,53.298429,5.996079,701.463481,10,0,0.000000,,,,,,,
itransformer,iTransformer,synth_shock_recovery,720,0,10,retrain,503591.165233,649647.805391,511.056333,450.585795,541.517881,458.638801,40.249969,29.442783,40.249969,29.442783,41.400736,34.448998,53.950008,5.292052,414.757026,10,0,0.000000,,,,,,,
itransformer,iTransformer,synth_shock_recovery,336,0,10,retrain,313552.049959,649534.556857,334.079826,434.009824,354.481571,433.468414,24.291264,24.068811,24.291264,24.068811,26.929805,33.655706,55.746984,5.910212,688.450630,10,0,0.000000,,,,,,,
itransformer,iTransformer,synth_shock_recovery,192,2,10,retrain,301255.285064,670143.442275,324.297770,430.019099,340.032750,430.851499,25.620008,26.053696,25.620008,26.053696,27.505960,34.639115,54.607330,6.961776,697.145479,10,0,0.000000,,,,,,,
itransformer,iTransformer,synth_shock_recovery,336,2,10,retrain,290466.352196,649460.875388,309.781140,427.400027,328.764360,427.060122,22.050020,23.044399,22.050020,23.044399,26.133022,33.800780,56.403611,4.168023,654.534072,10,0,0.000000,,,,,,,
itransformer,iTransformer,synth_multi_regime,96,0,10,retrain,161306.076276,265010.376053,266.899592,293.368600,272.895184,294.676593,25.460294,21.556027,25.460294,21.556027,28.742159,27.347886,53.052632,7.295884,423.666746,10,0,0.000000,,,,,,,
itransformer,iTransformer,synth_multi_regime,192,1,10,retrain,210240.842983,279033.342556,328.321690,304.454520,339.214680,308.503232,33.227573,23.662991,33.227573,23.662991,35.519829,28.123491,51.099476,9.961963,418.993709,10,0,0.000000,,,,,,,
itransformer,iTransformer,synth_shock_recovery,720,1,10,retrain,493276.457632,679373.682147,490.744371,459.730734,522.483180,469.348255,38.468838,30.578490,38.468838,30.578490,41.468062,35.799651,51.961638,5.335485,692.073457,10,0,0.000000,,,,,,,
itransformer,iTransformer,synth_shock_recovery,720,2,10,retrain,491620.344811,683410.013062,487.009214,462.276802,519.770857,470.593881,38.759246,31.582587,38.759246,31.582587,41.005471,35.951324,52.516978,5.371728,694.965926,10,0,0.000000,,,,,,,
itransformer,iTransformer,synth_multi_regime,96,1,10,retrain,143093.050615,203643.902197,268.490155,255.972929,276.973902,257.640269,27.030561,19.452542,27.030561,19.452542,28.927559,22.859362,52.210526,8.720975,712.430125,10,0,0.000000,,,,,,,
itransformer,iTransformer,synth_multi_regime,96,2,10,retrain,128635.059008,211065.336909,236.213285,261.558441,243.015972,263.776982,22.329837,18.391258,22.329837,18.391258,25.553705,23.945987,50.631579,7.068325,709.897787,10,0,0.000000,,,,,,,
itransformer,iTransformer,synth_multi_regime,192,0,10,retrain,183037.803699,229978.787785,311.280484,278.150670,321.762307,281.969540,31.929586,22.504845,31.929586,22.504845,33.383427,25.139238,49.633508,7.866655,707.473229,10,0,0.000000,,,,,,,
itransformer,iTransformer,synth_multi_regime,192,2,10,retrain,192223.838583,248447.127899,315.859952,287.721175,326.950964,292.107695,32.045664,22.518266,32.045664,22.518266,34.031560,26.291102,47.277487,9.622832,597.663636,10,0,0.000000,,,,,,,
itransformer,iTransformer,synth_multi_regime,336,1,10,retrain,135354.071576,188832.398508,232.297401,223.823741,274.884111,244.525658,22.818236,15.821472,22.818236,15.821472,24.940767,19.569787,50.517651,5.101504,579.388956,10,0,0.000000,,,,,,,
itransformer,iTransformer,synth_multi_regime,336,0,10,retrain,141154.169900,199634.536525,240.515048,226.806392,283.569287,246.460199,23.723389,15.754424,23.723389,15.754424,25.925848,20.025050,51.028600,4.332062,663.860644,10,0,0.000000,,,,,,,
itransformer,iTransformer,synth_multi_regime,720,0,10,retrain,249365.420639,272282.695878,373.689964,267.636238,418.950067,271.746687,39.679281,22.972932,39.679281,22.972932,40.170180,22.893699,50.160041,4.296059,451.502995,10,0,0.000000,,,,,,,
itransformer,iTransformer,synth_multi_regime,336,2,10,retrain,135952.235219,191785.774705,230.999535,225.643953,274.199061,246.509859,22.660033,16.052806,22.660033,16.052806,24.939307,20.046311,52.549558,5.064568,624.487851,10,0,0.000000,,,,,,,
itransformer,iTransformer,synth_multi_regime,720,1,10,retrain,236775.943295,262374.499286,364.132419,262.404145,408.070935,265.054816,38.892152,23.015318,38.892152,23.015318,38.961331,22.266662,50.744050,3.625889,693.567069,10,0,0.000000,,,,,,,
itransformer,iTransformer,synth_multi_regime,720,2,10,retrain,238862.267358,261905.240884,365.596200,261.086108,411.373941,263.882073,39.087810,22.810837,39.087810,22.810837,39.039233,22.114171,50.925612,4.915298,683.506798,10,0,0.000000,,,,,,,
patchtst,PatchTST,ETTh1,96,0,10,retrain,110.610407,86.637468,8.916351,4.280546,9.598048,4.299754,66.050383,38.356781,66.050383,38.356781,74.559950,53.595567,51.394895,5.615217,5312.992988,10,0,0.000000,,,,,,,
patchtst,PatchTST,ETTh1,96,1,10,retrain,122.821812,108.846586,9.394508,4.669591,10.091070,4.581715,71.349803,43.874686,71.349803,43.874686,79.102497,52.408425,47.231092,3.268980,5411.599185,10,0,0.000000,,,,,,,
patchtst,PatchTST,ETTh1,96,2,10,retrain,110.864180,91.137896,9.023974,4.245354,9.682328,4.137234,69.446815,39.214744,69.446815,39.214744,76.228820,52.642004,48.834930,7.486183,5502.459806,10,0,0.000000,,,,,,,
patchtst,PatchTST,ETTh1,192,1,10,retrain,118.739312,123.540023,8.999949,4.800228,9.901176,4.550388,74.000019,57.774417,74.000019,57.774417,55.079670,24.437621,52.490232,4.374876,6978.329283,10,0,0.000000,,,,,,,
patchtst,PatchTST,ETTh1,192,0,10,retrain,96.122224,67.258548,8.417819,3.340902,9.301906,3.097865,67.587332,41.558728,67.587332,41.558728,54.141912,21.009270,52.507706,5.151274,7373.305626,10,0,0.000000,,,,,,,
patchtst,PatchTST,ETTh1,192,2,10,retrain,114.891343,120.542537,8.900531,4.738970,9.719892,4.518301,73.237516,56.830110,73.237516,56.830110,57.616739,30.494984,50.984393,4.265836,7365.139359,10,0,0.000000,,,,,,,
patchtst,PatchTST,ETTh1,336,1,10,retrain,115.401577,57.565808,9.426091,3.146350,10.401657,2.684606,78.656398,47.805398,78.656398,47.805398,69.539982,47.476516,49.730898,3.140363,7700.836147,10,0,0.000000,,,,,,,
patchtst,PatchTST,ETTh1,336,0,10,retrain,113.218354,64.610822,9.246637,3.347947,10.184989,3.079668,76.807981,47.352957,76.807981,47.352957,67.636930,47.714687,51.641372,2.184636,7783.990599,10,0,0.000000,,,,,,,
patchtst,PatchTST,ETTh1,336,2,10,retrain,116.179897,69.219175,9.344584,3.392580,10.339032,3.047016,77.755854,48.691387,77.755854,48.691387,68.016977,46.927703,50.358897,2.997939,7976.012346,10,0,0.000000,,,,,,,
patchtst,PatchTST,ETTh1,720,0,10,retrain,167.748459,77.140682,11.596800,3.089914,12.619674,2.914154,84.266713,22.425007,84.266713,22.425007,79.248518,38.675292,50.117310,1.830046,10685.036178,10,0,0.000000,,,,,,,
patchtst,PatchTST,ETTh2,96,0,10,retrain,236.386986,223.255034,12.896192,7.285508,13.667347,7.042061,75.263492,79.650377,75.263492,79.650377,47.078559,31.059567,56.604867,5.715246,6453.554329,10,0,0.000000,,,,,,,
patchtst,PatchTST,ETTh2,96,1,10,retrain,258.734649,261.018384,13.291609,8.005093,14.082337,7.773187,78.104242,87.436038,78.104242,87.436038,47.458696,32.432435,56.486225,6.433361,7169.555094,10,0,0.000000,,,,,,,
patchtst,PatchTST,ETTh2,96,2,10,retrain,243.906670,232.577121,13.188394,7.157837,13.988553,6.944571,76.855548,81.424313,76.855548,81.424313,47.983063,30.426919,55.400046,7.764560,7000.374054,10,0,0.000000,,,,,,,
patchtst,PatchTST,ETTh1,720,1,10,retrain,159.567546,73.470178,11.320220,3.020043,12.311493,2.827486,81.932107,20.172987,81.932107,20.172987,76.936073,36.005475,49.260848,1.593652,10509.936553,10,0,0.000000,,,,,,,
patchtst,PatchTST,ETTh2,192,0,10,retrain,204.253076,147.194007,11.822259,5.253341,13.221761,5.425689,55.878272,29.411060,55.878272,29.411060,47.263508,21.511189,53.282476,3.927289,8597.856767,10,0,0.000000,,,,,,,
patchtst,PatchTST,ETTh1,720,2,10,retrain,169.907051,65.010789,11.841832,2.613102,12.789921,2.514948,86.514000,20.220409,86.514000,20.220409,87.136426,44.840576,50.890773,1.524188,10709.188945,10,0,0.000000,,,,,,,
patchtst,PatchTST,ETTh2,192,2,10,retrain,203.560076,139.307191,12.004357,4.790469,13.402404,4.892406,56.802650,26.114276,56.802650,26.114276,48.533026,21.078200,51.676659,4.259053,8896.679512,10,0,0.000000,,,,,,,
patchtst,PatchTST,ETTh2,192,1,10,retrain,221.688438,140.011425,12.598543,5.065283,13.986921,5.104360,61.803010,34.802105,61.803010,34.802105,50.395818,23.885943,55.096855,3.035173,9551.254145,10,0,0.000000,,,,,,,
patchtst,PatchTST,ETTh2,336,0,10,retrain,230.885108,233.301743,12.587852,6.435739,13.918941,6.094931,62.330177,46.176538,62.330177,46.176538,45.797255,22.943456,50.878880,3.173303,10687.624221,10,0,0.000000,,,,,,,
patchtst,PatchTST,ETTh2,336,1,10,retrain,235.997652,279.466768,12.489325,7.184895,13.762611,6.825553,62.542975,50.381478,62.542975,50.381478,46.869117,23.758674,50.925971,2.559644,10580.268008,10,0,0.000000,,,,,,,
patchtst,PatchTST,ETTh2,336,2,10,retrain,234.595569,272.953280,12.476483,7.060139,13.774994,6.696649,62.430390,49.724952,62.430390,49.724952,46.828519,23.514419,51.002281,1.982626,10546.615664,10,0,0.000000,,,,,,,
patchtst,PatchTST,ETTm1,96,0,10,retrain,50.385070,87.287170,5.195908,4.335444,5.603058,4.357845,22.685920,28.553443,22.685920,28.553443,18.413859,18.260785,50.470508,7.967678,7539.866449,10,0,0.000000,,,,,,,
patchtst,PatchTST,ETTm1,96,1,10,retrain,51.801424,93.475629,5.236905,4.463977,5.631324,4.482143,22.925954,29.565348,22.925954,29.565348,18.501964,18.580055,51.404620,6.675640,7764.789254,10,0,0.000000,,,,,,,
patchtst,PatchTST,ETTm1,96,2,10,retrain,47.425331,85.656335,4.981820,4.276495,5.374581,4.305718,21.676808,28.236207,21.676808,28.236207,17.652827,18.066712,52.356583,7.946757,7588.618324,10,0,0.000000,,,,,,,
patchtst,PatchTST,ETTh2,720,0,10,retrain,226.280362,171.899774,12.633030,3.658925,14.356004,4.492829,57.440887,23.589467,57.440887,23.589467,50.534010,20.084885,50.071634,0.823770,10611.020701,10,0,0.000000,,,,,,,
patchtst,PatchTST,ETTh2,720,1,10,retrain,235.904546,183.643388,12.901304,3.596098,14.665357,4.564192,58.556280,23.437501,58.556280,23.437501,51.457304,19.566134,50.906849,1.171785,10587.782026,10,0,0.000000,,,,,,,
patchtst,PatchTST,ETTm1,192,0,10,retrain,47.509423,46.349358,5.690686,3.075756,6.177024,3.058398,22.625473,17.691472,22.625473,17.691472,19.726680,13.281500,48.304468,3.827090,8773.119697,10,0,0.000000,,,,,,,
patchtst,PatchTST,ETTh2,720,2,10,retrain,224.351892,181.276503,12.528211,3.741149,14.241001,4.641744,57.030733,23.522414,57.030733,23.522414,50.213149,20.088731,49.846862,1.542526,10551.602916,10,0,0.000000,,,,,,,
patchtst,PatchTST,ETTm1,192,1,10,retrain,45.314965,42.273553,5.579769,2.922764,6.066946,2.916699,22.071121,16.450656,22.071121,16.450656,19.402368,12.623029,52.110286,5.225737,8565.718295,10,0,0.000000,,,,,,,
patchtst,PatchTST,ETTm1,192,2,10,retrain,46.615729,48.367511,5.536995,3.216951,6.031868,3.198797,22.170223,18.248182,22.170223,18.248182,19.284812,13.681830,50.532190,3.177805,8607.261755,10,0,0.000000,,,,,,,
patchtst,PatchTST,ETTm2,96,0,10,retrain,52.249264,66.582996,5.572152,3.720320,6.222643,3.678041,16.096022,15.382755,16.096022,15.382755,14.544671,11.635973,55.586071,5.876263,5348.977646,10,0,0.000000,,,,,,,
patchtst,PatchTST,ETTm2,96,1,10,retrain,47.595285,63.335839,5.245271,3.704356,5.828166,3.691581,15.087259,14.889134,15.087259,14.889134,13.410643,11.228329,51.551411,3.548870,5440.073497,10,0,0.000000,,,,,,,
patchtst,PatchTST,ETTm1,336,0,10,retrain,49.567556,34.422884,5.945143,2.619841,6.535863,2.617260,22.723045,13.994297,22.723045,13.994297,20.159496,11.359306,48.989358,2.280398,9401.761204,10,0,0.000000,,,,,,,
patchtst,PatchTST,ETTm2,96,2,10,retrain,54.926502,79.978716,5.506947,4.156248,6.167360,4.109765,16.069923,17.043222,16.069923,17.043222,14.142735,12.478604,54.082176,12.298581,5092.626834,10,0,0.000000,,,,,,,
patchtst,PatchTST,ETTm1,336,2,10,retrain,48.645449,34.928968,5.866287,2.590631,6.477228,2.586691,22.382306,13.874677,22.382306,13.874677,19.905185,11.243559,46.952414,3.500689,9110.913001,10,0,0.000000,,,,,,,
patchtst,PatchTST,ETTm1,336,1,10,retrain,49.543512,36.327160,5.926805,2.661221,6.520486,2.650807,22.687048,14.334744,22.687048,14.334744,20.111189,11.548726,49.748182,3.065193,9954.005433,10,0,0.000000,,,,,,,
patchtst,PatchTST,ETTm1,720,0,10,retrain,46.992257,34.334775,5.707387,2.536005,6.413483,2.420638,20.942749,12.725369,20.942749,12.725369,18.823654,10.187787,49.418882,1.938182,10716.351253,10,0,0.000000,,,,,,,
patchtst,PatchTST,ETTm1,720,1,10,retrain,47.859213,36.094845,5.749494,2.632866,6.432466,2.546093,21.151411,13.122506,21.151411,13.122506,18.962236,10.486866,48.114091,1.617103,10707.458093,10,0,0.000000,,,,,,,
patchtst,PatchTST,ETTm2,192,0,10,retrain,45.939481,27.099547,5.600468,1.908575,6.484290,1.973185,15.004650,7.770120,15.004650,7.770120,14.366224,6.352461,51.122529,3.534683,5344.132450,10,0,0.000000,,,,,,,
patchtst,PatchTST,ETTm1,720,2,10,retrain,45.246747,34.844334,5.543818,2.590792,6.248335,2.490994,20.330939,12.736981,20.330939,12.736981,18.301455,10.223136,49.856767,2.427565,10830.768976,10,0,0.000000,,,,,,,
patchtst,PatchTST,ETTm2,192,1,10,retrain,48.394872,31.316486,5.695425,2.120243,6.615523,2.151679,15.367452,8.636043,15.367452,8.636043,14.575040,7.002027,52.648040,5.197450,5700.049869,10,0,0.000000,,,,,,,
patchtst,PatchTST,ETTm2,192,2,10,retrain,50.289511,31.314042,5.918054,1.960216,6.821111,1.939575,16.018189,8.576926,16.018189,8.576926,15.144647,6.793420,50.061952,3.658869,5589.999550,10,0,0.000000,,,,,,,
patchtst,PatchTST,ETTm2,336,0,10,retrain,55.297930,23.100482,6.162090,1.513698,7.252819,1.641509,16.141381,5.988236,16.141381,5.988236,15.554946,5.376602,49.596747,2.587043,6512.435915,10,0,0.000000,,,,,,,
patchtst,PatchTST,ETTm2,336,2,10,retrain,57.454560,23.182230,6.290531,1.529593,7.398089,1.650101,16.413070,5.843024,16.413070,5.843024,15.818388,5.300295,49.206247,1.831885,6266.451059,10,0,0.000000,,,,,,,
patchtst,PatchTST,ETTm2,336,1,10,retrain,58.891981,25.507110,6.393981,1.608118,7.473426,1.743528,16.723861,6.197192,16.723861,6.197192,16.064806,5.552554,49.846573,3.450825,6415.722608,10,0,0.000000,,,,,,,
patchtst,PatchTST,ETTm2,720,0,10,retrain,46.237940,18.279577,5.491094,1.247997,6.655435,1.393960,13.897854,4.474225,13.897854,4.474225,13.612532,4.098489,49.412343,1.772636,10624.426147,10,0,0.000000,,,,,,,
patchtst,PatchTST,ETTm2,720,1,10,retrain,44.389643,16.135787,5.388277,1.141842,6.538041,1.282056,13.641051,4.247426,13.641051,4.247426,13.370002,3.914768,50.507191,2.405426,10526.939418,10,0,0.000000,,,,,,,
patchtst,PatchTST,ETTm2,720,2,10,retrain,46.014293,19.067076,5.463296,1.293136,6.625546,1.454798,13.841510,4.631105,13.841510,4.631105,13.507947,4.215349,50.344785,1.788873,11062.781056,10,0,0.000000,,,,,,,
patchtst,PatchTST,Weather,96,0,10,retrain,173.418109,173.300788,10.671145,5.790473,11.669428,6.102669,2.462687,1.269561,2.462687,1.269561,2.460260,1.281997,51.826989,4.092637,16028.297698,10,0,0.000000,,,,,,,
patchtst,PatchTST,Weather,96,2,10,retrain,169.024286,173.076946,10.454624,5.911971,11.412098,6.228026,2.411566,1.297639,2.411566,1.297639,2.409864,1.310973,53.625186,4.772224,15135.668412,10,0,0.000000,,,,,,,
patchtst,PatchTST,Weather,96,1,10,retrain,169.705897,170.797392,10.442509,5.934881,11.413760,6.279489,2.409255,1.307210,2.409255,1.307210,2.407096,1.318821,50.666956,3.329928,17516.536043,10,0,0.000000,,,,,,,
patchtst,PatchTST,Weather,192,0,10,retrain,114.320386,120.456272,8.421356,3.845082,9.664123,4.574397,1.955775,0.832436,1.955775,0.832436,1.953737,0.842102,50.178541,3.940702,20505.055582,10,0,0.000000,,,,,,,
patchtst,PatchTST,Weather,192,1,10,retrain,115.663966,123.175033,8.419635,4.036735,9.624904,4.798458,1.955082,0.881722,1.955082,0.881722,1.953725,0.890730,52.328299,2.586627,20473.445492,10,0,0.000000,,,,,,,
patchtst,PatchTST,Weather,192,2,10,retrain,110.618568,116.553696,8.212497,3.887147,9.456392,4.603827,1.906901,0.846407,1.906901,0.846407,1.905016,0.854491,50.265230,3.065683,20902.131970,10,0,0.000000,,,,,,,
patchtst,PatchTST,Weather,336,0,10,retrain,128.991703,110.450052,8.779337,4.958031,10.172156,5.051628,2.055743,1.170127,2.055743,1.170127,2.036776,1.145773,49.860874,2.103890,23071.980759,10,0,0.000000,,,,,,,
patchtst,PatchTST,Exchange,96,0,10,retrain,0.006193,0.005901,0.068151,0.035691,0.070647,0.034669,10.108396,4.851278,10.108396,4.851278,10.431880,5.232682,47.760704,4.964957,10045.513265,10,0,0.000000,,,,,,,
patchtst,PatchTST,Weather,336,1,10,retrain,129.866486,115.206617,8.709005,5.213362,10.071025,5.333004,2.039157,1.230787,2.039157,1.230787,2.019636,1.205506,50.767508,2.516197,22280.648152,10,0,0.000000,,,,,,,
patchtst,PatchTST,Exchange,96,1,10,retrain,0.006223,0.005825,0.068008,0.037081,0.070082,0.036221,10.206301,5.228248,10.206301,5.228248,10.496080,5.527716,49.574752,4.713911,10291.609216,10,0,0.000000,,,,,,,
patchtst,PatchTST,Exchange,192,0,9,retrain,0.012378,0.008502,0.101670,0.038782,0.104483,0.038232,15.476956,5.523900,15.476956,5.523900,16.089650,5.894198,49.744585,3.314948,8084.415172,9,0,0.000000,,,,,,,
patchtst,PatchTST,Exchange,96,2,10,retrain,0.006791,0.005804,0.073051,0.034023,0.075363,0.033338,10.817230,4.556953,10.817230,4.556953,11.144522,4.893301,48.091012,5.251624,9567.726618,10,0,0.000000,,,,,,,
patchtst,PatchTST,Weather,336,2,10,retrain,131.930385,117.270417,8.758568,5.306989,10.131112,5.412111,2.050866,1.253449,2.050866,1.253449,2.031066,1.227368,48.704731,1.836610,23214.921172,10,0,0.000000,,,,,,,
patchtst,PatchTST,Exchange,192,1,9,retrain,0.011357,0.007065,0.097903,0.034103,0.101054,0.033840,14.994799,5.229390,14.994799,5.229390,15.516673,5.425592,48.914837,3.697592,7748.522249,9,0,0.000000,,,,,,,
patchtst,PatchTST,Exchange,192,2,9,retrain,0.011313,0.007935,0.097349,0.035800,0.100305,0.035378,14.848111,5.192006,14.848111,5.192006,15.330947,5.346309,49.963752,4.226638,7954.519044,9,0,0.000000,,,,,,,
patchtst,PatchTST,Weather,720,0,10,retrain,187.376628,175.113867,10.764482,6.141966,12.363318,5.875797,2.527260,1.464734,2.527260,1.464734,2.508112,1.421313,50.195202,1.492517,26533.141725,10,0,0.000000,,,,,,,
patchtst,PatchTST,synth_stable,96,0,10,retrain,2973.653828,7877.820506,29.467377,43.131679,32.745430,43.604938,5.723415,8.577829,5.723415,8.577829,5.321220,7.302144,56.736842,5.831427,2991.783992,10,0,0.000000,,,,,,,
patchtst,PatchTST,Exchange,336,0,9,retrain,0.010333,0.011292,0.083552,0.049003,0.090193,0.046887,13.331084,8.479179,13.331084,8.479179,13.710879,9.181482,51.375689,2.999645,7929.125287,9,0,0.000000,,,,,,,
patchtst,PatchTST,Exchange,720,0,8,retrain,0.012431,0.010745,0.093468,0.046582,0.101128,0.046948,15.167670,9.602176,15.167670,9.602176,15.182167,8.870856,49.475243,1.950697,6589.622611,8,0,0.000000,,,,,,,
patchtst,PatchTST,Exchange,720,1,8,retrain,0.012525,0.010721,0.094073,0.046144,0.101847,0.046386,15.248433,9.547836,15.248433,9.547836,15.271678,8.816408,51.179863,1.537387,6302.200181,8,0,0.000000,,,,,,,
patchtst,PatchTST,synth_stable,96,1,10,retrain,2947.654579,7732.539778,29.739680,42.808622,32.964406,43.139338,5.773729,8.512913,5.773729,8.512913,5.380745,7.257396,56.105263,4.938402,2728.236747,10,0,0.000000,,,,,,,
patchtst,PatchTST,Exchange,720,2,8,retrain,0.012449,0.010771,0.093433,0.046646,0.101217,0.046944,15.167646,9.615168,15.167646,9.615168,15.181396,8.886344,50.408230,1.850181,5955.370673,8,0,0.000000,,,,,,,
patchtst,PatchTST,Exchange,336,2,9,retrain,0.010474,0.011386,0.084546,0.048999,0.091071,0.046688,13.477473,8.431202,13.477473,8.431202,13.866558,9.141997,48.956778,2.475301,7909.621456,9,0,0.000000,,,,,,,
patchtst,PatchTST,Exchange,336,1,9,retrain,0.010245,0.011293,0.083884,0.048121,0.090240,0.045839,13.376468,8.360892,13.376468,8.360892,13.757021,9.071328,49.728037,2.531328,8140.521235,9,0,0.000000,,,,,,,
patchtst,PatchTST,synth_stable,96,2,10,retrain,2981.312167,7790.937225,30.124211,43.053798,33.371548,43.216339,5.849045,8.562389,5.849045,8.562389,5.451565,7.292677,57.157895,4.185452,2762.257201,10,0,0.000000,,,,,,,
patchtst,PatchTST,synth_stable,192,0,10,retrain,3871.185647,10171.526093,34.058348,49.726392,37.543265,49.615410,6.623850,9.888802,6.623850,9.888802,6.100584,8.253090,52.670157,4.529325,3162.632198,10,0,0.000000,,,,,,,
patchtst,PatchTST,Weather,720,1,10,retrain,187.649590,172.699634,10.808872,6.174620,12.381400,5.860932,2.538047,1.472924,2.538047,1.472924,2.519776,1.432305,50.036235,1.113376,25889.753933,10,0,0.000000,,,,,,,
patchtst,PatchTST,synth_stable,192,1,10,retrain,3832.704580,10186.361818,33.353625,49.947450,36.884412,49.721672,6.489546,9.932634,6.489546,9.932634,5.960167,8.286768,53.455497,4.401955,2796.388762,10,0,0.000000,,,,,,,
patchtst,PatchTST,synth_stable,192,2,10,retrain,3783.712217,10000.135628,33.545333,49.442212,36.954323,49.174081,6.525157,9.832752,6.525157,9.832752,6.005170,8.213899,54.607330,3.512539,2921.217982,10,0,0.000000,,,,,,,
patchtst,PatchTST,Weather,720,2,10,retrain,185.582877,176.741480,10.651149,6.162198,12.311456,5.831890,2.500513,1.469520,2.500513,1.469520,2.479974,1.423258,50.056251,1.647142,26308.502790,10,0,0.000000,,,,,,,
patchtst,PatchTST,synth_stable,336,0,10,retrain,4905.467274,12065.518628,41.102613,53.541429,46.290066,52.561365,7.974188,10.643463,7.974188,10.643463,7.350867,8.709077,51.462687,2.418463,3455.901145,10,0,0.000000,,,,,,,
patchtst,PatchTST,synth_stable,336,1,10,retrain,4855.325087,12125.426348,40.871463,53.675534,45.187301,53.041804,7.928782,10.669963,7.928782,10.669963,7.318682,8.724768,51.194030,3.537660,3828.667783,10,0,0.000000,,,,,,,
patchtst,PatchTST,synth_stable,720,0,10,retrain,6280.272027,13642.232235,48.843899,56.810802,55.479348,56.588991,9.487209,11.296865,9.487209,11.296865,8.691028,9.121511,49.721836,1.932440,3743.926109,10,0,0.000000,,,,,,,
patchtst,PatchTST,synth_stable,336,2,10,retrain,4916.076683,12075.093860,41.319510,53.503509,46.377165,52.585504,8.014412,10.636004,8.014412,10.636004,7.398761,8.700242,51.164179,2.813581,3883.427422,10,0,0.000000,,,,,,,
patchtst,PatchTST,synth_stable,720,1,10,retrain,6402.423724,13644.956401,49.319620,56.950875,56.575017,56.583489,9.577791,11.323326,9.577791,11.323326,8.767447,9.156385,49.833102,1.547565,3708.670467,10,0,0.000000,,,,,,,
patchtst,PatchTST,synth_stable,720,2,10,retrain,6380.309032,13656.962254,48.942809,56.897602,56.579717,56.383017,9.506089,11.314613,9.506089,11.314613,8.682542,9.134307,50.862309,2.288777,3615.625911,10,0,0.000000,,,,,,,
patchtst,PatchTST,synth_trend_break,96,0,10,retrain,39832.339435,37913.574853,156.877220,105.817614,165.919559,110.919067,21.098008,13.182502,21.098008,13.182502,21.184979,13.103626,50.210526,6.691459,3892.913219,10,0,0.000000,,,,,,,
patchtst,PatchTST,synth_trend_break,96,1,10,retrain,37659.463355,35249.247658,154.114761,100.577185,162.881362,105.494669,20.737629,12.523054,20.737629,12.523054,20.810285,12.348248,54.947368,5.723064,3976.876217,10,0,0.000000,,,,,,,
patchtst,PatchTST,synth_trend_break,96,2,10,retrain,35882.386006,35150.001085,147.029452,99.791557,157.732506,104.894435,19.844076,12.496147,19.844076,12.496147,19.838838,12.272896,50.315789,5.838074,3890.835373,10,0,0.000000,,,,,,,
patchtst,PatchTST,synth_trend_break,192,0,10,retrain,44098.745018,47803.975695,156.923213,117.270693,169.357566,124.164246,21.290158,14.848024,21.290158,14.848024,21.350568,15.808089,52.827225,3.265018,3933.865718,10,0,0.000000,,,,,,,
patchtst,PatchTST,synth_trend_break,192,1,10,retrain,44429.198491,52336.595857,153.184210,126.010607,163.996557,132.417248,20.787003,16.007195,20.787003,16.007195,20.651945,16.916811,52.513089,4.240838,4061.878043,10,0,0.000000,,,,,,,
patchtst,PatchTST,synth_trend_break,336,0,10,retrain,56710.673413,56339.548018,182.357402,125.642352,197.087409,133.668345,24.684042,15.794785,24.684042,15.794785,26.289056,18.858455,50.238806,3.215162,3994.173732,10,0,0.000000,,,,,,,
patchtst,PatchTST,synth_trend_break,192,2,10,retrain,45387.233943,52218.117038,156.016051,125.403150,166.912193,132.391668,21.140687,15.894089,21.140687,15.894089,21.176862,17.116086,52.774869,4.187173,4160.219749,10,0,0.000000,,,,,,,
patchtst,PatchTST,synth_trend_break,336,1,10,retrain,61089.905621,62559.692135,186.818837,133.273854,202.207762,142.133482,25.249414,16.732870,25.249414,16.732870,27.472494,20.943172,50.955224,2.059701,4118.117918,10,0,0.000000,,,,,,,
patchtst,PatchTST,synth_trend_break,336,2,10,retrain,56828.092853,56200.414078,183.817143,127.789867,197.423427,133.611688,24.879225,16.046178,24.879225,16.046178,26.485444,19.024427,49.313433,1.436562,3776.274007,10,0,0.000000,,,,,,,
patchtst,PatchTST,synth_trend_break,720,0,10,retrain,44632.298357,53328.441624,156.172762,98.936196,181.531758,108.067198,22.008943,12.548823,22.008943,12.548823,20.776427,9.806969,50.452172,1.188912,3880.657364,10,0,0.000000,,,,,,,
patchtst,PatchTST,synth_slow_drift,96,0,10,retrain,8048.405315,11889.328296,68.532387,51.960224,73.099190,52.008785,10.819840,9.125077,10.819840,9.125077,10.645336,7.875610,50.315789,5.875910,3133.273190,10,0,0.000000,,,,,,,
patchtst,PatchTST,synth_trend_break,720,1,10,retrain,46278.567525,55175.809659,157.259907,102.838495,184.171059,111.173686,22.155277,13.020352,22.155277,13.020352,20.907057,10.626652,50.883345,1.562487,4079.619786,10,0,0.000000,,,,,,,
patchtst,PatchTST,synth_trend_break,720,2,10,retrain,45005.531472,53916.991482,155.583711,102.799655,179.735513,112.697280,21.936288,13.058298,21.936288,13.058298,20.677497,10.532032,49.923447,1.642256,4067.704683,10,0,0.000000,,,,,,,
patchtst,PatchTST,synth_slow_drift,96,1,10,retrain,8520.313649,11439.513552,72.627838,52.345806,76.305698,51.939909,11.341785,9.050981,11.341785,9.050981,11.237046,7.884463,55.263158,4.110658,3507.303007,10,0,0.000000,,,,,,,
patchtst,PatchTST,synth_slow_drift,96,2,10,retrain,7665.682029,11694.033782,65.819337,52.466759,70.581124,51.807210,10.420946,9.247668,10.420946,9.247668,10.201220,7.988743,53.368421,5.974090,3309.715540,10,0,0.000000,,,,,,,
patchtst,PatchTST,synth_slow_drift,192,0,10,retrain,9656.988615,14762.485488,77.206643,53.816503,82.722680,53.046648,12.360476,10.171350,12.360476,10.171350,12.002035,8.076727,50.314136,4.358147,3663.219982,10,0,0.000000,,,,,,,
patchtst,PatchTST,synth_slow_drift,192,2,10,retrain,9478.824886,14586.504821,75.813282,54.598027,81.052630,53.937890,12.153788,10.243477,12.153788,10.243477,11.808511,8.217494,52.984293,2.768441,3618.422777,10,0,0.000000,,,,,,,
patchtst,PatchTST,synth_slow_drift,192,1,10,retrain,9490.425873,14828.691493,75.652200,53.928255,81.633403,53.164023,12.129790,10.230247,12.129790,10.230247,11.743231,8.102719,51.099476,4.589446,3859.825271,10,0,0.000000,,,,,,,
patchtst,PatchTST,synth_slow_drift,336,0,10,retrain,11680.836520,18800.270686,80.113196,64.551969,88.584546,61.916191,12.862065,11.963837,12.862065,11.963837,12.328049,9.525909,50.000000,3.021421,4012.958186,10,0,0.000000,,,,,,,
patchtst,PatchTST,synth_slow_drift,336,1,10,retrain,11709.900479,18947.774667,80.734235,64.851610,87.529691,63.627460,12.932030,11.985190,12.932030,11.985190,12.428942,9.548009,50.208955,2.101459,3664.423452,10,0,0.000000,,,,,,,
patchtst,PatchTST,synth_slow_drift,336,2,10,retrain,11656.016414,18855.870553,80.815646,64.751756,87.505376,63.236267,12.953208,11.971674,12.953208,11.971674,12.439416,9.541905,49.731343,2.961700,3842.330043,10,0,0.000000,,,,,,,
patchtst,PatchTST,synth_slow_drift,720,0,10,retrain,15158.905173,25074.532156,90.241584,73.601187,100.447425,71.198455,14.589304,13.846107,14.589304,13.846107,13.754515,10.480846,49.137691,1.789841,4076.238376,10,0,0.000000,,,,,,,
patchtst,PatchTST,synth_slow_drift,720,1,10,retrain,15225.006337,24963.597392,89.223508,72.634838,101.963101,69.487642,14.469797,13.782870,14.469797,13.782870,13.547137,10.349761,50.445063,1.671359,4100.415422,10,0,0.000000,,,,,,,
patchtst,PatchTST,synth_slow_drift,720,2,10,retrain,15078.300266,25139.770986,89.059064,73.760214,100.032084,71.217150,14.426114,13.900880,14.426114,13.900880,13.527715,10.525442,50.319889,1.844922,4162.290337,10,0,0.000000,,,,,,,
patchtst,PatchTST,synth_fast_switch,96,0,10,retrain,362033.030058,354008.639613,508.662375,314.753622,516.361680,308.874805,84.327227,68.195017,84.327227,68.195017,53.932123,29.892486,47.263158,5.498930,3797.388908,10,0,0.000000,,,,,,,
patchtst,PatchTST,synth_fast_switch,96,1,10,retrain,365087.178533,353542.194528,509.147143,315.832457,520.129679,307.493571,84.397178,68.288276,84.397178,68.288276,53.166402,30.614385,50.842105,5.531076,3812.275034,10,0,0.000000,,,,,,,
patchtst,PatchTST,synth_fast_switch,96,2,10,retrain,363762.338178,360592.469753,505.798253,321.843394,513.926642,315.660807,84.142408,69.155071,84.142408,69.155071,53.120727,30.616485,49.684211,7.674832,3888.006272,10,0,0.000000,,,,,,,
patchtst,PatchTST,synth_fast_switch,192,0,10,retrain,320890.999515,314154.818571,462.784722,310.588904,481.918567,297.733932,76.584340,62.928797,76.584340,62.928797,49.045715,30.265532,53.012676,4.161616,3858.190859,10,0,0.000000,,,,,,,
patchtst,PatchTST,synth_fast_switch,192,2,10,retrain,324681.334874,321030.075470,470.540212,310.874110,482.194867,303.594212,77.611819,63.171242,77.611819,63.171242,49.805453,30.020215,51.334803,3.279102,3869.377359,10,0,0.000000,,,,,,,
patchtst,PatchTST,synth_fast_switch,192,1,10,retrain,315154.691967,319351.611110,460.241020,311.914860,471.458108,304.765392,76.284014,63.198752,76.284014,63.198752,48.816787,30.386416,50.974649,5.397252,4120.717964,10,0,0.000000,,,,,,,
patchtst,PatchTST,synth_fast_switch,336,0,10,retrain,380384.371640,313430.574415,513.571671,312.747335,540.615474,296.848919,84.111011,64.613742,84.111011,64.613742,54.090490,30.041465,50.835106,2.771342,3891.849256,10,0,0.000000,,,,,,,
patchtst,PatchTST,synth_fast_switch,336,1,10,retrain,399337.177167,316927.776087,535.811342,310.263552,555.365130,301.507462,86.851053,64.226012,86.851053,64.226012,53.718952,30.280836,49.253106,2.143493,4025.791340,10,0,0.000000,,,,,,,
patchtst,PatchTST,synth_fast_switch,720,1,10,retrain,367148.473726,282592.694718,500.141907,297.023074,539.128538,276.566256,79.048695,56.290421,79.048695,56.290421,55.428549,27.543725,50.028417,1.537248,3745.849741,10,0,0.000000,,,,,,,
patchtst,PatchTST,synth_fast_switch,336,2,10,retrain,366873.215189,315585.682185,502.502282,313.860259,527.051871,298.478709,82.775748,64.876567,82.775748,64.876567,52.881333,30.217340,50.984628,3.041773,4290.007375,10,0,0.000000,,,,,,,
patchtst,PatchTST,synth_fast_switch,720,0,10,retrain,345717.647486,286513.954799,480.931482,304.841390,512.120547,288.877471,76.483235,56.996343,76.483235,56.996343,52.107126,28.099212,49.485067,1.700467,4066.896760,10,0,0.000000,,,,,,,
patchtst,PatchTST,synth_recurring,96,1,10,retrain,839065.704191,729203.910268,778.467357,476.765917,788.534369,466.132227,123.945055,78.708907,123.945055,78.708907,81.147539,50.782839,49.789474,3.911769,3630.301407,10,0,0.000000,,,,,,,
patchtst,PatchTST,synth_recurring,96,0,10,retrain,854339.780796,740587.888572,794.673832,466.376141,801.894855,459.678608,125.777281,77.173509,125.777281,77.173509,81.636139,50.328119,51.473684,5.166481,4047.759132,10,0,0.000000,,,,,,,
patchtst,PatchTST,synth_fast_switch,720,2,10,retrain,339503.554889,281401.379992,478.005719,300.612868,506.974302,287.194380,75.928395,55.979569,75.928395,55.979569,51.817377,27.787998,51.433146,1.638147,4204.289209,10,0,0.000000,,,,,,,
patchtst,PatchTST,synth_recurring,96,2,10,retrain,851988.166862,738744.800157,792.456171,467.141380,800.745251,459.124396,125.504798,77.281284,125.504798,77.281284,81.460009,50.432013,50.736842,4.702802,3460.958313,10,0,0.000000,,,,,,,
patchtst,PatchTST,synth_recurring,192,0,10,retrain,538006.930270,498284.115586,622.438211,379.087648,631.283217,373.481499,102.302137,73.943132,102.302137,73.943132,63.358516,29.727240,51.413613,4.428960,3969.906680,10,0,0.000000,,,,,,,
patchtst,PatchTST,synth_recurring,192,1,10,retrain,534799.841445,500702.631484,618.326102,381.454739,627.329817,375.841912,101.794077,74.364650,101.794077,74.364650,62.794673,29.999767,50.418848,4.436690,4088.136384,10,0,0.000000,,,,,,,
patchtst,PatchTST,synth_recurring,192,2,10,retrain,529776.894113,507621.657148,604.414253,393.625995,619.696245,381.776713,100.412986,75.970527,100.412986,75.970527,63.000478,30.297039,51.623037,3.354056,4098.373963,10,0,0.000000,,,,,,,
patchtst,PatchTST,synth_recurring,336,0,10,retrain,526798.086485,468779.688025,605.877767,375.935493,629.727213,360.890182,100.511467,70.261733,100.511467,70.261733,62.355604,30.353434,50.896059,2.345136,4061.283759,10,0,0.000000,,,,,,,
patchtst,PatchTST,synth_recurring,336,1,10,retrain,546723.303862,463993.394038,625.875751,371.899335,644.939119,361.630801,102.615157,69.002718,102.615157,69.002718,61.411345,30.671969,50.985611,2.997420,4094.261410,10,0,0.000000,,,,,,,
patchtst,PatchTST,synth_recurring,336,2,10,retrain,524982.823123,466187.540595,603.195873,374.388974,630.688298,356.672250,100.304991,70.430718,100.304991,70.430718,62.559503,30.191944,50.329341,3.302115,4259.542876,10,0,0.000000,,,,,,,
patchtst,PatchTST,synth_recurring,720,0,10,retrain,520909.150760,507962.490973,584.720452,399.208680,610.669821,384.696661,96.325755,77.148570,96.325755,77.148570,58.362392,31.766098,49.360261,1.807550,3946.194584,10,0,0.000000,,,,,,,
patchtst,PatchTST,synth_recurring,720,2,10,retrain,526485.913913,508608.387896,593.991586,396.303062,614.956965,385.115366,97.620226,76.487830,97.620226,76.487830,58.651704,31.605186,49.930265,1.872799,3957.196605,10,0,0.000000,,,,,,,
patchtst,PatchTST,synth_recurring,720,1,10,retrain,537012.045800,499075.176790,598.113350,394.841389,628.180115,377.361615,97.933618,76.324749,97.933618,76.324749,60.273369,31.111356,48.845212,1.313405,4032.619212,10,0,0.000000,,,,,,,
patchtst,PatchTST,synth_volatility,96,0,10,retrain,130679.124173,125770.198462,291.499468,196.860220,310.327541,185.407501,41.517814,28.014243,41.517814,28.014243,32.971133,18.199550,52.105263,4.056389,3759.375450,10,0,0.000000,,,,,,,
patchtst,PatchTST,synth_volatility,96,1,10,retrain,130863.484290,126975.841461,292.531804,197.337884,310.235838,186.057006,41.655487,28.079909,41.655487,28.079909,33.182424,18.140780,49.368421,5.417730,3876.633653,10,0,0.000000,,,,,,,
patchtst,PatchTST,synth_volatility,96,2,10,retrain,130753.995162,125782.836191,292.676924,196.371407,310.605823,185.143237,41.681786,27.943084,41.681786,27.943084,33.159307,18.080481,52.210526,4.805353,3928.141295,10,0,0.000000,,,,,,,
patchtst,PatchTST,synth_volatility,192,1,10,retrain,137312.501997,122155.844523,308.430302,187.835930,324.486530,178.944108,43.938974,26.712615,43.938974,26.712615,36.886857,17.203126,50.628272,3.804738,3695.894874,10,0,0.000000,,,,,,,
patchtst,PatchTST,synth_volatility,192,0,10,retrain,139656.380498,121238.962408,312.348412,183.833034,330.060533,175.261020,44.498483,26.138985,44.498483,26.138985,37.636688,16.451162,49.895288,4.485845,4146.291361,10,0,0.000000,,,,,,,
patchtst,PatchTST,synth_volatility,192,2,10,retrain,136125.568503,123056.484604,305.522922,188.375561,322.418183,179.365782,43.523639,26.790358,43.523639,26.790358,36.127920,16.921057,48.429319,4.190117,4048.363338,10,0,0.000000,,,,,,,
patchtst,PatchTST,synth_volatility,336,0,10,retrain,109225.368296,93529.178964,275.291459,138.124997,299.941271,138.782572,39.265155,19.612251,39.265155,19.612251,35.608964,13.927832,49.253731,2.626187,4081.387128,10,0,0.000000,,,,,,,
patchtst,PatchTST,synth_volatility,336,1,10,retrain,108921.632500,96011.604988,271.685819,142.384083,296.713226,144.509149,38.746974,20.218747,38.746974,20.218747,33.022554,13.390705,49.134328,2.626866,4129.763949,10,0,0.000000,,,,,,,
patchtst,PatchTST,synth_volatility,720,0,10,retrain,283687.174348,209923.774657,473.212993,204.115942,494.076978,198.934950,67.631681,29.001960,67.631681,29.001960,54.351963,13.210039,49.909442,1.693520,3884.683299,10,0,0.000000,,,,,,,
patchtst,PatchTST,synth_volatility,336,2,10,retrain,108370.527533,93893.708737,271.025722,141.076675,296.075970,143.908122,38.654908,20.034929,38.654908,20.034929,32.961478,13.455894,50.328358,1.540715,4048.741188,10,0,0.000000,,,,,,,
patchtst,PatchTST,synth_volatility,720,1,10,retrain,277243.888975,212864.571537,461.113203,212.727304,485.071402,204.816073,65.903633,30.234572,65.903633,30.234572,52.294168,14.218675,51.092627,1.504530,3903.650633,10,0,0.000000,,,,,,,
patchtst,PatchTST,synth_shock_recovery,96,0,10,retrain,4754627.541791,4931073.014286,1685.392657,1365.329942,1716.521310,1344.686631,215.981640,229.935731,215.981640,229.935731,74.517449,56.251496,51.789474,4.205260,3431.267942,10,0,0.000000,,,,,,,
patchtst,PatchTST,synth_volatility,720,2,10,retrain,279436.006944,213342.930971,461.561969,215.373043,486.704958,206.286913,65.968540,30.615602,65.968540,30.615602,52.445343,15.526978,49.673564,1.879499,4121.773830,10,0,0.000000,,,,,,,
patchtst,PatchTST,synth_shock_recovery,96,1,10,retrain,4761644.664639,4929342.071492,1691.940510,1358.626039,1725.516210,1335.753897,216.029877,229.338633,216.029877,229.338633,75.451752,55.508638,50.421053,8.673199,3543.612931,10,0,0.000000,,,,,,,
patchtst,PatchTST,synth_shock_recovery,96,2,10,retrain,4705858.830867,4951590.671671,1662.782705,1379.739869,1685.889832,1365.149921,214.558699,230.454738,214.558699,230.454738,73.502248,57.085664,49.578947,4.924921,3890.507990,10,0,0.000000,,,,,,,
patchtst,PatchTST,synth_shock_recovery,192,0,10,retrain,6335233.130334,5923985.619415,1941.897365,1502.839461,1995.350776,1534.212636,226.647137,223.459308,226.647137,223.459308,86.364392,62.538330,49.319372,4.927033,3774.032930,10,0,0.000000,,,,,,,
patchtst,PatchTST,synth_shock_recovery,192,1,10,retrain,4840766.216342,5058142.690855,1672.805909,1407.675086,1712.055395,1381.894548,212.860963,229.379235,212.860963,229.379235,74.452440,56.425596,53.036649,6.096948,3913.733451,10,0,0.000000,,,,,,,
patchtst,PatchTST,synth_shock_recovery,336,1,10,retrain,4270240.322119,5081058.900892,1519.894082,1385.115615,1546.735310,1370.346746,187.348151,226.130316,187.348151,226.130316,73.386740,57.782405,50.851372,3.286565,3399.404178,10,0,0.000000,,,,,,,
patchtst,PatchTST,synth_shock_recovery,192,2,10,retrain,6223630.695705,5733401.119879,1933.267152,1483.153519,1988.611617,1506.338121,226.224328,223.656216,226.224328,223.656216,86.711413,62.666069,48.795812,3.251136,4257.265759,10,0,0.000000,,,,,,,
patchtst,PatchTST,synth_shock_recovery,336,2,10,retrain,4210732.446034,5096583.338359,1506.769570,1380.148917,1530.929926,1366.376964,186.714618,226.127239,186.714618,226.127239,72.240677,55.962647,50.939852,2.922126,4087.223537,10,0,0.000000,,,,,,,
patchtst,PatchTST,synth_shock_recovery,336,0,10,retrain,4255663.545555,5103940.548958,1514.058130,1386.220565,1538.830926,1373.922460,187.034736,226.794324,187.034736,226.794324,71.171296,56.116634,50.912503,3.765192,4269.286489,10,0,0.000000,,,,,,,
patchtst,PatchTST,synth_shock_recovery,720,0,10,retrain,4159164.815277,4301918.647867,1592.171885,1257.035043,1616.804517,1243.023721,185.274719,199.419539,185.274719,199.419539,75.775090,49.240677,50.444733,2.025649,3962.299431,10,0,0.000000,,,,,,,
patchtst,PatchTST,synth_shock_recovery,720,1,10,retrain,4486186.477810,4190912.568925,1646.965742,1237.979267,1729.237175,1223.080238,188.622170,197.682068,188.622170,197.682068,75.366968,48.716477,49.958024,2.819407,4205.705693,10,0,0.000000,,,,,,,
patchtst,PatchTST,synth_shock_recovery,720,2,10,retrain,4534460.267558,4203223.990626,1657.553354,1243.702957,1726.423026,1246.564800,188.759724,197.053369,188.759724,197.053369,77.030027,49.592579,49.930130,2.281621,4061.958013,10,0,0.000000,,,,,,,
patchtst,PatchTST,synth_multi_regime,96,0,10,retrain,1741322.830877,2123089.058242,1034.183120,803.919787,1056.184260,791.073726,121.364208,91.341317,121.364208,91.341317,86.355628,66.180751,42.842105,14.797245,4108.946252,10,0,0.000000,,,,,,,
patchtst,PatchTST,synth_multi_regime,96,1,10,retrain,1762775.037182,2170468.035335,1039.009033,811.000713,1060.205368,799.211871,122.058588,92.230733,122.058588,92.230733,86.812325,65.902203,44.736842,15.436403,4039.098581,10,0,0.000000,,,,,,,
patchtst,PatchTST,synth_multi_regime,96,2,10,retrain,1753130.120059,2068819.293906,1048.996713,790.700627,1070.598924,779.068716,123.992201,92.378472,123.992201,92.378472,88.152513,65.085648,46.105263,16.474945,3553.152005,10,0,0.000000,,,,,,,
dlinear,DLinear,ETTh1,96,0,10,retrain,,,,,,,,,,,,,,,0.558671,0,0,0.000000,,,,,,,
dlinear,DLinear,ETTh1,96,1,10,retrain,,,,,,,,,,,,,,,0.562284,0,0,0.000000,,,,,,,
dlinear,DLinear,ETTh1,96,2,10,retrain,,,,,,,,,,,,,,,0.558855,0,0,0.000000,,,,,,,
dlinear,DLinear,ETTh1,192,0,10,retrain,,,,,,,,,,,,,,,0.560287,0,0,0.000000,,,,,,,
dlinear,DLinear,ETTh1,192,1,10,retrain,,,,,,,,,,,,,,,0.557934,0,0,0.000000,,,,,,,
dlinear,DLinear,ETTh1,192,2,10,retrain,,,,,,,,,,,,,,,0.555525,0,0,0.000000,,,,,,,
dlinear,DLinear,ETTh1,336,0,10,retrain,,,,,,,,,,,,,,,0.542819,0,0,0.000000,,,,,,,
dlinear,DLinear,ETTh1,336,1,10,retrain,,,,,,,,,,,,,,,0.540682,0,0,0.000000,,,,,,,
dlinear,DLinear,ETTh1,336,2,10,retrain,,,,,,,,,,,,,,,0.535861,0,0,0.000000,,,,,,,
dlinear,DLinear,ETTh1,720,0,10,retrain,,,,,,,,,,,,,,,0.533344,0,0,0.000000,,,,,,,
dlinear,DLinear,ETTh1,720,1,10,retrain,,,,,,,,,,,,,,,0.536069,0,0,0.000000,,,,,,,
dlinear,DLinear,ETTh1,720,2,10,retrain,,,,,,,,,,,,,,,0.542236,0,0,0.000000,,,,,,,
dlinear,DLinear,ETTh2,96,0,10,retrain,,,,,,,,,,,,,,,0.576762,0,0,0.000000,,,,,,,
dlinear,DLinear,ETTh2,96,1,10,retrain,,,,,,,,,,,,,,,0.564029,0,0,0.000000,,,,,,,
dlinear,DLinear,ETTh2,96,2,10,retrain,,,,,,,,,,,,,,,0.565087,0,0,0.000000,,,,,,,
dlinear,DLinear,ETTh2,192,0,10,retrain,,,,,,,,,,,,,,,0.559473,0,0,0.000000,,,,,,,
dlinear,DLinear,ETTh2,192,1,10,retrain,,,,,,,,,,,,,,,0.561439,0,0,0.000000,,,,,,,
dlinear,DLinear,ETTh2,192,2,10,retrain,,,,,,,,,,,,,,,0.559337,0,0,0.000000,,,,,,,
dlinear,DLinear,ETTh2,336,0,10,retrain,,,,,,,,,,,,,,,0.542465,0,0,0.000000,,,,,,,
dlinear,DLinear,ETTh2,336,1,10,retrain,,,,,,,,,,,,,,,0.544644,0,0,0.000000,,,,,,,
dlinear,DLinear,ETTh2,336,2,10,retrain,,,,,,,,,,,,,,,0.546206,0,0,0.000000,,,,,,,
dlinear,DLinear,ETTh2,720,0,10,retrain,,,,,,,,,,,,,,,0.533613,0,0,0.000000,,,,,,,
dlinear,DLinear,ETTh2,720,1,10,retrain,,,,,,,,,,,,,,,0.542149,0,0,0.000000,,,,,,,
dlinear,DLinear,ETTh2,720,2,10,retrain,,,,,,,,,,,,,,,0.530922,0,0,0.000000,,,,,,,
dlinear,DLinear,ETTm1,96,0,10,retrain,,,,,,,,,,,,,,,0.567649,0,0,0.000000,,,,,,,
dlinear,DLinear,ETTm1,96,1,10,retrain,,,,,,,,,,,,,,,0.571599,0,0,0.000000,,,,,,,
dlinear,DLinear,ETTm1,96,2,10,retrain,,,,,,,,,,,,,,,0.568545,0,0,0.000000,,,,,,,
dlinear,DLinear,ETTm1,192,0,10,retrain,,,,,,,,,,,,,,,0.568739,0,0,0.000000,,,,,,,
dlinear,DLinear,ETTm1,192,1,10,retrain,,,,,,,,,,,,,,,0.566247,0,0,0.000000,,,,,,,
dlinear,DLinear,ETTm1,192,2,10,retrain,,,,,,,,,,,,,,,0.751586,0,0,0.000000,,,,,,,
dlinear,DLinear,ETTm1,336,0,10,retrain,,,,,,,,,,,,,,,0.560071,0,0,0.000000,,,,,,,
dlinear,DLinear,ETTm1,336,1,10,retrain,,,,,,,,,,,,,,,0.559391,0,0,0.000000,,,,,,,
dlinear,DLinear,ETTm1,336,2,10,retrain,,,,,,,,,,,,,,,0.557372,0,0,0.000000,,,,,,,
dlinear,DLinear,ETTm1,720,0,10,retrain,,,,,,,,,,,,,,,0.559052,0,0,0.000000,,,,,,,
dlinear,DLinear,ETTm1,720,1,10,retrain,,,,,,,,,,,,,,,0.556309,0,0,0.000000,,,,,,,
dlinear,DLinear,ETTm1,720,2,10,retrain,,,,,,,,,,,,,,,0.547244,0,0,0.000000,,,,,,,
dlinear,DLinear,ETTm2,96,0,10,retrain,,,,,,,,,,,,,,,0.579282,0,0,0.000000,,,,,,,
dlinear,DLinear,ETTm2,96,1,10,retrain,,,,,,,,,,,,,,,0.576835,0,0,0.000000,,,,,,,
dlinear,DLinear,ETTm2,96,2,10,retrain,,,,,,,,,,,,,,,0.574483,0,0,0.000000,,,,,,,
dlinear,DLinear,ETTm2,192,0,10,retrain,,,,,,,,,,,,,,,0.598296,0,0,0.000000,,,,,,,
dlinear,DLinear,ETTm2,192,1,10,retrain,,,,,,,,,,,,,,,0.581392,0,0,0.000000,,,,,,,
dlinear,DLinear,ETTm2,192,2,10,retrain,,,,,,,,,,,,,,,0.559490,0,0,0.000000,,,,,,,
dlinear,DLinear,ETTm2,336,0,10,retrain,,,,,,,,,,,,,,,0.539798,0,0,0.000000,,,,,,,
dlinear,DLinear,ETTm2,336,1,10,retrain,,,,,,,,,,,,,,,0.552042,0,0,0.000000,,,,,,,
dlinear,DLinear,ETTm2,336,2,10,retrain,,,,,,,,,,,,,,,0.537774,0,0,0.000000,,,,,,,
dlinear,DLinear,ETTm2,720,0,10,retrain,,,,,,,,,,,,,,,0.538007,0,0,0.000000,,,,,,,
dlinear,DLinear,ETTm2,720,1,10,retrain,,,,,,,,,,,,,,,0.543240,0,0,0.000000,,,,,,,
dlinear,DLinear,ETTm2,720,2,10,retrain,,,,,,,,,,,,,,,0.536957,0,0,0.000000,,,,,,,
dlinear,DLinear,Weather,96,0,10,retrain,,,,,,,,,,,,,,,0.883390,0,0,0.000000,,,,,,,
dlinear,DLinear,Weather,96,1,10,retrain,,,,,,,,,,,,,,,0.926750,0,0,0.000000,,,,,,,
dlinear,DLinear,Weather,96,2,10,retrain,,,,,,,,,,,,,,,0.893605,0,0,0.000000,,,,,,,
dlinear,DLinear,Weather,192,0,10,retrain,,,,,,,,,,,,,,,0.846501,0,0,0.000000,,,,,,,
dlinear,DLinear,Weather,192,1,10,retrain,,,,,,,,,,,,,,,0.844257,0,0,0.000000,,,,,,,
dlinear,DLinear,Weather,192,2,10,retrain,,,,,,,,,,,,,,,0.855686,0,0,0.000000,,,,,,,
dlinear,DLinear,Weather,336,0,10,retrain,,,,,,,,,,,,,,,0.818227,0,0,0.000000,,,,,,,
dlinear,DLinear,Weather,336,1,10,retrain,,,,,,,,,,,,,,,0.811993,0,0,0.000000,,,,,,,
dlinear,DLinear,Weather,336,2,10,retrain,,,,,,,,,,,,,,,0.811574,0,0,0.000000,,,,,,,
dlinear,DLinear,Weather,720,0,10,retrain,,,,,,,,,,,,,,,0.777484,0,0,0.000000,,,,,,,
dlinear,DLinear,Weather,720,1,10,retrain,,,,,,,,,,,,,,,0.776175,0,0,0.000000,,,,,,,
dlinear,DLinear,Weather,720,2,10,retrain,,,,,,,,,,,,,,,0.770824,0,0,0.000000,,,,,,,
dlinear,DLinear,Exchange,96,0,10,retrain,,,,,,,,,,,,,,,0.560481,0,0,0.000000,,,,,,,
dlinear,DLinear,Exchange,96,1,10,retrain,,,,,,,,,,,,,,,0.551214,0,0,0.000000,,,,,,,
dlinear,DLinear,Exchange,96,2,10,retrain,,,,,,,,,,,,,,,0.546905,0,0,0.000000,,,,,,,
dlinear,DLinear,Exchange,192,0,9,retrain,,,,,,,,,,,,,,,0.512187,0,0,0.000000,,,,,,,
dlinear,DLinear,Exchange,192,1,9,retrain,,,,,,,,,,,,,,,0.503926,0,0,0.000000,,,,,,,
dlinear,DLinear,Exchange,192,2,9,retrain,,,,,,,,,,,,,,,0.503516,0,0,0.000000,,,,,,,
dlinear,DLinear,Exchange,336,0,9,retrain,,,,,,,,,,,,,,,0.521251,0,0,0.000000,,,,,,,
dlinear,DLinear,Exchange,336,1,9,retrain,,,,,,,,,,,,,,,0.491488,0,0,0.000000,,,,,,,
dlinear,DLinear,Exchange,336,2,9,retrain,,,,,,,,,,,,,,,0.491737,0,0,0.000000,,,,,,,
dlinear,DLinear,Exchange,720,0,8,retrain,,,,,,,,,,,,,,,0.429307,0,0,0.000000,,,,,,,
dlinear,DLinear,Exchange,720,1,8,retrain,,,,,,,,,,,,,,,0.431504,0,0,0.000000,,,,,,,
dlinear,DLinear,Exchange,720,2,8,retrain,,,,,,,,,,,,,,,0.427794,0,0,0.000000,,,,,,,
dlinear,DLinear,synth_stable,96,0,10,retrain,,,,,,,,,,,,,,,0.361113,0,0,0.000000,,,,,,,
dlinear,DLinear,synth_stable,96,1,10,retrain,,,,,,,,,,,,,,,0.361984,0,0,0.000000,,,,,,,
dlinear,DLinear,synth_stable,96,2,10,retrain,,,,,,,,,,,,,,,0.360830,0,0,0.000000,,,,,,,
dlinear,DLinear,synth_stable,192,0,10,retrain,,,,,,,,,,,,,,,0.363753,0,0,0.000000,,,,,,,
dlinear,DLinear,synth_stable,192,1,10,retrain,,,,,,,,,,,,,,,0.359738,0,0,0.000000,,,,,,,
dlinear,DLinear,synth_stable,192,2,10,retrain,,,,,,,,,,,,,,,0.356717,0,0,0.000000,,,,,,,
dlinear,DLinear,synth_stable,336,0,10,retrain,,,,,,,,,,,,,,,0.358388,0,0,0.000000,,,,,,,
dlinear,DLinear,synth_stable,336,1,10,retrain,,,,,,,,,,,,,,,0.371016,0,0,0.000000,,,,,,,
dlinear,DLinear,synth_stable,336,2,10,retrain,,,,,,,,,,,,,,,0.363200,0,0,0.000000,,,,,,,
dlinear,DLinear,synth_stable,720,0,10,retrain,,,,,,,,,,,,,,,0.377199,0,0,0.000000,,,,,,,
dlinear,DLinear,synth_stable,720,1,10,retrain,,,,,,,,,,,,,,,0.368734,0,0,0.000000,,,,,,,
dlinear,DLinear,synth_stable,720,2,10,retrain,,,,,,,,,,,,,,,0.366229,0,0,0.000000,,,,,,,
dlinear,DLinear,synth_trend_break,96,0,10,retrain,,,,,,,,,,,,,,,0.356641,0,0,0.000000,,,,,,,
dlinear,DLinear,synth_trend_break,96,1,10,retrain,,,,,,,,,,,,,,,0.350196,0,0,0.000000,,,,,,,
dlinear,DLinear,synth_trend_break,96,2,10,retrain,,,,,,,,,,,,,,,0.358753,0,0,0.000000,,,,,,,
dlinear,DLinear,synth_trend_break,192,0,10,retrain,,,,,,,,,,,,,,,0.355780,0,0,0.000000,,,,,,,
dlinear,DLinear,synth_trend_break,192,1,10,retrain,,,,,,,,,,,,,,,0.353356,0,0,0.000000,,,,,,,
dlinear,DLinear,synth_trend_break,192,2,10,retrain,,,,,,,,,,,,,,,0.357091,0,0,0.000000,,,,,,,
dlinear,DLinear,synth_trend_break,336,0,10,retrain,,,,,,,,,,,,,,,0.358862,0,0,0.000000,,,,,,,
dlinear,DLinear,synth_trend_break,336,1,10,retrain,,,,,,,,,,,,,,,0.354688,0,0,0.000000,,,,,,,
dlinear,DLinear,synth_trend_break,336,2,10,retrain,,,,,,,,,,,,,,,0.352240,0,0,0.000000,,,,,,,
dlinear,DLinear,synth_trend_break,720,0,10,retrain,,,,,,,,,,,,,,,0.371807,0,0,0.000000,,,,,,,
dlinear,DLinear,synth_trend_break,720,1,10,retrain,,,,,,,,,,,,,,,0.373176,0,0,0.000000,,,,,,,
dlinear,DLinear,synth_trend_break,720,2,10,retrain,,,,,,,,,,,,,,,0.367064,0,0,0.000000,,,,,,,
dlinear,DLinear,synth_slow_drift,96,0,10,retrain,,,,,,,,,,,,,,,0.352829,0,0,0.000000,,,,,,,
dlinear,DLinear,synth_slow_drift,96,1,10,retrain,,,,,,,,,,,,,,,0.367486,0,0,0.000000,,,,,,,
dlinear,DLinear,synth_slow_drift,96,2,10,retrain,,,,,,,,,,,,,,,0.379873,0,0,0.000000,,,,,,,
dlinear,DLinear,synth_slow_drift,192,0,10,retrain,,,,,,,,,,,,,,,0.392082,0,0,0.000000,,,,,,,
dlinear,DLinear,synth_slow_drift,192,1,10,retrain,,,,,,,,,,,,,,,0.388497,0,0,0.000000,,,,,,,
dlinear,DLinear,synth_slow_drift,192,2,10,retrain,,,,,,,,,,,,,,,0.388284,0,0,0.000000,,,,,,,
dlinear,DLinear,synth_slow_drift,336,0,10,retrain,,,,,,,,,,,,,,,0.390620,0,0,0.000000,,,,,,,
dlinear,DLinear,synth_slow_drift,336,1,10,retrain,,,,,,,,,,,,,,,0.394075,0,0,0.000000,,,,,,,
dlinear,DLinear,synth_slow_drift,336,2,10,retrain,,,,,,,,,,,,,,,0.386035,0,0,0.000000,,,,,,,
dlinear,DLinear,synth_slow_drift,720,0,10,retrain,,,,,,,,,,,,,,,0.395935,0,0,0.000000,,,,,,,
dlinear,DLinear,synth_slow_drift,720,1,10,retrain,,,,,,,,,,,,,,,0.391313,0,0,0.000000,,,,,,,
dlinear,DLinear,synth_slow_drift,720,2,10,retrain,,,,,,,,,,,,,,,0.372443,0,0,0.000000,,,,,,,
dlinear,DLinear,synth_fast_switch,96,0,10,retrain,,,,,,,,,,,,,,,0.386028,0,0,0.000000,,,,,,,
dlinear,DLinear,synth_fast_switch,96,1,10,retrain,,,,,,,,,,,,,,,0.389195,0,0,0.000000,,,,,,,
dlinear,DLinear,synth_fast_switch,96,2,10,retrain,,,,,,,,,,,,,,,0.393476,0,0,0.000000,,,,,,,
dlinear,DLinear,synth_fast_switch,192,0,10,retrain,,,,,,,,,,,,,,,0.397855,0,0,0.000000,,,,,,,
dlinear,DLinear,synth_fast_switch,192,1,10,retrain,,,,,,,,,,,,,,,0.396585,0,0,0.000000,,,,,,,
dlinear,DLinear,synth_fast_switch,192,2,10,retrain,,,,,,,,,,,,,,,0.401939,0,0,0.000000,,,,,,,
dlinear,DLinear,synth_fast_switch,336,0,10,retrain,,,,,,,,,,,,,,,0.404041,0,0,0.000000,,,,,,,
dlinear,DLinear,synth_fast_switch,336,1,10,retrain,,,,,,,,,,,,,,,0.400991,0,0,0.000000,,,,,,,
dlinear,DLinear,synth_fast_switch,336,2,10,retrain,,,,,,,,,,,,,,,0.405375,0,0,0.000000,,,,,,,
dlinear,DLinear,synth_fast_switch,720,0,10,retrain,,,,,,,,,,,,,,,0.416352,0,0,0.000000,,,,,,,
dlinear,DLinear,synth_fast_switch,720,1,10,retrain,,,,,,,,,,,,,,,0.419458,0,0,0.000000,,,,,,,
dlinear,DLinear,synth_fast_switch,720,2,10,retrain,,,,,,,,,,,,,,,0.414783,0,0,0.000000,,,,,,,
dlinear,DLinear,synth_recurring,96,0,10,retrain,,,,,,,,,,,,,,,0.398828,0,0,0.000000,,,,,,,
dlinear,DLinear,synth_recurring,96,1,10,retrain,,,,,,,,,,,,,,,0.406720,0,0,0.000000,,,,,,,
dlinear,DLinear,synth_recurring,96,2,10,retrain,,,,,,,,,,,,,,,0.398731,0,0,0.000000,,,,,,,
dlinear,DLinear,synth_recurring,192,0,10,retrain,,,,,,,,,,,,,,,0.403962,0,0,0.000000,,,,,,,
dlinear,DLinear,synth_recurring,192,1,10,retrain,,,,,,,,,,,,,,,0.400312,0,0,0.000000,,,,,,,
dlinear,DLinear,synth_recurring,192,2,10,retrain,,,,,,,,,,,,,,,0.395484,0,0,0.000000,,,,,,,
dlinear,DLinear,synth_recurring,336,0,10,retrain,,,,,,,,,,,,,,,0.395257,0,0,0.000000,,,,,,,
dlinear,DLinear,synth_recurring,336,1,10,retrain,,,,,,,,,,,,,,,0.395329,0,0,0.000000,,,,,,,
dlinear,DLinear,synth_recurring,336,2,10,retrain,,,,,,,,,,,,,,,0.406779,0,0,0.000000,,,,,,,
dlinear,DLinear,synth_recurring,720,0,10,retrain,,,,,,,,,,,,,,,0.428867,0,0,0.000000,,,,,,,
dlinear,DLinear,synth_recurring,720,1,10,retrain,,,,,,,,,,,,,,,0.417861,0,0,0.000000,,,,,,,
dlinear,DLinear,synth_recurring,720,2,10,retrain,,,,,,,,,,,,,,,0.421546,0,0,0.000000,,,,,,,
dlinear,DLinear,synth_volatility,96,0,10,retrain,,,,,,,,,,,,,,,0.397357,0,0,0.000000,,,,,,,
dlinear,DLinear,synth_volatility,96,1,10,retrain,,,,,,,,,,,,,,,0.399416,0,0,0.000000,,,,,,,
dlinear,DLinear,synth_volatility,96,2,10,retrain,,,,,,,,,,,,,,,0.403373,0,0,0.000000,,,,,,,
dlinear,DLinear,synth_volatility,192,0,10,retrain,,,,,,,,,,,,,,,0.402641,0,0,0.000000,,,,,,,
dlinear,DLinear,synth_volatility,192,1,10,retrain,,,,,,,,,,,,,,,0.399442,0,0,0.000000,,,,,,,
dlinear,DLinear,synth_volatility,192,2,10,retrain,,,,,,,,,,,,,,,0.408154,0,0,0.000000,,,,,,,
dlinear,DLinear,synth_volatility,336,0,10,retrain,,,,,,,,,,,,,,,0.402737,0,0,0.000000,,,,,,,
dlinear,DLinear,synth_volatility,336,1,10,retrain,,,,,,,,,,,,,,,0.402495,0,0,0.000000,,,,,,,
dlinear,DLinear,synth_volatility,336,2,10,retrain,,,,,,,,,,,,,,,0.404558,0,0,0.000000,,,,,,,
dlinear,DLinear,synth_volatility,720,0,10,retrain,,,,,,,,,,,,,,,0.427621,0,0,0.000000,,,,,,,
dlinear,DLinear,synth_volatility,720,1,10,retrain,,,,,,,,,,,,,,,0.441071,0,0,0.000000,,,,,,,
dlinear,DLinear,synth_volatility,720,2,10,retrain,,,,,,,,,,,,,,,0.442597,0,0,0.000000,,,,,,,
dlinear,DLinear,synth_shock_recovery,96,0,10,retrain,,,,,,,,,,,,,,,0.399665,0,0,0.000000,,,,,,,
dlinear,DLinear,synth_shock_recovery,96,1,10,retrain,,,,,,,,,,,,,,,0.402884,0,0,0.000000,,,,,,,
dlinear,DLinear,synth_shock_recovery,96,2,10,retrain,,,,,,,,,,,,,,,0.400565,0,0,0.000000,,,,,,,
dlinear,DLinear,synth_shock_recovery,192,0,10,retrain,,,,,,,,,,,,,,,0.404044,0,0,0.000000,,,,,,,
dlinear,DLinear,synth_shock_recovery,192,1,10,retrain,,,,,,,,,,,,,,,0.404562,0,0,0.000000,,,,,,,
dlinear,DLinear,synth_shock_recovery,192,2,10,retrain,,,,,,,,,,,,,,,0.400534,0,0,0.000000,,,,,,,
dlinear,DLinear,synth_shock_recovery,336,0,10,retrain,,,,,,,,,,,,,,,0.404982,0,0,0.000000,,,,,,,
dlinear,DLinear,synth_shock_recovery,336,1,10,retrain,,,,,,,,,,,,,,,0.408443,0,0,0.000000,,,,,,,
dlinear,DLinear,synth_shock_recovery,336,2,10,retrain,,,,,,,,,,,,,,,0.405709,0,0,0.000000,,,,,,,
dlinear,DLinear,synth_shock_recovery,720,0,10,retrain,,,,,,,,,,,,,,,0.418796,0,0,0.000000,,,,,,,
dlinear,DLinear,synth_shock_recovery,720,1,10,retrain,,,,,,,,,,,,,,,0.425897,0,0,0.000000,,,,,,,
dlinear,DLinear,synth_shock_recovery,720,2,10,retrain,,,,,,,,,,,,,,,0.417525,0,0,0.000000,,,,,,,
dlinear,DLinear,synth_multi_regime,96,0,10,retrain,,,,,,,,,,,,,,,0.398851,0,0,0.000000,,,,,,,
dlinear,DLinear,synth_multi_regime,96,1,10,retrain,,,,,,,,,,,,,,,0.399511,0,0,0.000000,,,,,,,
dlinear,DLinear,synth_multi_regime,96,2,10,retrain,,,,,,,,,,,,,,,0.406217,0,0,0.000000,,,,,,,
dlinear,DLinear,synth_multi_regime,192,0,10,retrain,,,,,,,,,,,,,,,0.405985,0,0,0.000000,,,,,,,
dlinear,DLinear,synth_multi_regime,192,1,10,retrain,,,,,,,,,,,,,,,0.402472,0,0,0.000000,,,,,,,
dlinear,DLinear,synth_multi_regime,192,2,10,retrain,,,,,,,,,,,,,,,0.395307,0,0,0.000000,,,,,,,
dlinear,DLinear,synth_multi_regime,336,0,10,retrain,,,,,,,,,,,,,,,0.394821,0,0,0.000000,,,,,,,
dlinear,DLinear,synth_multi_regime,336,1,10,retrain,,,,,,,,,,,,,,,0.402151,0,0,0.000000,,,,,,,
dlinear,DLinear,synth_multi_regime,336,2,10,retrain,,,,,,,,,,,,,,,0.401545,0,0,0.000000,,,,,,,
dlinear,DLinear,synth_multi_regime,720,0,10,retrain,,,,,,,,,,,,,,,0.415642,0,0,0.000000,,,,,,,
dlinear,DLinear,synth_multi_regime,720,1,10,retrain,,,,,,,,,,,,,,,0.417959,0,0,0.000000,,,,,,,
dlinear,DLinear,synth_multi_regime,720,2,10,retrain,,,,,,,,,,,,,,,0.422241,0,0,0.000000,,,,,,,
patchtst,PatchTST,synth_multi_regime,192,0,10,retrain,1092373.587052,1078593.232432,842.010084,589.994167,868.705412,581.140684,106.174319,94.389246,106.174319,94.389246,63.602626,34.296204,50.314136,1.965270,3894.913765,10,0,0.000000,,,,,,,
patchtst,PatchTST,synth_multi_regime,192,2,10,retrain,1097238.702105,1101739.530846,832.655054,600.279572,868.598032,585.470888,105.559956,96.928306,105.559956,96.928306,61.320803,33.140476,48.952880,2.149149,3732.236076,10,0,0.000000,,,,,,,
patchtst,PatchTST,synth_multi_regime,192,1,10,retrain,1087256.499599,1088321.244728,835.931485,591.260793,864.881800,582.439673,105.874325,96.122893,105.874325,96.122893,60.662482,33.775292,49.685864,3.577491,3803.189665,10,0,0.000000,,,,,,,
patchtst,PatchTST,synth_multi_regime,336,0,10,retrain,1499216.967474,1324934.876628,1002.077563,664.010820,1034.240556,655.410894,115.303701,77.850818,115.303701,77.850818,67.004082,31.501548,50.464474,2.332034,4168.440365,10,0,0.000000,,,,,,,
patchtst,PatchTST,synth_multi_regime,336,1,10,retrain,1504207.203008,1329890.109546,1002.946879,666.641122,1035.812765,656.733674,115.431213,78.147042,115.431213,78.147042,67.128136,31.644925,51.089105,4.537513,3918.367258,10,0,0.000000,,,,,,,
patchtst,PatchTST,synth_multi_regime,336,2,10,retrain,1388836.264930,1142904.110827,964.310414,595.241750,1015.214949,598.477127,112.550869,73.948955,112.550869,73.948955,75.772526,37.618660,49.239163,3.124380,3934.133160,10,0,0.000000,,,,,,,
patchtst,PatchTST,synth_multi_regime,720,0,10,retrain,1518911.518656,1590163.302798,968.947124,722.828769,1002.178706,717.320960,105.517830,79.369455,105.517830,79.369455,74.227350,47.673182,50.201204,1.718031,3273.180424,10,0,0.000000,,,,,,,
patchtst,PatchTST,synth_multi_regime,720,1,10,retrain,1540812.247407,1591637.928346,974.820384,724.108244,1015.100795,714.410682,106.169164,79.412487,106.169164,79.412487,72.533376,44.000562,49.727918,2.495562,3289.210851,10,0,0.000000,,,,,,,
patchtst,PatchTST,synth_multi_regime,720,2,10,retrain,1468676.476447,1634518.394980,928.554030,739.564979,966.214656,731.509204,100.744842,81.104056,100.744842,81.104056,62.268192,29.623468,49.631123,1.366594,3538.229588,10,0,0.000000,,,,,,,
