model,dataset,horizon,seed,policy,batch,mse,mae,rmse,mape,smape,direction_acc,tier,similarity
gru_small,ETTh1,720,0,retrain,0,46.143325,5.971999,6.792888,20.705566,19.568027,47.897898,,
gru_small,ETTh1,720,0,retrain,1,41.144320,5.356944,6.414384,24.789946,23.236997,47.584187,,
gru_small,ETTh1,720,0,retrain,2,44.157396,5.806897,6.645103,37.833773,34.288827,57.357357,,
gru_small,ETTh1,720,0,retrain,3,42.611596,4.872879,6.527756,39.835609,44.088038,50.789096,,
gru_small,ETTh1,720,0,retrain,4,33.543121,5.103772,5.791642,55.295278,47.053456,47.400612,,
gru_small,ETTh1,720,0,retrain,5,32.411927,5.147391,5.693147,71.257411,56.469422,51.583710,,
gru_small,ETTh1,720,0,retrain,6,16.336905,3.441581,4.041894,35.241488,40.208647,49.135447,,
gru_small,ETTh1,720,0,retrain,7,22.711770,3.747518,4.765687,34.381328,36.546720,53.412463,,
gru_small,ETTh1,720,0,retrain,8,68.172664,7.624644,8.256674,45.936264,57.490675,50.937951,,
gru_small,ETTh1,720,0,retrain,9,9.407531,2.391528,3.067170,13.323989,13.731302,56.053812,,
gru_small,ETTh1,336,0,retrain,0,72.785755,7.702716,8.531457,26.583408,24.180031,46.250000,,
gru_small,ETTh1,336,0,retrain,1,41.003504,5.082132,6.403398,23.665690,23.378207,54.205607,,
gru_small,ETTh1,336,0,retrain,2,56.963930,6.931990,7.547445,49.278031,41.878448,52.475248,,
gru_small,ETTh1,336,0,retrain,3,29.037571,3.958192,5.388652,34.578154,37.847566,58.662614,,
gru_small,ETTh1,336,0,retrain,4,65.641542,7.418739,8.101947,83.319700,61.035438,51.515152,,
gru_small,ETTh1,336,0,retrain,5,14.920472,3.327255,3.862703,45.593477,41.985731,48.657718,,
gru_small,ETTh1,336,0,retrain,6,13.092333,2.903383,3.618333,32.161740,36.836065,52.147239,,
gru_small,ETTh1,336,0,retrain,7,14.205809,3.148213,3.769059,27.050636,28.866316,54.180602,,
gru_small,ETTh1,336,0,retrain,8,63.507993,7.120508,7.969190,44.753189,55.645742,58.074534,,
gru_small,ETTh1,336,0,retrain,9,12.989074,2.737143,3.604036,14.689988,15.520581,50.505051,,
gru_small,ETTh1,336,1,retrain,0,86.170404,8.351386,9.282802,28.822080,25.876109,49.062500,,
gru_small,ETTh1,336,1,retrain,1,39.513376,4.966023,6.285967,23.125013,22.956034,55.763240,,
gru_small,ETTh1,336,1,retrain,2,57.633532,6.943186,7.591675,49.357620,42.035900,53.465347,,
gru_small,ETTh1,336,1,retrain,3,31.571935,4.164936,5.618891,36.384239,39.201227,48.632219,,
gru_small,ETTh1,336,1,retrain,4,35.198223,5.258081,5.932809,59.053397,48.541136,50.841751,,
gru_small,ETTh1,336,1,retrain,5,17.462330,3.538481,4.178795,48.487921,44.746674,56.040268,,
gru_small,ETTh1,336,1,retrain,6,12.514865,2.857965,3.537635,31.658632,36.584421,52.760736,,
gru_small,ETTh1,336,1,retrain,7,20.170053,3.742634,4.491108,32.158134,34.854002,53.511706,,
gru_small,ETTh1,336,1,retrain,8,57.116171,6.718609,7.557524,42.227207,51.339466,60.248447,,
gru_small,ETTh1,336,1,retrain,9,15.800908,2.960846,3.975036,15.890580,16.578167,46.464646,,
gru_small,ETTh1,336,2,retrain,0,74.144202,7.713526,8.610703,26.620712,24.197971,47.500000,,
gru_small,ETTh1,336,2,retrain,1,31.168990,4.302351,5.582920,20.034526,20.411317,60.747664,,
gru_small,ETTh1,336,2,retrain,2,49.040836,6.377576,7.002916,45.336815,39.432845,55.775578,,
gru_small,ETTh1,336,2,retrain,3,27.790995,3.843794,5.271717,33.578793,37.107314,58.054711,,
gru_small,ETTh1,336,2,retrain,4,63.200543,7.422348,7.949877,83.360236,61.464706,45.454545,,
gru_small,ETTh1,336,2,retrain,5,14.275047,3.244001,3.778233,44.452657,40.366603,46.644295,,
gru_small,ETTh1,336,2,retrain,6,11.725854,2.714812,3.424303,30.072873,34.708719,51.533742,,
gru_small,ETTh1,336,2,retrain,7,23.777460,4.059602,4.876214,34.881642,38.341777,50.167224,,
gru_small,ETTh1,336,2,retrain,8,65.366167,7.380851,8.084935,46.389476,57.772387,53.726708,,
gru_small,ETTh1,336,2,retrain,9,13.012930,2.789618,3.607344,14.971615,15.807908,53.198653,,
gru_small,ETTh1,192,1,retrain,0,28.930957,4.699292,5.378751,17.298873,16.424024,51.955307,,
gru_small,ETTh1,192,1,retrain,1,38.900405,4.501392,6.237019,22.210964,23.327737,48.087432,,
gru_small,ETTh1,192,1,retrain,2,73.814078,8.032489,8.591512,66.331726,51.425670,54.545455,,
gru_small,ETTh1,192,1,retrain,3,12.188020,2.675672,3.491134,22.140379,23.449088,55.851064,,
gru_small,ETTh1,192,1,retrain,4,30.090529,4.749333,5.485484,50.261480,43.322290,50.625000,,
gru_small,ETTh1,192,1,retrain,5,13.433107,3.279687,3.665120,45.142724,41.654823,50.314465,,
gru_small,ETTh1,192,1,retrain,6,5.739723,1.997859,2.395772,19.321147,19.638559,45.161290,,
gru_small,ETTh1,192,1,retrain,7,29.198620,4.722311,5.403575,39.080537,43.802269,50.920245,,
gru_small,ETTh1,192,1,retrain,8,37.973262,5.306870,6.162245,33.798018,38.107539,48.648649,,
gru_small,ETTh1,192,1,retrain,9,30.896480,4.779801,5.558460,27.859902,30.432840,54.069767,,
gru_small,ETTh1,192,0,retrain,0,33.140812,5.118476,5.756806,18.841958,17.746331,64.245810,,
gru_small,ETTh1,192,0,retrain,1,36.643460,4.427142,6.053384,21.844597,23.062209,50.273224,,
gru_small,ETTh1,192,0,retrain,2,64.797686,7.486190,8.049701,61.820427,48.896520,50.909091,,
gru_small,ETTh1,192,0,retrain,3,16.605408,3.048463,4.074973,25.225118,25.827568,55.319149,,
gru_small,ETTh1,192,0,retrain,4,30.584445,4.668257,5.530321,49.403467,42.609953,43.750000,,
gru_small,ETTh1,192,0,retrain,5,14.139227,3.342615,3.760216,46.008879,42.189620,51.572327,,
gru_small,ETTh1,192,0,retrain,6,5.551663,1.996640,2.356197,19.309354,19.617841,49.462366,,
gru_small,ETTh1,192,0,retrain,7,36.869006,5.268420,6.071985,43.599981,49.937887,65.030675,,
gru_small,ETTh1,192,0,retrain,8,33.724688,5.043835,5.807296,32.122824,35.915405,55.675676,,
gru_small,ETTh1,192,0,retrain,9,16.682399,3.197400,4.084409,18.636601,19.416713,50.581395,,
gru_small,ETTh1,96,0,retrain,0,37.841899,5.739639,6.151577,22.195778,20.318764,51.764706,,
gru_small,ETTh1,96,0,retrain,1,79.158027,7.814022,8.897080,47.162806,41.695044,37.362637,,
gru_small,ETTh1,96,0,retrain,2,57.084855,6.911189,7.555452,60.481057,47.926597,48.571429,,
gru_small,ETTh1,96,0,retrain,3,6.898567,2.248472,2.626512,16.868640,17.381216,58.064516,,
gru_small,ETTh1,96,0,retrain,4,13.170929,3.064104,3.629177,26.633427,33.237757,61.194030,,
gru_small,ETTh1,96,0,retrain,5,21.879335,4.473547,4.677535,75.285172,56.031208,53.731343,,
gru_small,ETTh1,96,0,retrain,6,8.872357,2.346820,2.978650,22.615862,22.532229,46.236559,,
gru_small,ETTh1,96,0,retrain,7,16.169142,3.546464,4.021087,25.229241,27.586488,59.139785,,
gru_small,ETTh1,96,0,retrain,8,5.073633,1.707658,2.252473,10.259172,10.388421,40.217391,,
gru_small,ETTh1,96,0,retrain,9,29.668266,4.404502,5.446858,29.316016,28.247776,51.111111,,
gru_small,ETTh1,192,2,retrain,0,29.104985,4.697701,5.394904,17.293018,16.426044,48.603352,,
gru_small,ETTh1,192,2,retrain,1,37.223062,4.448907,6.101071,21.951992,23.132389,44.808743,,
gru_small,ETTh1,192,2,retrain,2,68.719371,7.768206,8.289715,64.149301,50.265395,50.909091,,
gru_small,ETTh1,192,2,retrain,3,14.386408,2.872566,3.792942,23.769624,24.749463,51.063830,,
gru_small,ETTh1,192,2,retrain,4,23.375397,4.118746,4.834811,43.588074,39.101478,48.750000,,
gru_small,ETTh1,192,2,retrain,5,18.149091,3.859356,4.260175,53.121481,47.116563,51.572327,,
gru_small,ETTh1,192,2,retrain,6,5.250069,1.961763,2.291303,18.972065,19.341459,51.075269,,
gru_small,ETTh1,192,2,retrain,7,32.171267,4.854887,5.671972,40.177696,45.175416,49.079755,,
gru_small,ETTh1,192,2,retrain,8,36.331461,5.171606,6.027558,32.936560,36.919532,47.567568,,
gru_small,ETTh1,192,2,retrain,9,23.701774,4.116342,4.868447,23.992812,25.690730,51.744186,,
gru_small,ETTh1,96,1,retrain,0,38.264818,5.856837,6.185856,22.648995,20.692920,65.882353,,
gru_small,ETTh1,96,1,retrain,1,80.607691,7.910815,8.978179,47.747013,42.060238,48.351648,,
gru_small,ETTh1,96,1,retrain,2,62.127324,7.482308,7.882089,65.479017,51.069365,55.714286,,
gru_small,ETTh1,96,1,retrain,3,5.491646,1.953763,2.343426,14.657651,14.807632,49.462366,,
gru_small,ETTh1,96,1,retrain,4,8.791056,2.491907,2.964971,21.659849,24.586296,49.253731,,
gru_small,ETTh1,96,1,retrain,5,19.300555,4.184114,4.393240,70.414318,53.417277,32.835821,,
gru_small,ETTh1,96,1,retrain,6,9.018269,2.334792,3.003043,22.499953,22.429741,50.537634,,
gru_small,ETTh1,96,1,retrain,7,18.782552,3.890880,4.333884,27.679390,30.591615,52.688172,,
gru_small,ETTh1,96,1,retrain,8,5.688035,1.847810,2.384960,11.101169,11.177217,51.086957,,
gru_small,ETTh1,96,1,retrain,9,51.963734,6.217094,7.208588,41.380482,36.749729,53.333333,,
gru_small,ETTh1,96,2,retrain,0,39.527953,5.904092,6.287126,22.831737,20.836208,44.705882,,
gru_small,ETTh1,96,2,retrain,1,79.447042,7.831087,8.913307,47.265802,41.750558,43.956044,,
gru_small,ETTh1,96,2,retrain,2,77.241407,8.370396,8.788709,73.250836,55.237291,48.571429,,
gru_small,ETTh1,96,2,retrain,3,5.063461,1.859195,2.250214,13.948183,14.161343,52.688172,,
gru_small,ETTh1,96,2,retrain,4,5.322850,1.707670,2.307130,14.843196,15.301783,53.731343,,
gru_small,ETTh1,96,2,retrain,5,15.812016,3.645490,3.976433,61.349823,48.409880,41.791045,,
gru_small,ETTh1,96,2,retrain,6,7.749777,2.153310,2.783842,20.751049,20.981768,49.462366,,
gru_small,ETTh1,96,2,retrain,7,16.284999,3.516518,4.035468,25.016208,27.444813,54.838710,,
gru_small,ETTh1,96,2,retrain,8,7.774266,2.191285,2.788237,13.164676,13.044331,46.739130,,
gru_small,ETTh1,96,2,retrain,9,65.618660,7.138483,8.100535,47.513170,40.723486,53.333333,,
gru_small,ETTh1,720,2,retrain,0,44.272041,5.826538,6.653724,20.201237,19.127895,53.903904,,
gru_small,ETTh1,720,2,retrain,1,35.334652,4.881211,5.944296,22.588429,21.507509,51.537335,,
gru_small,ETTh1,720,2,retrain,2,48.890929,6.125821,6.992205,39.911666,35.710498,57.207207,,
gru_small,ETTh1,720,2,retrain,3,44.482393,5.077982,6.669512,41.512315,45.137803,51.936872,,
gru_small,ETTh1,720,2,retrain,4,33.558086,5.091935,5.792934,55.167032,46.919615,47.247706,,
gru_small,ETTh1,720,2,retrain,5,32.944544,5.202378,5.739734,72.018623,56.888894,50.075415,,
gru_small,ETTh1,720,2,retrain,6,14.673707,3.180565,3.830627,32.568706,37.077470,45.965418,,
gru_small,ETTh1,720,2,retrain,7,21.790305,3.708048,4.668009,34.019213,36.080050,50.000000,,
gru_small,ETTh1,720,2,retrain,8,68.187141,7.604363,8.257551,45.814080,57.206668,57.864358,,
gru_small,ETTh1,720,2,retrain,9,12.577191,2.710349,3.546433,15.100248,15.389255,61.883408,,
gru_small,ETTh1,720,1,retrain,0,46.213361,6.010834,6.798041,20.840212,19.650030,51.351351,,
gru_small,ETTh1,720,1,retrain,1,38.002971,5.127392,6.164655,23.727662,22.461543,50.512445,,
gru_small,ETTh1,720,1,retrain,2,48.713137,6.152149,6.979480,40.083200,35.821741,55.855856,,
gru_small,ETTh1,720,1,retrain,3,44.672843,5.039853,6.683775,41.200613,44.855966,51.793400,,
gru_small,ETTh1,720,1,retrain,4,32.197655,4.970816,5.674298,53.854813,46.135001,46.788991,,
gru_small,ETTh1,720,1,retrain,5,29.086669,4.859568,5.393206,67.272959,54.412657,49.170437,,
gru_small,ETTh1,720,1,retrain,6,14.980249,3.252391,3.870433,33.304199,37.776703,51.008646,,
gru_small,ETTh1,720,1,retrain,7,25.035866,3.965733,5.003585,36.383326,39.097788,51.186944,,
gru_small,ETTh1,720,1,retrain,8,78.379249,8.230431,8.853206,49.585955,63.658764,49.783550,,
gru_small,ETTh1,720,1,retrain,9,16.403233,3.189078,4.050091,17.767404,17.801761,55.306428,,
gru_small,ETTh2,192,2,retrain,0,56.311445,6.188179,7.504095,15.342602,15.150516,86.592179,,
gru_small,ETTh2,192,2,retrain,1,66.130159,5.712024,8.132045,17.833006,18.338499,86.503067,,
gru_small,ETTh2,192,2,retrain,2,72.875125,8.107804,8.536693,39.548919,33.674550,61.194030,,
gru_small,ETTh2,192,2,retrain,3,79.493077,7.973221,8.915889,49.659285,42.709805,68.235294,,
gru_small,ETTh2,192,2,retrain,4,22.783621,4.251642,4.773219,32.131113,31.637907,83.333333,,
gru_small,ETTh2,192,2,retrain,5,39.148706,5.468384,6.256893,45.824759,41.420946,64.444444,,
gru_small,ETTh2,192,2,retrain,6,32.907800,4.881765,5.736532,25.276318,25.310917,51.912568,,
gru_small,ETTh2,192,2,retrain,7,37.653175,5.327563,6.136218,22.945471,23.498952,82.978723,,
gru_small,ETTh2,192,2,retrain,8,36.556047,5.125969,6.046160,17.451799,17.107802,49.700599,,
gru_small,ETTh2,192,2,retrain,9,74.912261,6.936892,8.655187,19.850856,19.481769,69.411765,,
gru_small,ETTh2,96,2,retrain,0,44.326044,5.834210,6.657781,15.633856,15.425963,77.272727,,
gru_small,ETTh2,96,2,retrain,1,141.271477,10.719200,11.885768,39.413625,34.879209,72.222222,,
gru_small,ETTh2,96,2,retrain,2,104.605986,10.015389,10.227707,52.909025,42.346621,63.934426,,
gru_small,ETTh2,96,2,retrain,3,7.268544,2.022909,2.696024,11.397681,11.443828,70.238095,,
gru_small,ETTh2,96,2,retrain,4,20.816947,3.936330,4.562559,26.764462,27.100813,48.437500,,
gru_small,ETTh2,96,2,retrain,5,88.114878,9.104929,9.386953,96.326797,66.720603,54.716981,,
gru_small,ETTh2,96,2,retrain,6,23.789795,4.178025,4.877478,21.488707,21.733454,48.314607,,
gru_small,ETTh2,96,2,retrain,7,16.523815,3.318117,4.064950,12.689199,12.334191,81.081081,,
gru_small,ETTh2,96,2,retrain,8,16.001148,3.230532,4.000144,10.774856,10.744556,77.108434,,
gru_small,ETTh2,96,2,retrain,9,121.297634,9.496719,11.013521,30.460005,27.715983,64.044944,,
gru_small,ETTh2,192,0,retrain,0,55.944254,6.103909,7.479589,15.133668,14.964269,87.150838,,
gru_small,ETTh2,192,0,retrain,1,60.860877,5.844318,7.801338,18.246030,18.763724,82.822086,,
gru_small,ETTh2,192,0,retrain,2,69.295598,7.812545,8.324398,38.108677,32.578103,58.955224,,
gru_small,ETTh2,192,0,retrain,3,59.068888,6.719918,7.685629,41.853388,37.613455,55.882353,,
gru_small,ETTh2,192,0,retrain,4,36.866953,5.198413,6.071816,39.286181,37.023728,56.250000,,
gru_small,ETTh2,192,0,retrain,5,39.949959,5.569188,6.320598,46.669492,42.045437,51.111111,,
gru_small,ETTh2,192,0,retrain,6,29.510330,4.611319,5.432341,23.876026,24.123115,55.737705,,
gru_small,ETTh2,192,0,retrain,7,55.314929,6.375673,7.437401,27.459614,29.220762,80.851064,,
gru_small,ETTh2,192,0,retrain,8,33.372079,4.794476,5.776857,16.323205,16.115268,53.892216,,
gru_small,ETTh2,192,0,retrain,9,43.840351,5.580998,6.621205,15.970782,16.278926,52.352941,,
gru_small,ETTh2,96,1,retrain,0,48.359821,6.095497,6.954123,16.334025,16.011144,78.409091,,
gru_small,ETTh2,96,1,retrain,1,180.687550,11.926387,13.442007,43.852353,37.917374,70.833333,,
gru_small,ETTh2,96,1,retrain,2,113.881301,10.444030,10.671518,55.173437,43.849348,62.295082,,
gru_small,ETTh2,96,1,retrain,3,10.282804,2.318475,3.206681,13.062987,12.905736,59.523810,,
gru_small,ETTh2,96,1,retrain,4,20.537959,3.921807,4.531882,26.665716,27.023952,46.875000,,
gru_small,ETTh2,96,1,retrain,5,76.494010,8.410666,8.746085,88.981750,63.405381,52.830189,,
gru_small,ETTh2,96,1,retrain,6,18.089190,3.675815,4.253139,18.905705,19.209644,62.921348,,
gru_small,ETTh2,96,1,retrain,7,19.791064,3.596991,4.448715,13.755673,13.286113,71.621622,,
gru_small,ETTh2,96,1,retrain,8,33.173045,5.029540,5.759605,16.775123,16.281688,69.879518,,
gru_small,ETTh2,96,1,retrain,9,54.411415,6.165513,7.376409,19.775416,19.327689,60.674157,,
gru_small,ETTh2,192,1,retrain,0,54.393620,5.970049,7.375203,14.801783,14.636987,87.150838,,
gru_small,ETTh2,192,1,retrain,1,51.050295,5.533912,7.144949,17.276936,17.912239,81.595092,,
gru_small,ETTh2,192,1,retrain,2,69.585689,7.906360,8.341804,38.566299,33.003957,63.432836,,
gru_small,ETTh2,192,1,retrain,3,84.180768,8.271795,9.175008,51.518881,43.851992,86.470588,,
gru_small,ETTh2,192,1,retrain,4,20.441291,3.978461,4.521205,30.066588,30.102643,76.388889,,
gru_small,ETTh2,192,1,retrain,5,46.022856,5.996120,6.784015,50.247157,44.378131,45.185185,,
gru_small,ETTh2,192,1,retrain,6,27.817483,4.538823,5.274228,23.500665,23.834737,49.180328,,
gru_small,ETTh2,192,1,retrain,7,91.833276,8.084099,9.582968,34.817692,39.090601,82.269504,,
gru_small,ETTh2,192,1,retrain,8,39.970201,5.247666,6.322199,17.866126,17.546733,63.473054,,
gru_small,ETTh2,192,1,retrain,9,44.338000,5.654228,6.658679,16.180339,16.541513,57.058824,,
gru_small,ETTh2,96,0,retrain,0,34.047750,5.044076,5.835045,13.516544,13.541423,84.090909,,
gru_small,ETTh2,96,0,retrain,1,166.738649,11.634213,12.912732,42.778051,37.295878,62.500000,,
gru_small,ETTh2,96,0,retrain,2,110.692259,10.294923,10.521039,54.385739,43.255021,65.573770,,
gru_small,ETTh2,96,0,retrain,3,7.917190,2.004627,2.813750,11.294675,11.023700,61.904762,,
gru_small,ETTh2,96,0,retrain,4,22.637247,4.108502,4.757862,27.935116,28.205334,53.125000,,
gru_small,ETTh2,96,0,retrain,5,87.327510,9.066490,9.344919,95.920119,66.310231,67.924528,,
gru_small,ETTh2,96,0,retrain,6,25.122680,4.364571,5.012253,22.448163,22.588328,49.438202,,
gru_small,ETTh2,96,0,retrain,7,23.238501,3.746545,4.820633,14.327600,13.651979,78.378378,,
gru_small,ETTh2,96,0,retrain,8,65.746819,7.456492,8.108441,24.869783,22.944445,71.084337,,
gru_small,ETTh2,96,0,retrain,9,147.512421,10.882960,12.145469,34.906270,30.993509,68.539326,,
gru_small,ETTh2,336,1,retrain,0,46.521785,5.437129,6.820688,12.925806,12.939165,89.389068,,
gru_small,ETTh2,336,1,retrain,1,57.348315,5.928545,7.572867,18.237917,18.175342,89.403974,,
gru_small,ETTh2,336,1,retrain,2,128.240725,10.796680,11.324342,46.150280,38.846097,53.413655,,
gru_small,ETTh2,336,1,retrain,3,117.863731,8.857655,10.856506,53.361232,47.997667,68.796992,,
gru_small,ETTh2,336,1,retrain,4,32.011014,4.980449,5.657828,34.780576,32.545004,79.268293,,
gru_small,ETTh2,336,1,retrain,5,36.317682,5.182207,6.026415,43.890821,40.906262,50.740741,,
gru_small,ETTh2,336,1,retrain,6,36.617684,5.152970,6.051255,30.642649,31.238112,57.096774,,
gru_small,ETTh2,336,1,retrain,7,40.571854,5.338078,6.369604,23.796908,25.110338,85.338346,,
gru_small,ETTh2,336,1,retrain,8,46.137018,5.799098,6.792424,19.544990,20.933287,88.118812,,
gru_small,ETTh2,336,1,retrain,9,71.866551,7.131725,8.477414,20.009985,19.468352,46.296296,,
gru_small,ETTh2,336,0,retrain,0,46.664397,5.496718,6.831134,13.067467,13.046893,86.173633,,
gru_small,ETTh2,336,0,retrain,1,65.235168,6.376971,8.076829,19.617407,19.230482,90.397351,,
gru_small,ETTh2,336,0,retrain,2,122.727644,10.503557,11.078251,44.897327,37.998851,59.437751,,
gru_small,ETTh2,336,0,retrain,3,157.021068,10.758337,12.530805,64.811528,54.611551,75.187970,,
gru_small,ETTh2,336,0,retrain,4,45.790010,6.048405,6.766832,42.238566,37.885687,84.146341,,
gru_small,ETTh2,336,0,retrain,5,22.032857,3.995364,4.693917,33.838825,33.601273,66.666667,,
gru_small,ETTh2,336,0,retrain,6,40.398343,5.484823,6.355969,32.616047,32.882917,47.741935,,
gru_small,ETTh2,336,0,retrain,7,36.193997,5.016164,6.016145,22.361830,23.175264,83.458647,,
gru_small,ETTh2,336,0,retrain,8,37.454104,5.132090,6.119976,17.296939,18.242613,88.778878,,
gru_small,ETTh2,336,0,retrain,9,46.100711,5.416153,6.789750,15.196484,15.228636,56.296296,,
gru_small,ETTh2,720,0,retrain,0,45.533397,5.487156,6.747844,13.177902,13.338337,84.839204,,
gru_small,ETTh2,720,0,retrain,1,87.678689,8.104845,9.363690,25.196364,23.201713,81.481481,,
gru_small,ETTh2,720,0,retrain,2,85.129845,8.447412,9.226584,35.486878,31.804539,63.185841,,
gru_small,ETTh2,720,0,retrain,3,58.789047,6.130277,7.667402,32.663443,32.508736,83.082077,,
gru_small,ETTh2,720,0,retrain,4,27.341864,4.155799,5.228945,28.253486,27.626119,49.256506,,
gru_small,ETTh2,720,0,retrain,5,21.223693,3.876860,4.606918,31.989644,30.888626,81.090290,,
gru_small,ETTh2,720,0,retrain,6,43.594764,5.426318,6.602633,30.085512,31.600496,86.412214,,
gru_small,ETTh2,720,0,retrain,7,48.236534,5.564197,6.945253,27.045967,27.779446,50.694444,,
gru_small,ETTh2,720,0,retrain,8,179.700546,12.452480,13.405243,39.786131,49.201676,87.751938,,
gru_small,ETTh2,720,0,retrain,9,129.202694,9.905129,11.366736,28.390009,31.703841,48.949919,,
gru_small,ETTh2,720,1,retrain,0,41.944576,5.138977,6.476463,12.341717,12.518240,84.532925,,
gru_small,ETTh2,720,1,retrain,1,92.010950,8.330175,9.592234,25.896870,23.720699,83.091787,,
gru_small,ETTh2,720,1,retrain,2,63.149468,7.143605,7.946664,30.009693,27.624713,80.707965,,
gru_small,ETTh2,720,1,retrain,3,58.924861,6.123581,7.676253,32.627763,32.519747,87.604690,,
gru_small,ETTh2,720,1,retrain,4,39.790757,5.467833,6.307992,37.173436,33.805618,81.412639,,
gru_small,ETTh2,720,1,retrain,5,25.024313,4.329442,5.002431,35.724089,33.687964,85.689949,,
gru_small,ETTh2,720,1,retrain,6,54.469152,5.930631,7.380322,32.881608,34.829371,50.687023,,
gru_small,ETTh2,720,1,retrain,7,46.318476,5.444883,6.805768,26.466016,27.140892,50.173611,,
gru_small,ETTh2,720,1,retrain,8,173.215829,12.162873,13.161148,38.860825,47.077824,82.170543,,
gru_small,ETTh2,720,1,retrain,9,42.855529,5.060120,6.546413,14.503279,14.323047,72.213247,,
gru_small,ETTh2,336,2,retrain,0,51.045737,5.785285,7.144630,13.753485,13.730070,86.816720,,
gru_small,ETTh2,336,2,retrain,1,65.984394,6.596377,8.123078,20.292363,19.782516,89.735099,,
gru_small,ETTh2,336,2,retrain,2,171.249490,12.055808,13.086233,51.532408,41.788274,68.273092,,
gru_small,ETTh2,336,2,retrain,3,147.238697,10.304472,12.134195,62.077301,53.079227,70.676692,,
gru_small,ETTh2,336,2,retrain,4,39.696902,5.569605,6.300548,38.894902,35.687986,76.016260,,
gru_small,ETTh2,336,2,retrain,5,28.613577,4.561167,5.349166,38.630909,37.258030,54.444444,,
gru_small,ETTh2,336,2,retrain,6,36.054196,5.096000,6.004515,30.303874,30.938161,53.870968,,
gru_small,ETTh2,336,2,retrain,7,45.625392,5.609780,6.754657,25.008143,26.466165,81.203008,,
gru_small,ETTh2,336,2,retrain,8,52.490687,6.370667,7.245046,21.471378,23.936791,88.778878,,
gru_small,ETTh2,336,2,retrain,9,56.181975,6.281723,7.495464,17.625074,17.428585,49.629630,,
gru_small,ETTh2,720,2,retrain,0,46.955202,5.563036,6.852387,13.360133,13.527632,83.920368,,
gru_small,ETTh2,720,2,retrain,1,54.356122,5.948544,7.372660,18.492847,17.657905,85.507246,,
gru_small,ETTh2,720,2,retrain,2,95.423464,9.071043,9.768493,38.106700,33.470276,79.823009,,
gru_small,ETTh2,720,2,retrain,3,58.461396,5.997471,7.646005,31.955823,31.901877,86.432161,,
gru_small,ETTh2,720,2,retrain,4,36.294427,4.980884,6.024486,33.862880,31.671514,57.806691,,
gru_small,ETTh2,720,2,retrain,5,21.348209,3.902243,4.620412,32.199086,31.012297,87.052811,,
gru_small,ETTh2,720,2,retrain,6,50.280689,5.692686,7.090888,31.562354,33.110507,54.961832,,
gru_small,ETTh2,720,2,retrain,7,52.052964,5.691436,7.214774,27.664440,29.241806,85.937500,,
gru_small,ETTh2,720,2,retrain,8,78.992969,7.479829,8.887799,23.898330,25.865569,80.930233,,
gru_small,ETTh2,720,2,retrain,9,68.538250,7.045846,8.278783,20.194752,19.392076,79.159935,,
gru_small,ETTm1,192,0,retrain,0,45.054745,5.133072,6.712283,16.946275,16.769788,46.408840,,
gru_small,ETTm1,192,0,retrain,1,26.118083,4.819311,5.110585,12.664862,13.439991,43.888889,,
gru_small,ETTm1,192,0,retrain,2,12.934584,3.143393,3.596468,7.884248,7.740697,49.473684,,
gru_small,ETTm1,192,0,retrain,3,3.624182,1.479325,1.903728,4.279844,4.297595,46.892655,,
gru_small,ETTm1,192,0,retrain,4,4.560147,1.737316,2.135450,5.354592,5.313261,52.840909,,
gru_small,ETTm1,192,0,retrain,5,18.630014,3.904808,4.316250,13.686447,12.944736,48.214286,,
gru_small,ETTm1,192,0,retrain,6,19.719476,4.079038,4.440662,15.695647,14.723226,51.136364,,
gru_small,ETTm1,192,0,retrain,7,31.678784,5.284714,5.628391,22.956737,21.192065,57.647059,,
gru_small,ETTm1,192,0,retrain,8,48.779723,6.191737,6.984248,33.981331,30.167379,52.873563,,
gru_small,ETTm1,192,0,retrain,9,5.097546,1.942478,2.257775,8.541842,8.483266,59.649123,,
gru_small,ETTm1,96,2,retrain,0,76.458197,7.727545,8.744038,28.383930,25.895287,52.222222,,
gru_small,ETTm1,96,2,retrain,1,24.417948,4.547092,4.941452,11.799762,12.461675,45.977011,,
gru_small,ETTm1,96,2,retrain,2,7.469617,2.672391,2.733060,6.986519,6.740760,66.666667,,
gru_small,ETTm1,96,2,retrain,3,10.802219,3.153611,3.286673,9.170488,8.841129,43.333333,,
gru_small,ETTm1,96,2,retrain,4,4.454543,1.816678,2.110579,5.609587,5.551445,48.192771,,
gru_small,ETTm1,96,2,retrain,5,6.065637,2.174997,2.462851,7.396507,7.303845,60.493827,,
gru_small,ETTm1,96,2,retrain,6,19.419553,4.024300,4.406762,15.987109,14.613927,53.333333,,
gru_small,ETTm1,96,2,retrain,7,2.059866,1.218982,1.435223,4.988456,4.969460,53.658537,,
gru_small,ETTm1,96,2,retrain,8,43.736854,6.342588,6.613384,39.001007,33.844717,55.172414,,
gru_small,ETTm1,96,2,retrain,9,1.600238,1.135579,1.265005,4.873223,4.862402,62.790698,,
gru_small,ETTm1,96,0,retrain,0,59.423988,6.455101,7.708696,23.710134,22.224954,51.111111,,
gru_small,ETTm1,96,0,retrain,1,28.410246,4.988928,5.330126,12.946331,13.766137,49.425287,,
gru_small,ETTm1,96,0,retrain,2,15.816558,3.892751,3.977004,10.176946,9.665273,33.333333,,
gru_small,ETTm1,96,0,retrain,3,7.748281,2.604823,2.783573,7.574652,7.373667,57.777778,,
gru_small,ETTm1,96,0,retrain,4,2.445135,1.394851,1.563693,4.307060,4.269421,55.421687,,
gru_small,ETTm1,96,0,retrain,5,7.414540,2.467632,2.722965,8.391668,8.273097,53.086420,,
gru_small,ETTm1,96,0,retrain,6,20.781522,4.420134,4.558676,17.559615,16.078002,33.333333,,
gru_small,ETTm1,96,0,retrain,7,1.897540,1.119475,1.377512,4.581243,4.618169,54.878049,,
gru_small,ETTm1,96,0,retrain,8,44.430737,6.129260,6.665639,37.689243,32.865018,50.574713,,
gru_small,ETTm1,96,0,retrain,9,1.507262,1.075509,1.227706,4.615441,4.589938,59.302326,,
gru_small,ETTm1,192,1,retrain,0,43.864184,5.005559,6.623004,16.525304,16.403609,45.856354,,
gru_small,ETTm1,192,1,retrain,1,24.939912,4.716047,4.993988,12.393491,13.130303,50.000000,,
gru_small,ETTm1,192,1,retrain,2,12.115686,3.094183,3.480759,7.760819,7.628362,46.315789,,
gru_small,ETTm1,192,1,retrain,3,7.823455,2.439048,2.797044,7.056422,7.236625,45.762712,,
gru_small,ETTm1,192,1,retrain,4,5.753319,1.786874,2.398608,5.507335,5.488305,53.409091,,
gru_small,ETTm1,192,1,retrain,5,20.078331,4.078819,4.480885,14.296362,13.476851,54.166667,,
gru_small,ETTm1,192,1,retrain,6,15.624110,3.462914,3.952735,13.324876,12.556405,55.681818,,
gru_small,ETTm1,192,1,retrain,7,29.971188,5.075222,5.474595,22.046707,20.441631,65.294118,,
gru_small,ETTm1,192,1,retrain,8,43.159307,5.802073,6.569574,31.842790,28.601739,54.022989,,
gru_small,ETTm1,192,1,retrain,9,4.519445,1.846051,2.125899,8.117813,8.085973,61.403509,,
gru_small,ETTm1,192,2,retrain,0,42.293877,4.885847,6.503374,16.130088,16.062372,45.303867,,
gru_small,ETTm1,192,2,retrain,1,29.967731,5.254025,5.474279,13.807265,14.748260,50.000000,,
gru_small,ETTm1,192,2,retrain,2,9.924143,2.797234,3.150261,7.016011,6.915297,51.578947,,
gru_small,ETTm1,192,2,retrain,3,8.494932,2.533611,2.914607,7.330006,7.535172,36.723164,,
gru_small,ETTm1,192,2,retrain,4,4.368568,1.713634,2.090112,5.281602,5.239147,46.022727,,
gru_small,ETTm1,192,2,retrain,5,20.446182,4.112636,4.521745,14.414890,13.580961,52.380952,,
gru_small,ETTm1,192,2,retrain,6,19.462926,3.911801,4.411681,15.052139,14.071202,54.545455,,
gru_small,ETTm1,192,2,retrain,7,30.611609,5.270976,5.532776,22.897061,21.123626,62.941176,,
gru_small,ETTm1,192,2,retrain,8,48.848418,6.246577,6.989164,34.282304,30.447732,55.172414,,
gru_small,ETTm1,192,2,retrain,9,5.588260,2.051956,2.363950,9.023260,8.944040,62.573099,,
gru_small,ETTm1,96,1,retrain,0,83.920935,8.182309,9.160837,30.054313,27.151097,55.555556,,
gru_small,ETTm1,96,1,retrain,1,24.810919,4.609534,4.981056,11.961798,12.641812,51.724138,,
gru_small,ETTm1,96,1,retrain,2,11.918172,3.416694,3.452271,8.932374,8.543311,66.666667,,
gru_small,ETTm1,96,1,retrain,3,12.569452,3.336190,3.545342,9.701418,9.340117,52.222222,,
gru_small,ETTm1,96,1,retrain,4,3.429183,1.648525,1.851805,5.090362,5.039662,44.578313,,
gru_small,ETTm1,96,1,retrain,5,5.814243,2.236297,2.411274,7.604967,7.545571,53.086420,,
gru_small,ETTm1,96,1,retrain,6,22.120199,4.484446,4.703212,17.815106,16.257846,20.000000,,
gru_small,ETTm1,96,1,retrain,7,2.335902,1.300451,1.528366,5.321853,5.289612,41.463415,,
gru_small,ETTm1,96,1,retrain,8,44.152903,6.292235,6.644765,38.691385,33.681346,60.919540,,
gru_small,ETTm1,96,1,retrain,9,2.048301,1.234675,1.431189,5.298487,5.265146,59.302326,,
gru_small,ETTm1,336,0,retrain,0,32.390855,4.652893,5.691296,14.286814,14.781653,48.407643,,
gru_small,ETTm1,336,0,retrain,1,18.527837,3.772882,4.304397,10.193052,10.605360,54.889590,,
gru_small,ETTm1,336,0,retrain,2,10.794286,2.757279,3.285466,6.846452,6.798633,49.783550,,
gru_small,ETTm1,336,0,retrain,3,17.211624,3.781446,4.148689,10.816701,10.397047,49.841270,,
gru_small,ETTm1,336,0,retrain,4,4.404126,1.687273,2.098601,5.227999,5.183322,54.485050,,
gru_small,ETTm1,336,0,retrain,5,14.861473,3.482479,3.855058,12.215025,11.659624,45.901639,,
gru_small,ETTm1,336,0,retrain,6,41.277408,5.844713,6.424750,22.536786,20.395199,38.604651,,
gru_small,ETTm1,336,0,retrain,7,43.527044,5.764746,6.597503,24.560088,22.591460,43.421053,,
gru_small,ETTm1,336,0,retrain,8,48.515080,5.718759,6.965277,27.332380,25.667851,41.000000,,
gru_small,ETTm1,336,0,retrain,9,14.662174,3.229971,3.829122,14.313778,13.740813,47.157191,,
gru_small,ETTm1,720,0,retrain,0,21.482309,3.748156,4.634901,11.320387,11.736338,49.253731,,
gru_small,ETTm1,720,0,retrain,1,29.069340,4.608056,5.391599,12.453782,12.873686,46.902655,,
gru_small,ETTm1,720,0,retrain,2,25.038297,4.457395,5.003828,11.396409,11.634679,53.071672,,
gru_small,ETTm1,720,0,retrain,3,28.138766,4.593608,5.304599,13.535049,12.722141,51.032448,,
gru_small,ETTm1,720,0,retrain,4,19.106538,3.764507,4.371103,11.809743,11.250945,51.004637,,
gru_small,ETTm1,720,0,retrain,5,12.578841,3.103414,3.546666,10.234165,10.115537,46.776612,,
gru_small,ETTm1,720,0,retrain,6,54.310474,6.498757,7.369564,24.895002,22.337414,36.250000,,
gru_small,ETTm1,720,0,retrain,7,40.446677,5.306667,6.359770,21.159151,19.682650,39.379845,,
gru_small,ETTm1,720,0,retrain,8,35.332779,4.891682,5.944138,21.965703,20.861448,43.962848,,
gru_small,ETTm1,720,0,retrain,9,13.150622,3.083492,3.626379,13.284007,12.853062,42.679128,,
gru_small,ETTm1,336,1,retrain,0,32.333792,4.726230,5.686281,14.511998,15.045103,49.681529,,
gru_small,ETTm1,336,1,retrain,1,15.771570,3.162694,3.971344,8.544529,8.829509,53.627760,,
gru_small,ETTm1,336,1,retrain,2,12.998355,2.670947,3.605323,6.632084,6.688238,51.515152,,
gru_small,ETTm1,336,1,retrain,3,24.234585,4.554045,4.922864,13.026695,12.364811,50.476190,,
gru_small,ETTm1,336,1,retrain,4,5.723888,2.060659,2.392465,6.384933,6.302489,54.152824,,
gru_small,ETTm1,336,1,retrain,5,16.827563,3.697870,4.102141,12.970523,12.321616,43.606557,,
gru_small,ETTm1,336,1,retrain,6,33.379671,5.201491,5.777514,20.056570,18.398230,33.953488,,
gru_small,ETTm1,336,1,retrain,7,51.116010,6.281759,7.149546,26.762766,24.289322,41.118421,,
gru_small,ETTm1,336,1,retrain,8,42.426677,5.265109,6.513576,25.164196,23.973427,40.333333,,
gru_small,ETTm1,336,1,retrain,9,14.639215,3.222042,3.826123,14.278644,13.694817,43.812709,,
gru_small,ETTm1,336,2,retrain,0,31.792758,4.703502,5.638507,14.442211,14.994000,52.866242,,
gru_small,ETTm1,336,2,retrain,1,14.879406,3.338255,3.857383,9.018837,9.311077,52.996845,,
gru_small,ETTm1,336,2,retrain,2,14.988665,2.973591,3.871520,7.383563,7.501477,47.619048,,
gru_small,ETTm1,336,2,retrain,3,14.866066,3.519229,3.855654,10.066638,9.716435,49.841270,,
gru_small,ETTm1,336,2,retrain,4,5.789654,2.054361,2.406170,6.365419,6.291574,56.478405,,
gru_small,ETTm1,336,2,retrain,5,23.363116,4.321296,4.833541,15.157231,14.171668,44.590164,,
gru_small,ETTm1,336,2,retrain,6,34.218882,5.269016,5.849691,20.316942,18.614540,33.953488,,
gru_small,ETTm1,336,2,retrain,7,38.977308,5.406526,6.243181,23.033930,21.383133,43.750000,,
gru_small,ETTm1,336,2,retrain,8,40.337187,5.068052,6.351156,24.222376,23.218887,39.333333,,
gru_small,ETTm1,336,2,retrain,9,15.671348,3.350998,3.958705,14.850118,14.202767,42.140468,,
gru_small,ETTm1,720,1,retrain,0,20.676466,3.663209,4.547138,11.063827,11.456259,51.940299,,
gru_small,ETTm1,720,1,retrain,1,29.038029,4.534084,5.388695,12.253865,12.666588,48.672566,,
gru_small,ETTm1,720,1,retrain,2,24.515756,4.229151,4.951339,10.812847,11.127250,49.146758,,
gru_small,ETTm1,720,1,retrain,3,29.420941,4.738243,5.424107,13.961216,13.087413,49.557522,,
gru_small,ETTm1,720,1,retrain,4,13.945374,3.150390,3.734351,9.883178,9.551782,49.304482,,
gru_small,ETTm1,720,1,retrain,5,12.157287,3.039406,3.486730,10.023085,9.914189,50.524738,,
gru_small,ETTm1,720,1,retrain,6,54.641817,6.706541,7.392010,25.690969,23.040508,34.285714,,
gru_small,ETTm1,720,1,retrain,7,46.538503,5.839752,6.821913,23.284710,21.389076,40.000000,,
gru_small,ETTm1,720,1,retrain,8,31.527816,4.587155,5.614964,20.598252,19.808618,47.832817,,
gru_small,ETTm1,720,1,retrain,9,14.070410,3.141672,3.751054,13.534653,13.062764,44.859813,,
gru_small,ETTm1,720,2,retrain,0,21.082570,3.702931,4.591576,11.183795,11.582969,45.970149,,
gru_small,ETTm1,720,2,retrain,1,28.327903,4.515494,5.322396,12.203624,12.588169,47.787611,,
gru_small,ETTm1,720,2,retrain,2,23.882650,4.238993,4.886988,10.838011,11.084382,48.464164,,
gru_small,ETTm1,720,2,retrain,3,28.296608,4.651520,5.319456,13.705687,12.882321,53.687316,,
gru_small,ETTm1,720,2,retrain,4,17.248989,3.557489,4.153190,11.160300,10.693791,48.995363,,
gru_small,ETTm1,720,2,retrain,5,13.115765,3.175633,3.621569,10.472322,10.343378,51.574213,,
gru_small,ETTm1,720,2,retrain,6,54.477251,6.769576,7.380871,25.932440,23.250851,43.392857,,
gru_small,ETTm1,720,2,retrain,7,28.631483,4.279437,5.350839,17.063302,16.360845,42.325581,,
gru_small,ETTm1,720,2,retrain,8,26.191319,4.111262,5.117746,18.461292,18.035526,44.427245,,
gru_small,ETTm1,720,2,retrain,9,14.717175,3.251746,3.836297,14.008861,13.472824,40.809969,,
gru_small,ETTm2,96,2,retrain,0,26.885727,4.783094,5.185145,13.090732,12.746442,54.347826,,
gru_small,ETTm2,96,2,retrain,1,50.936411,6.012118,7.136975,12.648151,13.003984,62.337662,,
gru_small,ETTm2,96,2,retrain,2,16.963758,3.637826,4.118708,7.683279,7.529961,100.000000,,
gru_small,ETTm2,96,2,retrain,3,1.688246,0.905764,1.299325,2.042878,2.011138,87.931034,,
gru_small,ETTm2,96,2,retrain,4,1.357509,0.945571,1.165122,2.010600,2.021177,94.736842,,
gru_small,ETTm2,96,2,retrain,5,15.220919,3.360887,3.901400,7.380574,7.394964,81.818182,,
gru_small,ETTm2,96,2,retrain,6,20.521802,3.756380,4.530100,11.104642,10.456914,87.500000,,
gru_small,ETTm2,96,2,retrain,7,28.598559,4.201721,5.347762,11.841777,11.760856,86.440678,,
gru_small,ETTm2,96,2,retrain,8,71.347117,8.008698,8.446722,31.016018,26.586094,70.000000,,
gru_small,ETTm2,96,2,retrain,9,4.756377,1.640827,2.180912,4.689093,4.561948,93.939394,,
gru_small,ETTm2,96,0,retrain,0,33.664744,5.227922,5.802133,14.308169,13.809857,41.304348,,
gru_small,ETTm2,96,0,retrain,1,49.117952,5.942890,7.008420,12.502511,12.849048,68.831169,,
gru_small,ETTm2,96,0,retrain,2,17.298983,3.617257,4.159205,7.639836,7.472105,100.000000,,
gru_small,ETTm2,96,0,retrain,3,0.636488,0.567114,0.797802,1.279079,1.262660,84.482759,,
gru_small,ETTm2,96,0,retrain,4,1.233286,0.894087,1.110534,1.901128,1.898964,96.052632,,
gru_small,ETTm2,96,0,retrain,5,12.924494,3.222966,3.595065,7.077695,7.120087,89.393939,,
gru_small,ETTm2,96,0,retrain,6,17.001009,3.459932,4.123228,10.228280,9.738624,87.500000,,
gru_small,ETTm2,96,0,retrain,7,23.822067,3.853935,4.880785,10.861606,10.727281,88.135593,,
gru_small,ETTm2,96,0,retrain,8,72.499803,8.051123,8.514682,31.180324,26.689162,63.333333,,
gru_small,ETTm2,96,0,retrain,9,3.548529,1.357513,1.883754,3.879450,3.749137,95.454545,,
gru_small,ETTm2,96,1,retrain,0,33.403076,5.285530,5.779539,14.465834,13.990583,54.347826,,
gru_small,ETTm2,96,1,retrain,1,52.244792,6.028803,7.228056,12.683252,13.030467,53.246753,,
gru_small,ETTm2,96,1,retrain,2,17.576320,3.658603,4.192412,7.727160,7.520608,100.000000,,
gru_small,ETTm2,96,1,retrain,3,0.799656,0.682237,0.894235,1.538730,1.527207,86.206897,,
gru_small,ETTm2,96,1,retrain,4,1.399673,0.859137,1.183078,1.826812,1.777771,94.736842,,
gru_small,ETTm2,96,1,retrain,5,13.149854,3.059664,3.626273,6.719081,6.694385,75.757576,,
gru_small,ETTm2,96,1,retrain,6,18.294244,3.609676,4.277177,10.670955,10.113226,62.500000,,
gru_small,ETTm2,96,1,retrain,7,28.831379,4.239051,5.369486,11.946984,11.893496,86.440678,,
gru_small,ETTm2,96,1,retrain,8,73.280964,8.127691,8.560430,31.476853,26.929104,63.333333,,
gru_small,ETTm2,96,1,retrain,9,3.581876,1.424214,1.892584,4.070064,3.948685,93.939394,,
gru_small,ETTm2,192,0,retrain,0,26.377187,4.411184,5.135873,12.005170,11.708306,53.465347,,
gru_small,ETTm2,192,0,retrain,1,74.244009,7.219634,8.616496,15.267892,16.017285,44.827586,,
gru_small,ETTm2,192,0,retrain,2,11.585775,2.675324,3.403788,5.563049,5.420135,78.571429,,
gru_small,ETTm2,192,0,retrain,3,16.052841,3.667575,4.006600,8.296122,8.571597,75.968992,,
gru_small,ETTm2,192,0,retrain,4,4.215054,1.680723,2.053060,3.586961,3.578221,90.728477,,
gru_small,ETTm2,192,0,retrain,5,13.355819,3.379756,3.654561,7.542376,7.292558,96.093750,,
gru_small,ETTm2,192,0,retrain,6,16.309495,3.092525,4.038502,8.677971,8.275392,91.780822,,
gru_small,ETTm2,192,0,retrain,7,48.864685,6.733557,6.990328,20.005147,18.848346,90.598291,,
gru_small,ETTm2,192,0,retrain,8,65.883476,7.300774,8.116864,26.403243,23.331451,70.689655,,
gru_small,ETTm2,192,0,retrain,9,11.099457,2.874148,3.331585,8.442533,8.238878,89.147287,,
gru_small,ETTm2,192,1,retrain,0,24.081402,4.140775,4.907281,11.269246,11.022500,59.405941,,
gru_small,ETTm2,192,1,retrain,1,56.146896,6.508221,7.493123,13.763415,14.327617,75.862069,,
gru_small,ETTm2,192,1,retrain,2,8.754753,2.336225,2.958843,4.857928,4.750913,74.285714,,
gru_small,ETTm2,192,1,retrain,3,16.518633,3.680709,4.064312,8.325832,8.562502,75.193798,,
gru_small,ETTm2,192,1,retrain,4,1.273753,0.854882,1.128607,1.824471,1.768225,93.377483,,
gru_small,ETTm2,192,1,retrain,5,9.098427,2.683498,3.016360,5.988583,5.810021,95.312500,,
gru_small,ETTm2,192,1,retrain,6,18.705379,3.290854,4.324972,9.234504,8.813240,86.301370,,
gru_small,ETTm2,192,1,retrain,7,52.421825,6.933936,7.240292,20.600465,19.357792,89.743590,,
gru_small,ETTm2,192,1,retrain,8,74.754781,7.832502,8.646085,28.326234,24.771509,74.137931,,
gru_small,ETTm2,192,1,retrain,9,5.493449,1.911156,2.343811,5.613836,5.490652,97.674419,,
gru_small,ETTm2,192,2,retrain,0,25.382287,4.420116,5.038084,12.029479,11.748795,55.445545,,
gru_small,ETTm2,192,2,retrain,1,58.943209,6.681481,7.677448,14.129821,14.750917,64.827586,,
gru_small,ETTm2,192,2,retrain,2,14.698366,2.946788,3.833845,6.127529,5.933936,90.000000,,
gru_small,ETTm2,192,2,retrain,3,15.517368,3.438617,3.939209,7.778215,8.097554,65.116279,,
gru_small,ETTm2,192,2,retrain,4,2.669230,1.390758,1.633778,2.968125,3.003292,92.715232,,
gru_small,ETTm2,192,2,retrain,5,6.381798,2.212815,2.526222,4.938192,4.839275,95.312500,,
gru_small,ETTm2,192,2,retrain,6,21.205194,3.432980,4.604910,9.633325,9.144948,84.931507,,
gru_small,ETTm2,192,2,retrain,7,54.292708,7.111886,7.368359,21.129149,19.796977,90.598291,,
gru_small,ETTm2,192,2,retrain,8,78.901019,7.929647,8.882625,28.677560,24.984944,72.413793,,
gru_small,ETTm2,192,2,retrain,9,3.960594,1.784610,1.990124,5.242122,5.150875,98.449612,,
gru_small,ETTm2,720,0,retrain,0,59.143684,6.500697,7.690493,16.743428,17.467878,36.666667,,
gru_small,ETTm2,720,0,retrain,1,62.320312,6.053001,7.894321,13.269071,13.637613,46.544715,,
gru_small,ETTm2,720,0,retrain,2,66.691569,6.427138,8.166491,13.431142,13.903722,21.088435,,
gru_small,ETTm2,720,0,retrain,3,43.500846,5.495390,6.595517,12.847590,12.405374,43.046358,,
gru_small,ETTm2,720,0,retrain,4,68.592114,6.955853,8.282036,15.193884,15.658733,22.593320,,
gru_small,ETTm2,720,0,retrain,5,56.501004,6.595046,7.516715,14.866269,14.500045,25.720165,,
gru_small,ETTm2,720,0,retrain,6,130.447535,9.865698,11.421363,26.351456,24.062545,21.491228,,
gru_small,ETTm2,720,0,retrain,7,59.775420,6.546513,7.731457,17.700535,17.353139,25.507901,,
gru_small,ETTm2,720,0,retrain,8,145.635552,10.384047,12.067956,31.203761,27.768484,31.282051,,
gru_small,ETTm2,720,0,retrain,9,57.784494,6.440496,7.601611,18.806621,18.158440,28.137652,,
gru_small,ETTm2,336,1,retrain,0,15.927727,3.305737,3.990956,8.650119,8.663361,47.023810,,
gru_small,ETTm2,336,1,retrain,1,92.048378,8.582649,9.594185,18.518903,19.946657,50.420168,,
gru_small,ETTm2,336,1,retrain,2,56.179796,6.525454,7.495318,13.337615,13.241874,18.784530,,
gru_small,ETTm2,336,1,retrain,3,46.589037,5.825354,6.825616,13.389137,13.038643,22.522523,,
gru_small,ETTm2,336,1,retrain,4,67.093233,7.235902,8.191046,15.537742,15.657382,22.448980,,
gru_small,ETTm2,336,1,retrain,5,52.200303,6.472386,7.224978,15.064916,14.638245,24.870466,,
gru_small,ETTm2,336,1,retrain,6,134.583423,10.233822,11.601010,28.139991,25.438517,22.340426,,
gru_small,ETTm2,336,1,retrain,7,97.208281,8.402677,9.859426,24.231621,22.505778,33.846154,,
gru_small,ETTm2,336,1,retrain,8,119.383549,9.349549,10.926278,29.456403,26.724917,30.000000,,
gru_small,ETTm2,336,1,retrain,9,47.340047,6.150377,6.880410,18.708806,18.147271,19.457014,,
gru_small,ETTm2,336,0,retrain,0,19.787393,3.781725,4.448302,9.895637,9.873304,45.238095,,
gru_small,ETTm2,336,0,retrain,1,95.037274,8.691422,9.748706,18.753604,20.241985,44.957983,,
gru_small,ETTm2,336,0,retrain,2,58.475501,6.687590,7.646928,13.669011,13.779311,22.651934,,
gru_small,ETTm2,336,0,retrain,3,45.816041,5.445280,6.768755,12.515565,12.065059,32.432432,,
gru_small,ETTm2,336,0,retrain,4,67.805224,7.093839,8.234393,15.232688,15.501755,22.448980,,
gru_small,ETTm2,336,0,retrain,5,51.966497,6.485824,7.208779,15.096194,14.651263,20.725389,,
gru_small,ETTm2,336,0,retrain,6,123.232117,9.851629,11.100996,27.089074,24.702703,21.276596,,
gru_small,ETTm2,336,0,retrain,7,103.340786,8.650552,10.165667,24.946441,23.057883,31.794872,,
gru_small,ETTm2,336,0,retrain,8,105.855063,9.015210,10.288589,28.403045,25.902875,32.500000,,
gru_small,ETTm2,336,0,retrain,9,58.161984,6.759801,7.626400,20.562607,19.682452,19.457014,,
gru_small,ETTm2,720,1,retrain,0,54.731343,6.204011,7.398063,15.979273,16.789081,44.102564,,
gru_small,ETTm2,720,1,retrain,1,59.437506,6.144227,7.709572,13.469053,13.844340,46.951220,,
gru_small,ETTm2,720,1,retrain,2,66.984938,6.490818,8.184433,13.564216,14.024117,20.861678,,
gru_small,ETTm2,720,1,retrain,3,49.379841,5.863030,7.027079,13.707090,13.154453,35.320088,,
gru_small,ETTm2,720,1,retrain,4,69.593669,7.215277,8.342282,15.760551,16.090652,23.379175,,
gru_small,ETTm2,720,1,retrain,5,53.586946,6.417996,7.320311,14.467172,14.180798,24.485597,,
gru_small,ETTm2,720,1,retrain,6,131.455669,10.037782,11.465412,26.811095,24.446532,23.684211,,
gru_small,ETTm2,720,1,retrain,7,55.669838,6.329341,7.461222,17.113342,16.693237,33.182844,,
gru_small,ETTm2,720,1,retrain,8,149.002955,10.626998,12.206677,31.933821,28.368156,33.333333,,
gru_small,ETTm2,720,1,retrain,9,57.801368,6.430159,7.602721,18.776436,18.161060,26.113360,,
gru_small,ETTm2,720,2,retrain,0,54.054598,6.149299,7.352183,15.838354,16.675008,48.461538,,
gru_small,ETTm2,720,2,retrain,1,64.587686,6.133826,8.036646,13.446251,13.817802,38.617886,,
gru_small,ETTm2,720,2,retrain,2,57.702191,6.210013,7.596196,12.977403,13.162612,21.088435,,
gru_small,ETTm2,720,2,retrain,3,46.259845,5.672777,6.801459,13.262299,12.773113,43.267108,,
gru_small,ETTm2,720,2,retrain,4,72.342350,7.273371,8.505431,15.887447,16.441168,26.129666,,
gru_small,ETTm2,720,2,retrain,5,55.363788,6.540631,7.440685,14.743610,14.396057,25.514403,,
gru_small,ETTm2,720,2,retrain,6,132.985439,9.965684,11.531931,26.618521,24.274469,21.271930,,
gru_small,ETTm2,720,2,retrain,7,66.399264,6.939231,8.148574,18.762371,18.240874,29.571106,,
gru_small,ETTm2,720,2,retrain,8,132.081246,9.858816,11.492661,29.625457,26.651912,31.025641,,
gru_small,ETTm2,720,2,retrain,9,53.009379,6.180517,7.280754,18.047469,17.541858,26.518219,,
gru_small,ETTm2,336,2,retrain,0,17.451850,3.506427,4.177541,9.175267,9.167366,48.214286,,
gru_small,ETTm2,336,2,retrain,1,85.215771,8.172972,9.231239,17.634939,18.877536,51.680672,,
gru_small,ETTm2,336,2,retrain,2,51.585636,6.202195,7.182314,12.676894,12.636140,16.022099,,
gru_small,ETTm2,336,2,retrain,3,49.275190,5.729266,7.019629,13.168285,12.645063,50.450450,,
gru_small,ETTm2,336,2,retrain,4,62.911591,6.728245,7.931683,14.447644,14.740825,23.673469,,
gru_small,ETTm2,336,2,retrain,5,51.702930,6.456631,7.190475,15.028245,14.590486,25.906736,,
gru_small,ETTm2,336,2,retrain,6,132.511863,10.156900,11.511380,27.928479,25.272954,22.340426,,
gru_small,ETTm2,336,2,retrain,7,94.936471,8.313884,9.743535,23.975558,22.313120,30.256410,,
gru_small,ETTm2,336,2,retrain,8,123.359172,9.619025,11.106717,30.305407,27.397745,30.000000,,
gru_small,ETTm2,336,2,retrain,9,47.419982,6.220945,6.886217,18.923466,18.306939,18.099548,,
gru_small,Weather,96,0,retrain,0,110.513034,10.334990,10.512518,2.455146,2.425842,48.648649,,
gru_small,Weather,96,0,retrain,1,32.530126,4.320316,5.703519,1.009226,1.007771,40.449438,,
gru_small,Weather,96,0,retrain,2,101.440989,8.146232,10.071792,1.837923,1.841170,48.351648,,
gru_small,Weather,96,0,retrain,3,687.990556,25.068817,26.229574,5.411947,5.544507,53.684211,,
gru_small,Weather,96,0,retrain,4,23.216614,4.121321,4.818362,0.983861,0.980640,54.166667,,
gru_small,Weather,96,0,retrain,5,194.468999,11.535987,13.945214,2.675412,2.695360,47.777778,,
gru_small,Weather,96,0,retrain,6,0.822017,0.750295,0.906652,0.178863,0.178992,53.521127,,
gru_small,Weather,96,0,retrain,7,44.664418,5.656888,6.683144,1.340849,1.336012,42.307692,,
gru_small,Weather,96,0,retrain,8,30.106442,5.273086,5.486934,1.254439,1.247117,55.714286,,
gru_small,Weather,96,0,retrain,9,16.647145,3.580283,4.080091,0.846726,0.849206,46.913580,,
gru_small,Weather,96,1,retrain,0,147.316422,11.921573,12.137398,2.832050,2.792718,48.648649,,
gru_small,Weather,96,1,retrain,1,41.388741,4.619679,6.433408,1.079157,1.078376,42.696629,,
gru_small,Weather,96,1,retrain,2,121.303674,8.791693,11.013795,1.983550,1.989062,45.054945,,
gru_small,Weather,96,1,retrain,3,660.909431,24.330220,25.708159,5.252496,5.374486,41.052632,,
gru_small,Weather,96,1,retrain,4,30.167448,4.977631,5.492490,1.188283,1.182927,44.444444,,
gru_small,Weather,96,1,retrain,5,215.686101,12.468223,14.686256,2.891615,2.917706,55.555556,,
gru_small,Weather,96,1,retrain,6,2.017990,1.188301,1.420560,0.283279,0.283304,54.929577,,
gru_small,Weather,96,1,retrain,7,42.007187,5.713759,6.481295,1.354329,1.348934,43.589744,,
gru_small,Weather,96,1,retrain,8,52.722190,7.042703,7.261005,1.675421,1.662062,55.714286,,
gru_small,Weather,96,1,retrain,9,10.258094,2.844950,3.202826,0.672822,0.674151,49.382716,,
gru_small,Weather,192,1,retrain,0,58.138260,7.003457,7.624845,1.657051,1.646063,49.685535,,
gru_small,Weather,192,1,retrain,1,26.105077,3.794374,5.109313,0.889630,0.888665,43.646409,,
gru_small,Weather,192,1,retrain,2,235.207087,12.238967,15.336463,2.818270,2.825555,54.594595,,
gru_small,Weather,192,1,retrain,3,481.969452,18.832867,21.953803,4.134907,4.185364,47.311828,,
gru_small,Weather,192,1,retrain,4,11.835731,2.717025,3.440310,0.648002,0.646108,50.340136,,
gru_small,Weather,192,1,retrain,5,104.008776,6.879226,10.198469,1.614828,1.612457,43.624161,,
gru_small,Weather,192,1,retrain,6,71.507844,8.199639,8.456231,1.955819,1.936272,56.250000,,
gru_small,Weather,192,1,retrain,7,36.261529,4.948223,6.021755,1.169382,1.168936,56.804734,,
gru_small,Weather,192,1,retrain,8,3.695124,1.547454,1.922271,0.368090,0.367936,47.586207,,
gru_small,Weather,192,1,retrain,9,7.549759,2.170228,2.747682,0.514086,0.513943,48.235294,,
gru_small,Weather,192,0,retrain,0,90.262280,8.966452,9.500646,2.121505,2.101795,48.427673,,
gru_small,Weather,192,0,retrain,1,43.665159,5.066350,6.607962,1.187858,1.188428,48.618785,,
gru_small,Weather,192,0,retrain,2,248.278502,12.652485,15.756856,2.913490,2.923334,47.027027,,
gru_small,Weather,192,0,retrain,3,467.949940,18.747092,21.632151,4.116075,4.164468,54.301075,,
gru_small,Weather,192,0,retrain,4,39.353010,5.923220,6.273198,1.412669,1.403775,53.741497,,
gru_small,Weather,192,0,retrain,5,86.557066,6.152434,9.303605,1.444221,1.439245,48.993289,,
gru_small,Weather,192,0,retrain,6,78.564960,8.639964,8.863688,2.060848,2.039431,54.861111,,
gru_small,Weather,192,0,retrain,7,31.951475,4.564743,5.652564,1.078757,1.077751,53.254438,,
gru_small,Weather,192,0,retrain,8,3.362094,1.510689,1.833601,0.359345,0.359180,55.862069,,
gru_small,Weather,192,0,retrain,9,8.137609,2.258172,2.852649,0.534918,0.535517,42.352941,,
gru_small,Weather,336,0,retrain,0,88.857736,8.052120,9.426438,1.874506,1.868555,50.680272,,
gru_small,Weather,336,0,retrain,1,28.647955,4.420537,5.352378,1.035902,1.033520,52.848101,,
gru_small,Weather,336,0,retrain,2,144.501596,9.937968,12.020882,2.310106,2.302757,48.684211,,
gru_small,Weather,336,0,retrain,3,493.967358,16.434570,22.225376,3.665149,3.692394,51.702786,,
gru_small,Weather,336,0,retrain,4,133.338443,11.363811,11.547227,2.708727,2.673429,42.803030,,
gru_small,Weather,336,0,retrain,5,30.594801,4.112976,5.531257,0.970732,0.964362,48.880597,,
gru_small,Weather,336,0,retrain,6,105.754201,9.997062,10.283686,2.373203,2.352782,46.992481,,
gru_small,Weather,336,0,retrain,7,39.050858,4.956027,6.249069,1.167999,1.168771,49.146758,,
gru_small,Weather,336,0,retrain,8,32.200336,3.975659,5.674534,0.938422,0.933902,50.655022,,
gru_small,Weather,336,0,retrain,9,14.326253,3.231554,3.785004,0.767902,0.766735,53.125000,,
gru_small,Weather,96,2,retrain,0,119.575343,10.757379,10.935051,2.555488,2.523551,52.702703,,
gru_small,Weather,96,2,retrain,1,41.631581,4.749620,6.452254,1.109511,1.109422,48.314607,,
gru_small,Weather,96,2,retrain,2,92.496399,7.738250,9.617505,1.745876,1.747310,46.153846,,
gru_small,Weather,96,2,retrain,3,633.720694,23.811974,25.173810,5.140616,5.258006,40.000000,,
gru_small,Weather,96,2,retrain,4,31.211741,5.025336,5.586747,1.199671,1.194111,43.055556,,
gru_small,Weather,96,2,retrain,5,189.984144,11.471267,13.783474,2.660402,2.679881,44.444444,,
gru_small,Weather,96,2,retrain,6,2.113363,1.261753,1.453741,0.300790,0.300350,49.295775,,
gru_small,Weather,96,2,retrain,7,41.010893,5.575996,6.403975,1.321675,1.316937,46.153846,,
gru_small,Weather,96,2,retrain,8,51.103443,6.998050,7.148667,1.664799,1.651391,41.428571,,
gru_small,Weather,96,2,retrain,9,7.662639,2.380955,2.768147,0.563088,0.563727,51.851852,,
gru_small,Weather,192,2,retrain,0,76.114417,7.994055,8.724358,1.891431,1.876179,47.169811,,
gru_small,Weather,192,2,retrain,1,33.424920,4.233236,5.781429,0.992526,0.992602,55.248619,,
gru_small,Weather,192,2,retrain,2,250.739729,12.683333,15.834763,2.920594,2.930509,42.162162,,
gru_small,Weather,192,2,retrain,3,474.097298,18.673675,21.773775,4.099956,4.149533,52.150538,,
gru_small,Weather,192,2,retrain,4,21.422500,3.737204,4.628445,0.891312,0.887049,53.741497,,
gru_small,Weather,192,2,retrain,5,100.804385,6.522805,10.040139,1.531162,1.527221,44.295302,,
gru_small,Weather,192,2,retrain,6,38.677226,5.975310,6.219102,1.425261,1.414872,56.944444,,
gru_small,Weather,192,2,retrain,7,30.482785,4.566256,5.521122,1.079115,1.078090,55.621302,,
gru_small,Weather,192,2,retrain,8,5.537732,1.969943,2.353239,0.468587,0.468042,53.103448,,
gru_small,Weather,192,2,retrain,9,5.605128,1.814703,2.367515,0.429868,0.430035,47.647059,,
gru_small,Weather,720,0,retrain,0,87.115610,7.771300,9.333574,1.813521,1.807722,46.995378,,
gru_small,Weather,720,0,retrain,1,41.996823,4.731814,6.480496,1.103078,1.099606,51.461988,,
gru_small,Weather,720,0,retrain,2,134.859455,9.063683,11.612900,2.096751,2.088209,53.023256,,
gru_small,Weather,720,0,retrain,3,288.392009,13.656217,16.982109,3.068973,3.078177,52.714286,,
gru_small,Weather,720,0,retrain,4,238.910772,15.288316,15.456739,3.645041,3.580205,49.122807,,
gru_small,Weather,720,0,retrain,5,57.193273,6.781154,7.562623,1.598392,1.590360,51.607445,,
gru_small,Weather,720,0,retrain,6,49.396164,6.316919,7.028240,1.495625,1.489925,49.740933,,
gru_small,Weather,720,0,retrain,7,78.601284,7.822157,8.865737,1.850514,1.837889,49.841772,,
gru_small,Weather,720,0,retrain,8,22.731377,3.769294,4.767743,0.893459,0.889768,54.898336,,
gru_small,Weather,720,0,retrain,9,18.905521,3.693590,4.348048,0.876767,0.874738,48.494983,,
gru_small,Weather,336,1,retrain,0,91.746749,9.144054,9.578452,2.128705,2.121186,51.360544,,
gru_small,Weather,336,1,retrain,1,20.949837,3.573555,4.577099,0.837422,0.836538,49.050633,,
gru_small,Weather,336,1,retrain,2,165.935498,10.726752,12.881595,2.493461,2.485615,49.013158,,
gru_small,Weather,336,1,retrain,3,457.029414,15.844899,21.378246,3.533643,3.556811,45.201238,,
gru_small,Weather,336,1,retrain,4,172.972386,11.986696,13.151897,2.857201,2.810289,46.969697,,
gru_small,Weather,336,1,retrain,5,49.006213,5.405894,7.000444,1.275882,1.268212,52.985075,,
gru_small,Weather,336,1,retrain,6,104.788190,9.984534,10.236610,2.370229,2.350228,50.000000,,
gru_small,Weather,336,1,retrain,7,37.901687,4.970730,6.156435,1.171464,1.172298,51.877133,,
gru_small,Weather,336,1,retrain,8,36.010595,4.192820,6.000883,0.989680,0.985251,52.401747,,
gru_small,Weather,336,1,retrain,9,6.845004,2.161553,2.616296,0.513641,0.513519,50.347222,,
gru_small,Weather,336,2,retrain,0,86.597555,8.714047,9.305781,2.028600,2.022495,56.462585,,
gru_small,Weather,336,2,retrain,1,24.888550,3.993706,4.988843,0.935879,0.934501,50.949367,,
gru_small,Weather,336,2,retrain,2,138.382329,9.688341,11.763602,2.252080,2.245196,51.315789,,
gru_small,Weather,336,2,retrain,3,383.828368,14.542992,19.591538,3.243299,3.254976,48.916409,,
gru_small,Weather,336,2,retrain,4,183.185085,12.545797,13.534588,2.990470,2.940281,52.651515,,
gru_small,Weather,336,2,retrain,5,34.793005,3.430430,5.898560,0.809639,0.802333,51.492537,,
gru_small,Weather,336,2,retrain,6,101.597502,9.776689,10.079559,2.320889,2.300983,53.383459,,
gru_small,Weather,336,2,retrain,7,39.017364,4.903313,6.246388,1.155576,1.156340,48.464164,,
gru_small,Weather,336,2,retrain,8,46.903115,5.208755,6.848585,1.229484,1.225413,47.161572,,
gru_small,Weather,336,2,retrain,9,11.893156,2.838535,3.448646,0.674510,0.673622,47.916667,,
gru_small,Weather,720,1,retrain,0,84.296330,7.524795,9.181303,1.755996,1.751638,51.771957,,
gru_small,Weather,720,1,retrain,1,42.026828,4.800974,6.482810,1.119200,1.115772,50.146199,,
gru_small,Weather,720,1,retrain,2,135.152001,9.207669,11.625489,2.130061,2.121852,51.472868,,
gru_small,Weather,720,1,retrain,3,403.960743,16.393632,20.098775,3.684154,3.710054,51.142857,,
gru_small,Weather,720,1,retrain,4,349.537722,18.564339,18.695928,4.426111,4.330766,52.982456,,
gru_small,Weather,720,1,retrain,5,54.124739,6.791899,7.356952,1.600925,1.592850,49.407783,,
gru_small,Weather,720,1,retrain,6,54.952748,4.794135,7.413012,1.135083,1.131434,46.977547,,
gru_small,Weather,720,1,retrain,7,65.896267,6.692723,8.117652,1.583320,1.573752,45.886076,,
gru_small,Weather,720,1,retrain,8,21.472978,3.727233,4.633895,0.883489,0.879749,49.353050,,
gru_small,Weather,720,1,retrain,9,19.176178,3.501729,4.379061,0.831224,0.828096,52.341137,,
gru_small,Weather,720,2,retrain,0,81.762973,7.448841,9.042288,1.738272,1.733707,51.463790,,
gru_small,Weather,720,2,retrain,1,43.295354,4.967986,6.579921,1.158134,1.154551,50.877193,,
gru_small,Weather,720,2,retrain,2,138.966865,9.219925,11.788421,2.132896,2.124664,51.317829,,
gru_small,Weather,720,2,retrain,3,310.890054,14.148268,17.632075,3.179552,3.193231,50.571429,,
gru_small,Weather,720,2,retrain,4,776.525251,27.582751,27.866203,6.576281,6.365168,45.614035,,
gru_small,Weather,720,2,retrain,5,45.108201,5.887284,6.716264,1.387697,1.380846,51.269036,,
gru_small,Weather,720,2,retrain,6,43.127246,4.741825,6.567134,1.122698,1.118418,47.150259,,
gru_small,Weather,720,2,retrain,7,63.051030,7.125757,7.940468,1.685764,1.676511,49.367089,,
gru_small,Weather,720,2,retrain,8,24.269632,4.053918,4.926422,0.960925,0.957056,47.504621,,
gru_small,Weather,720,2,retrain,9,12.912291,3.073699,3.593368,0.729621,0.727750,50.000000,,
gru_small,Exchange,336,0,retrain,0,0.006766,0.080122,0.082257,12.317691,13.115899,48.148148,,
gru_small,Exchange,336,0,retrain,1,0.020046,0.132454,0.141584,23.990276,21.648815,51.057402,,
gru_small,Exchange,336,0,retrain,2,0.015329,0.122888,0.123812,29.388441,25.661492,51.197605,,
gru_small,Exchange,336,0,retrain,3,0.043083,0.204608,0.207564,30.540899,35.902482,49.230769,,
gru_small,Exchange,336,0,retrain,4,0.003996,0.048834,0.063213,7.194263,7.255521,49.216301,,
gru_small,Exchange,336,0,retrain,5,0.009325,0.085892,0.096567,12.730981,13.249856,48.684211,,
gru_small,Exchange,336,0,retrain,6,0.021566,0.143265,0.146854,17.756954,19.417481,51.428571,,
gru_small,Exchange,336,0,retrain,7,0.021310,0.141648,0.145979,16.798917,18.354407,46.440678,,
gru_small,Exchange,336,0,retrain,8,0.002508,0.044681,0.050083,6.540087,6.398368,50.853242,,
gru_small,Exchange,192,0,retrain,0,0.003061,0.049156,0.055327,7.436736,7.762721,54.891304,,
gru_small,Exchange,192,0,retrain,1,0.017532,0.131065,0.132407,25.127503,22.350655,52.941176,,
gru_small,Exchange,192,0,retrain,2,0.011280,0.105484,0.106205,25.307172,22.467730,53.684211,,
gru_small,Exchange,192,0,retrain,3,0.013979,0.110488,0.118232,16.093730,17.425131,49.450549,,
gru_small,Exchange,192,0,retrain,4,0.011637,0.105598,0.107875,14.891215,16.005642,48.369565,,
gru_small,Exchange,192,0,retrain,5,0.007714,0.082306,0.087828,11.476454,12.186144,47.560976,,
gru_small,Exchange,192,0,retrain,6,0.011715,0.104166,0.108234,13.073742,13.935018,55.737705,,
gru_small,Exchange,192,0,retrain,7,0.019550,0.137789,0.139821,16.105768,17.509829,49.404762,,
gru_small,Exchange,192,0,retrain,8,0.000409,0.017822,0.020223,2.555730,2.572071,56.547619,,
gru_small,Exchange,192,2,retrain,0,0.003103,0.051187,0.055705,7.743915,8.077888,51.086957,,
gru_small,Exchange,192,2,retrain,1,0.017126,0.129421,0.130868,24.812428,22.097951,50.267380,,
gru_small,Exchange,192,2,retrain,2,0.011783,0.107899,0.108550,25.886641,22.928269,50.526316,,
gru_small,Exchange,192,2,retrain,3,0.015419,0.117382,0.124174,17.097913,18.612917,44.505495,,
gru_small,Exchange,192,2,retrain,4,0.010321,0.098544,0.101594,13.896430,14.836995,50.543478,,
gru_small,Exchange,192,2,retrain,5,0.004357,0.060691,0.066009,8.462553,8.832336,43.292683,,
gru_small,Exchange,192,2,retrain,6,0.007149,0.079766,0.084552,10.011327,10.489908,51.912568,,
gru_small,Exchange,192,2,retrain,7,0.022074,0.146740,0.148572,17.152043,18.753377,49.404762,,
gru_small,Exchange,192,2,retrain,8,0.001357,0.035374,0.036836,5.072747,5.194966,51.190476,,
gru_small,Exchange,720,0,retrain,0,0.011185,0.094060,0.105761,14.623925,15.560112,47.819767,,
gru_small,Exchange,720,0,retrain,1,0.015173,0.112334,0.123177,19.376638,18.432275,49.578652,,
gru_small,Exchange,720,0,retrain,2,0.019814,0.131185,0.140763,29.572612,25.431257,49.088359,,
gru_small,Exchange,720,0,retrain,3,0.043820,0.198478,0.209333,30.382059,35.538279,47.338129,,
gru_small,Exchange,720,0,retrain,4,0.014021,0.091616,0.118410,13.116865,13.749311,49.135447,,
gru_small,Exchange,720,0,retrain,5,0.009651,0.089694,0.098237,13.329252,13.819697,50.374813,,
gru_small,Exchange,720,0,retrain,6,0.019127,0.128544,0.138299,16.096236,17.507592,49.395770,,
gru_small,Exchange,720,0,retrain,7,0.018189,0.129858,0.134868,15.857488,17.189081,47.626582,,
gru_small,Exchange,192,1,retrain,0,0.002989,0.049119,0.054668,7.431146,7.748737,48.369565,,
gru_small,Exchange,192,1,retrain,1,0.018332,0.134156,0.135396,25.720111,22.816577,44.385027,,
gru_small,Exchange,192,1,retrain,2,0.012393,0.110850,0.111325,26.594633,23.487678,58.947368,,
gru_small,Exchange,192,1,retrain,3,0.014288,0.111562,0.119533,16.250203,17.612852,48.901099,,
gru_small,Exchange,192,1,retrain,4,0.009979,0.097550,0.099897,13.756273,14.687230,51.630435,,
gru_small,Exchange,192,1,retrain,5,0.002663,0.047790,0.051601,6.663595,6.865337,53.048780,,
gru_small,Exchange,192,1,retrain,6,0.010405,0.098160,0.102007,12.319915,13.069531,48.633880,,
gru_small,Exchange,192,1,retrain,7,0.017524,0.131151,0.132379,15.329787,16.588539,50.000000,,
gru_small,Exchange,192,1,retrain,8,0.000852,0.027180,0.029187,3.897791,3.974839,48.214286,,
gru_small,Exchange,336,1,retrain,0,0.006980,0.081114,0.083545,12.470179,13.281835,52.469136,,
gru_small,Exchange,336,1,retrain,1,0.020011,0.132928,0.141462,24.076037,21.722021,46.827795,,
gru_small,Exchange,336,1,retrain,2,0.013456,0.115051,0.116002,27.514191,24.226071,48.802395,,
gru_small,Exchange,336,1,retrain,3,0.040096,0.196170,0.200240,29.281399,34.165484,52.307692,,
gru_small,Exchange,336,1,retrain,4,0.004918,0.053807,0.070132,7.926890,8.044825,47.962382,,
gru_small,Exchange,336,1,retrain,5,0.008857,0.083405,0.094113,12.362327,12.843294,50.986842,,
gru_small,Exchange,336,1,retrain,6,0.024059,0.151105,0.155109,18.728705,20.602597,47.301587,,
gru_small,Exchange,336,1,retrain,7,0.020692,0.140066,0.143848,16.611299,18.115997,49.491525,,
gru_small,Exchange,336,1,retrain,8,0.001785,0.038327,0.042251,5.610091,5.525599,55.972696,,
gru_small,Exchange,96,0,retrain,0,0.001138,0.032890,0.033735,5.009313,5.141631,52.808989,,
gru_small,Exchange,96,0,retrain,1,0.002118,0.044452,0.046021,8.466441,8.152961,50.526316,,
gru_small,Exchange,96,0,retrain,2,0.007031,0.082854,0.083850,19.778721,18.015697,45.263158,,
gru_small,Exchange,96,0,retrain,3,0.013401,0.114951,0.115761,16.164457,17.578939,50.561798,,
gru_small,Exchange,96,0,retrain,4,0.006944,0.079628,0.083329,10.866906,11.409958,52.631579,,
gru_small,Exchange,96,0,retrain,5,0.000962,0.026549,0.031011,3.737273,3.786344,51.851852,,
gru_small,Exchange,96,0,retrain,6,0.008051,0.086123,0.089729,10.754843,11.318113,53.932584,,
gru_small,Exchange,96,0,retrain,7,0.019072,0.137341,0.138100,15.928023,17.303372,55.952381,,
gru_small,Exchange,96,0,retrain,8,0.003273,0.056340,0.057212,7.885814,8.197936,55.421687,,
gru_small,Exchange,96,0,retrain,9,0.000157,0.010267,0.012547,1.443482,1.444765,46.067416,,
gru_small,Exchange,96,2,retrain,0,0.000713,0.025348,0.026709,3.860533,3.941594,49.438202,,
gru_small,Exchange,96,2,retrain,1,0.001949,0.042792,0.044152,8.150325,7.846392,44.210526,,
gru_small,Exchange,96,2,retrain,2,0.007650,0.086691,0.087466,20.694749,18.773642,56.842105,,
gru_small,Exchange,96,2,retrain,3,0.010450,0.101346,0.102226,14.251329,15.336882,53.932584,,
gru_small,Exchange,96,2,retrain,4,0.006261,0.072177,0.079127,9.850117,10.273426,52.631579,,
gru_small,Exchange,96,2,retrain,5,0.000646,0.020423,0.025408,2.874970,2.896629,46.913580,,
gru_small,Exchange,96,2,retrain,6,0.009655,0.095506,0.098258,11.926528,12.631500,51.685393,,
gru_small,Exchange,96,2,retrain,7,0.018984,0.137270,0.137784,15.919719,17.289066,51.190476,,
gru_small,Exchange,96,2,retrain,8,0.002763,0.051514,0.052568,7.210260,7.467625,51.807229,,
gru_small,Exchange,96,2,retrain,9,0.000390,0.016720,0.019761,2.350653,2.365209,39.325843,,
gru_small,Exchange,96,1,retrain,0,0.001149,0.033125,0.033891,5.045031,5.178803,50.561798,,
gru_small,Exchange,96,1,retrain,1,0.001757,0.039183,0.041916,7.462884,7.217276,54.736842,,
gru_small,Exchange,96,1,retrain,2,0.007179,0.083352,0.084732,19.897587,18.106007,46.315789,,
gru_small,Exchange,96,1,retrain,3,0.013736,0.116200,0.117201,16.340055,17.788746,49.438202,,
gru_small,Exchange,96,1,retrain,4,0.005096,0.064040,0.071384,8.739544,9.052167,49.473684,,
gru_small,Exchange,96,1,retrain,5,0.000915,0.025266,0.030243,3.556703,3.597536,46.913580,,
gru_small,Exchange,96,1,retrain,6,0.007337,0.082289,0.085655,10.275967,10.783234,40.449438,,
gru_small,Exchange,96,1,retrain,7,0.022237,0.148511,0.149120,17.223472,18.842184,48.809524,,
gru_small,Exchange,96,1,retrain,8,0.002826,0.051990,0.053160,7.276854,7.539209,53.012048,,
gru_small,Exchange,96,1,retrain,9,0.000378,0.016739,0.019435,2.353318,2.367913,50.561798,,
gru_small,Exchange,336,2,retrain,0,0.005819,0.073795,0.076285,11.345019,12.058132,53.086420,,
gru_small,Exchange,336,2,retrain,1,0.018719,0.125511,0.136819,22.732629,20.618098,49.848943,,
gru_small,Exchange,336,2,retrain,2,0.013965,0.117176,0.118174,28.022485,24.616972,47.904192,,
gru_small,Exchange,336,2,retrain,3,0.032988,0.176995,0.181625,26.419254,30.307145,46.769231,,
gru_small,Exchange,336,2,retrain,4,0.006134,0.061394,0.078321,9.044622,9.256274,42.319749,,
gru_small,Exchange,336,2,retrain,5,0.008731,0.083157,0.093441,12.325550,12.793152,53.618421,,
gru_small,Exchange,336,2,retrain,6,0.021455,0.142781,0.146477,17.696955,19.344919,47.619048,,
gru_small,Exchange,336,2,retrain,7,0.020165,0.138139,0.142003,16.382697,17.857562,50.508475,,
gru_small,Exchange,336,2,retrain,8,0.002569,0.046038,0.050686,6.738755,6.597771,52.901024,,
gru_small,Exchange,720,1,retrain,0,0.011183,0.094078,0.105750,14.626760,15.561794,51.598837,,
gru_small,Exchange,720,1,retrain,1,0.015358,0.112797,0.123928,19.456513,18.475623,48.033708,,
gru_small,Exchange,720,1,retrain,2,0.018641,0.127616,0.136533,28.768046,24.873385,52.454418,,
gru_small,Exchange,720,1,retrain,3,0.043999,0.199155,0.209758,30.485689,35.662078,48.489209,,
gru_small,Exchange,720,1,retrain,4,0.015891,0.107317,0.126060,15.364851,16.304400,48.414986,,
gru_small,Exchange,720,1,retrain,5,0.011338,0.096938,0.106480,14.405792,14.970239,51.724138,,
gru_small,Exchange,720,1,retrain,6,0.014422,0.112715,0.120091,14.114100,15.149418,50.755287,,
gru_small,Exchange,720,1,retrain,7,0.016118,0.115284,0.126958,14.077824,15.206969,48.417722,,
gru_small,Exchange,720,2,retrain,0,0.011387,0.094535,0.106710,14.697834,15.640250,49.709302,,
gru_small,Exchange,720,2,retrain,1,0.015049,0.111547,0.122675,19.240872,18.299281,49.859551,,
gru_small,Exchange,720,2,retrain,2,0.017776,0.124693,0.133328,28.109180,24.377252,52.173913,,
gru_small,Exchange,720,2,retrain,3,0.041294,0.192944,0.203209,29.535033,34.407411,48.633094,,
gru_small,Exchange,720,2,retrain,4,0.012884,0.090054,0.113506,12.893213,13.489332,49.279539,,
gru_small,Exchange,720,2,retrain,5,0.011512,0.097443,0.107292,14.480796,15.058738,48.125937,,
gru_small,Exchange,720,2,retrain,6,0.017473,0.124674,0.132184,15.611710,16.893642,50.302115,,
gru_small,Exchange,720,2,retrain,7,0.018386,0.130542,0.135594,15.941023,17.285109,50.158228,,
gru_small,synth_stable,96,1,retrain,0,159.284153,10.137107,12.620783,2.007998,2.012300,64.210526,,
gru_small,synth_stable,96,1,retrain,1,203.672180,11.366882,14.271376,2.230298,2.241301,61.052632,,
gru_small,synth_stable,96,1,retrain,2,296.646560,14.373956,17.223431,2.787575,2.793792,62.105263,,
gru_small,synth_stable,96,1,retrain,3,152.486276,9.850941,12.348533,1.905360,1.906714,58.947368,,
gru_small,synth_stable,96,1,retrain,4,176.093121,10.413502,13.270008,1.992681,1.997546,55.789474,,
gru_small,synth_stable,96,1,retrain,5,160.068169,10.347998,12.651805,1.962974,1.963845,61.052632,,
gru_small,synth_stable,96,1,retrain,6,217.779838,11.986631,14.757366,2.257849,2.266133,61.052632,,
gru_small,synth_stable,96,1,retrain,7,240.817288,12.875985,15.518289,2.407937,2.409937,57.894737,,
gru_small,synth_stable,96,1,retrain,8,145.854804,9.906403,12.077036,1.843696,1.852518,58.947368,,
gru_small,synth_stable,96,1,retrain,9,179.408744,10.693394,13.394355,1.972631,1.972924,55.789474,,
gru_small,synth_stable,336,0,retrain,0,145.242953,9.453728,12.051678,1.871401,1.874220,62.686567,,
gru_small,synth_stable,336,0,retrain,1,174.806170,10.646431,13.221428,2.086932,2.087176,62.388060,,
gru_small,synth_stable,336,0,retrain,2,241.250197,12.742219,15.532231,2.477486,2.479784,62.089552,,
gru_small,synth_stable,336,0,retrain,3,146.354913,9.896022,12.097723,1.912923,1.914369,62.388060,,
gru_small,synth_stable,336,0,retrain,4,161.917863,10.339933,12.724695,1.982675,1.984316,60.000000,,
gru_small,synth_stable,336,0,retrain,5,161.260116,10.198689,12.698823,1.938384,1.938999,61.791045,,
gru_small,synth_stable,336,0,retrain,6,204.033401,11.555691,14.284026,2.183490,2.185399,62.985075,,
gru_small,synth_stable,336,0,retrain,7,225.328406,12.228439,15.010943,2.293648,2.296714,62.089552,,
gru_small,synth_stable,336,0,retrain,8,224.414951,12.242215,14.980486,2.278070,2.280761,62.686567,,
gru_small,synth_stable,336,0,retrain,9,206.426976,11.721488,14.367567,2.169304,2.166723,57.313433,,
gru_small,synth_stable,96,0,retrain,0,158.559191,10.066199,12.592029,1.993952,1.998143,64.210526,,
gru_small,synth_stable,96,0,retrain,1,200.711600,11.204671,14.167272,2.198471,2.209595,61.052632,,
gru_small,synth_stable,96,0,retrain,2,265.526141,13.528677,16.294973,2.623648,2.631335,61.052632,,
gru_small,synth_stable,96,0,retrain,3,165.117421,10.323488,12.849802,1.996760,1.998405,61.052632,,
gru_small,synth_stable,96,0,retrain,4,174.644334,10.307488,13.215307,1.972395,1.977272,56.842105,,
gru_small,synth_stable,96,0,retrain,5,153.490171,10.019507,12.389115,1.900660,1.903326,62.105263,,
gru_small,synth_stable,96,0,retrain,6,204.374501,11.771769,14.295961,2.217377,2.226218,56.842105,,
gru_small,synth_stable,96,0,retrain,7,246.365099,13.079163,15.696022,2.445933,2.448308,57.894737,,
gru_small,synth_stable,96,0,retrain,8,138.329460,9.517249,11.761355,1.771270,1.776635,57.894737,,
gru_small,synth_stable,96,0,retrain,9,180.366784,10.678773,13.430070,1.969934,1.969445,56.842105,,
gru_small,synth_stable,192,2,retrain,0,152.221596,9.637974,12.337812,1.909609,1.914110,65.445026,,
gru_small,synth_stable,192,2,retrain,1,210.829440,11.751340,14.519967,2.299594,2.304047,61.256545,,
gru_small,synth_stable,192,2,retrain,2,245.091105,13.009636,15.655386,2.525115,2.527060,62.827225,,
gru_small,synth_stable,192,2,retrain,3,160.814651,10.329987,12.681272,1.995416,2.001096,61.256545,,
gru_small,synth_stable,192,2,retrain,4,176.510231,10.819540,13.285715,2.073271,2.077781,60.732984,,
gru_small,synth_stable,192,2,retrain,5,170.091247,10.433827,13.041903,1.982747,1.982670,64.397906,,
gru_small,synth_stable,192,2,retrain,6,190.681141,11.271617,13.808734,2.130545,2.141348,59.162304,,
gru_small,synth_stable,192,2,retrain,7,225.315371,12.349901,15.010509,2.313811,2.316639,63.874346,,
gru_small,synth_stable,192,2,retrain,8,185.001339,11.078388,13.601520,2.062378,2.062614,60.209424,,
gru_small,synth_stable,192,2,retrain,9,205.868408,11.793249,14.348115,2.178944,2.179081,59.685864,,
gru_small,synth_stable,96,2,retrain,0,158.506245,9.999718,12.589926,1.980784,1.984790,66.315789,,
gru_small,synth_stable,96,2,retrain,1,203.964000,11.298994,14.281597,2.216978,2.227236,60.000000,,
gru_small,synth_stable,96,2,retrain,2,298.044091,14.392301,17.263954,2.791133,2.798809,61.052632,,
gru_small,synth_stable,96,2,retrain,3,154.456462,9.867016,12.428051,1.908469,1.909605,58.947368,,
gru_small,synth_stable,96,2,retrain,4,184.063170,10.646392,13.566988,2.037246,2.041905,57.894737,,
gru_small,synth_stable,96,2,retrain,5,156.042238,10.252517,12.491687,1.944861,1.946036,58.947368,,
gru_small,synth_stable,96,2,retrain,6,204.610598,11.717327,14.304216,2.207122,2.215361,57.894737,,
gru_small,synth_stable,96,2,retrain,7,240.062447,12.874595,15.493949,2.407677,2.409744,56.842105,,
gru_small,synth_stable,96,2,retrain,8,150.803689,10.075000,12.280215,1.875074,1.884061,57.894737,,
gru_small,synth_stable,96,2,retrain,9,178.830808,10.584862,13.372764,1.952610,1.953157,57.894737,,
gru_small,synth_stable,336,1,retrain,0,144.545890,9.383183,12.022724,1.857437,1.860116,62.686567,,
gru_small,synth_stable,336,1,retrain,1,174.689989,10.628928,13.217034,2.083501,2.083506,62.985075,,
gru_small,synth_stable,336,1,retrain,2,245.897696,12.799861,15.681125,2.488694,2.492315,62.985075,,
gru_small,synth_stable,336,1,retrain,3,141.354190,9.723976,11.889247,1.879667,1.882150,63.582090,,
gru_small,synth_stable,336,1,retrain,4,162.995997,10.329696,12.766989,1.980712,1.982745,62.089552,,
gru_small,synth_stable,336,1,retrain,5,171.231366,10.464279,13.085540,1.988863,1.989735,62.686567,,
gru_small,synth_stable,336,1,retrain,6,204.495616,11.610287,14.300196,2.193806,2.197435,62.686567,,
gru_small,synth_stable,336,1,retrain,7,222.994894,12.163367,14.933014,2.281442,2.284435,62.089552,,
gru_small,synth_stable,336,1,retrain,8,220.649602,12.164166,14.854279,2.263546,2.267591,62.089552,,
gru_small,synth_stable,336,1,retrain,9,209.075218,11.795244,14.459434,2.182954,2.180046,57.611940,,
gru_small,synth_stable,192,1,retrain,0,150.561097,9.581596,12.270334,1.898438,1.903225,64.397906,,
gru_small,synth_stable,192,1,retrain,1,207.846913,11.767698,14.416897,2.302795,2.309960,63.874346,,
gru_small,synth_stable,192,1,retrain,2,270.450894,13.787180,16.445391,2.676033,2.683975,62.303665,,
gru_small,synth_stable,192,1,retrain,3,156.141677,10.145733,12.495666,1.959825,1.965836,61.780105,,
gru_small,synth_stable,192,1,retrain,4,175.933516,10.800947,13.263993,2.069708,2.074281,60.732984,,
gru_small,synth_stable,192,1,retrain,5,168.239761,10.399803,12.970727,1.976281,1.976911,62.303665,,
gru_small,synth_stable,192,1,retrain,6,189.711494,11.258728,13.773580,2.128109,2.137409,58.638743,,
gru_small,synth_stable,192,1,retrain,7,221.812446,12.290459,14.893369,2.302674,2.305384,62.827225,,
gru_small,synth_stable,192,1,retrain,8,182.167511,10.983324,13.496945,2.044681,2.044633,58.115183,,
gru_small,synth_stable,192,1,retrain,9,203.464629,11.700102,14.264103,2.161734,2.159466,58.638743,,
gru_small,synth_stable,192,0,retrain,0,151.609212,9.627299,12.312969,1.907494,1.912119,64.397906,,
gru_small,synth_stable,192,0,retrain,1,211.024841,11.813644,14.526694,2.311786,2.317911,61.256545,,
gru_small,synth_stable,192,0,retrain,2,288.672576,14.267868,16.990367,2.769333,2.777819,63.350785,,
gru_small,synth_stable,192,0,retrain,3,159.800570,10.285509,12.641225,1.986825,1.993073,61.780105,,
gru_small,synth_stable,192,0,retrain,4,175.946503,10.834167,13.264483,2.076074,2.080535,61.780105,,
gru_small,synth_stable,192,0,retrain,5,166.583002,10.322954,12.906704,1.961678,1.962517,63.350785,,
gru_small,synth_stable,192,0,retrain,6,189.262749,11.214643,13.757280,2.119776,2.129910,58.638743,,
gru_small,synth_stable,192,0,retrain,7,233.904445,12.618721,15.293935,2.364175,2.367896,62.827225,,
gru_small,synth_stable,192,0,retrain,8,191.108366,11.354212,13.824195,2.113726,2.114708,58.638743,,
gru_small,synth_stable,192,0,retrain,9,203.746137,11.642508,14.273967,2.151093,2.149297,57.591623,,
gru_small,synth_stable,336,2,retrain,0,145.969845,9.502578,12.081798,1.881071,1.883852,63.582090,,
gru_small,synth_stable,336,2,retrain,1,176.840684,10.674572,13.298146,2.092448,2.091721,63.582090,,
gru_small,synth_stable,336,2,retrain,2,234.190724,12.548429,15.303291,2.439807,2.443964,61.791045,,
gru_small,synth_stable,336,2,retrain,3,146.380591,9.882190,12.098785,1.910250,1.913113,60.895522,,
gru_small,synth_stable,336,2,retrain,4,165.289563,10.434721,12.856499,2.000851,2.003221,61.492537,,
gru_small,synth_stable,336,2,retrain,5,166.840582,10.398695,12.916678,1.976398,1.977264,63.880597,,
gru_small,synth_stable,336,2,retrain,6,197.453225,11.407664,14.051805,2.155519,2.158231,62.089552,,
gru_small,synth_stable,336,2,retrain,7,224.321913,12.202288,14.977380,2.288742,2.292227,62.089552,,
gru_small,synth_stable,336,2,retrain,8,227.729853,12.344669,15.090721,2.297135,2.299928,62.089552,,
gru_small,synth_stable,336,2,retrain,9,208.684798,11.808713,14.445927,2.185446,2.182417,57.313433,,
gru_small,synth_stable,720,0,retrain,0,150.175954,9.750299,12.254630,1.928676,1.930553,60.083449,,
gru_small,synth_stable,720,0,retrain,1,167.207741,10.336130,12.930883,2.028565,2.032114,59.666203,,
gru_small,synth_stable,720,0,retrain,2,203.702359,11.658880,14.272434,2.270480,2.273648,62.865090,,
gru_small,synth_stable,720,0,retrain,3,245.733028,12.724866,15.675874,2.454052,2.467168,61.613352,,
gru_small,synth_stable,720,0,retrain,4,282.649991,13.987257,16.812198,2.680846,2.698270,59.388039,,
gru_small,synth_stable,720,0,retrain,5,174.855211,10.523029,13.223283,2.001499,2.004231,62.169680,,
gru_small,synth_stable,720,0,retrain,6,192.338020,11.164947,13.868598,2.110020,2.109610,60.361613,,
gru_small,synth_stable,720,0,retrain,7,189.006802,11.250605,13.747974,2.111442,2.113287,60.361613,,
gru_small,synth_stable,720,0,retrain,8,208.345935,11.636887,14.434193,2.169050,2.170768,59.944367,,
gru_small,synth_stable,720,0,retrain,9,199.261984,11.635519,14.116019,2.153198,2.149068,59.944367,,
gru_small,synth_stable,720,2,retrain,0,148.089099,9.711783,12.169186,1.921057,1.922741,60.917942,,
gru_small,synth_stable,720,2,retrain,1,166.972891,10.277839,12.921799,2.017125,2.020263,60.778860,,
gru_small,synth_stable,720,2,retrain,2,205.835430,11.735628,14.346966,2.285427,2.289717,63.282337,,
gru_small,synth_stable,720,2,retrain,3,255.000974,13.038492,15.968750,2.514536,2.525528,61.335188,,
gru_small,synth_stable,720,2,retrain,4,280.605262,13.918728,16.751276,2.667712,2.682752,58.692629,,
gru_small,synth_stable,720,2,retrain,5,180.603949,10.717260,13.438897,2.038443,2.041799,62.586926,,
gru_small,synth_stable,720,2,retrain,6,195.545266,11.233744,13.983750,2.123022,2.121808,59.527121,,
gru_small,synth_stable,720,2,retrain,7,190.417770,11.307296,13.799195,2.122081,2.123026,60.778860,,
gru_small,synth_stable,720,2,retrain,8,202.658775,11.441034,14.235827,2.132544,2.135856,60.639777,,
gru_small,synth_stable,720,2,retrain,9,198.744358,11.634350,14.097672,2.152982,2.150196,58.970793,,
gru_small,synth_stable,720,1,retrain,0,147.705183,9.688646,12.153402,1.916481,1.917765,59.805285,,
gru_small,synth_stable,720,1,retrain,1,166.243866,10.297207,12.893559,2.020926,2.024786,59.248957,,
gru_small,synth_stable,720,1,retrain,2,204.621768,11.677059,14.304607,2.274021,2.278494,62.865090,,
gru_small,synth_stable,720,1,retrain,3,246.852495,12.791840,15.711540,2.466968,2.477048,61.613352,,
gru_small,synth_stable,720,1,retrain,4,273.467739,13.739741,16.536860,2.633407,2.647370,60.083449,,
gru_small,synth_stable,720,1,retrain,5,181.759988,10.766290,13.481839,2.047768,2.051986,62.308762,,
gru_small,synth_stable,720,1,retrain,6,194.265321,11.189672,13.937910,2.114693,2.112901,60.361613,,
gru_small,synth_stable,720,1,retrain,7,186.081776,11.152605,13.641179,2.093050,2.095199,60.639777,,
gru_small,synth_stable,720,1,retrain,8,206.615909,11.578292,14.374140,2.158128,2.159322,60.500695,,
gru_small,synth_stable,720,1,retrain,9,211.976707,11.997557,14.559420,2.220195,2.216200,58.692629,,
gru_small,synth_trend_break,192,1,retrain,0,154.283147,10.032404,12.421077,1.982511,1.980966,59.685864,,
gru_small,synth_trend_break,192,1,retrain,1,161.456711,10.144506,12.706562,1.990302,1.997278,60.209424,,
gru_small,synth_trend_break,192,1,retrain,2,215.610017,11.671166,14.683665,2.269855,2.282896,60.209424,,
gru_small,synth_trend_break,192,1,retrain,3,81929.130728,283.934685,286.232651,35.688490,43.320852,50.261780,,
gru_small,synth_trend_break,192,1,retrain,4,593.606038,19.466099,24.364032,2.471991,2.479368,59.685864,,
gru_small,synth_trend_break,192,1,retrain,5,428.336750,16.608140,20.696298,2.122186,2.127483,57.068063,,
gru_small,synth_trend_break,192,1,retrain,6,628.723401,20.217015,25.074357,2.597566,2.599137,56.020942,,
gru_small,synth_trend_break,192,1,retrain,7,572.302726,19.081005,23.922849,2.467695,2.471212,56.544503,,
gru_small,synth_trend_break,192,1,retrain,8,788.058343,22.709644,28.072377,2.971584,2.967198,54.973822,,
gru_small,synth_trend_break,192,1,retrain,9,1057.248719,27.291717,32.515361,3.595724,3.582311,54.973822,,
gru_small,synth_trend_break,96,2,retrain,0,185.626447,10.762259,13.624480,2.127703,2.124254,61.052632,,
gru_small,synth_trend_break,96,2,retrain,1,158.745509,9.914352,12.599425,1.944509,1.953126,56.842105,,
gru_small,synth_trend_break,96,2,retrain,2,165.350088,10.612137,12.858852,2.068614,2.083318,60.000000,,
gru_small,synth_trend_break,96,2,retrain,3,80329.551125,280.895510,283.424683,35.359510,42.830024,53.684211,,
gru_small,synth_trend_break,96,2,retrain,4,466.775216,16.597312,21.604981,2.106071,2.117169,62.105263,,
gru_small,synth_trend_break,96,2,retrain,5,520.722973,18.291673,22.819355,2.340102,2.347378,60.000000,,
gru_small,synth_trend_break,96,2,retrain,6,512.441852,17.937060,22.637179,2.306649,2.303294,60.000000,,
gru_small,synth_trend_break,96,2,retrain,7,440.598071,17.200369,20.990428,2.226819,2.222607,57.894737,,
gru_small,synth_trend_break,96,2,retrain,8,908.392949,24.412343,30.139558,3.191804,3.181399,53.684211,,
gru_small,synth_trend_break,96,2,retrain,9,791.919006,23.301573,28.141056,3.066557,3.058258,56.842105,,
gru_small,synth_trend_break,96,0,retrain,0,184.033014,10.803039,13.565877,2.135765,2.132905,61.052632,,
gru_small,synth_trend_break,96,0,retrain,1,155.016835,9.789033,12.450576,1.919930,1.927555,56.842105,,
gru_small,synth_trend_break,96,0,retrain,2,164.660507,10.494562,12.832011,2.045695,2.061992,64.210526,,
gru_small,synth_trend_break,96,0,retrain,3,79596.073562,279.654762,282.127761,35.203323,42.600742,53.684211,,
gru_small,synth_trend_break,96,0,retrain,4,434.652496,15.953579,20.848321,2.024386,2.036835,62.105263,,
gru_small,synth_trend_break,96,0,retrain,5,497.687431,17.848467,22.308909,2.283402,2.293038,57.894737,,
gru_small,synth_trend_break,96,0,retrain,6,404.795587,15.822681,20.119532,2.034747,2.032443,64.210526,,
gru_small,synth_trend_break,96,0,retrain,7,496.434871,17.925927,22.280818,2.320752,2.314092,58.947368,,
gru_small,synth_trend_break,96,0,retrain,8,862.830019,23.774466,29.373968,3.108405,3.101210,57.894737,,
gru_small,synth_trend_break,96,0,retrain,9,829.607631,23.883162,28.802910,3.143096,3.134660,56.842105,,
gru_small,synth_trend_break,192,2,retrain,0,156.725403,10.062050,12.519002,1.988370,1.986842,59.685864,,
gru_small,synth_trend_break,192,2,retrain,1,162.614375,10.178129,12.752034,1.996899,2.003768,60.209424,,
gru_small,synth_trend_break,192,2,retrain,2,214.894682,11.682149,14.659287,2.271991,2.284233,61.256545,,
gru_small,synth_trend_break,192,2,retrain,3,81645.993810,283.388070,285.737631,35.619784,43.217260,51.832461,,
gru_small,synth_trend_break,192,2,retrain,4,1021.095213,26.238295,31.954580,3.331990,3.340438,59.685864,,
gru_small,synth_trend_break,192,2,retrain,5,501.049803,17.828473,22.384142,2.278120,2.286406,61.256545,,
gru_small,synth_trend_break,192,2,retrain,6,557.855223,18.828642,23.618959,2.419182,2.416902,62.827225,,
gru_small,synth_trend_break,192,2,retrain,7,604.554603,19.250223,24.587692,2.489580,2.496697,58.115183,,
gru_small,synth_trend_break,192,2,retrain,8,809.342270,23.071856,28.448941,3.018980,3.012242,57.591623,,
gru_small,synth_trend_break,192,2,retrain,9,926.380428,25.289024,30.436498,3.331866,3.328508,55.497382,,
gru_small,synth_trend_break,192,0,retrain,0,154.136422,10.096181,12.415169,1.995115,1.994186,58.638743,,
gru_small,synth_trend_break,192,0,retrain,1,159.184512,10.079833,12.616834,1.977614,1.983413,60.732984,,
gru_small,synth_trend_break,192,0,retrain,2,213.693655,11.628689,14.618264,2.261594,2.273083,61.780105,,
gru_small,synth_trend_break,192,0,retrain,3,80843.652342,281.991729,284.330182,35.444274,42.958229,52.879581,,
gru_small,synth_trend_break,192,0,retrain,4,631.719439,19.959174,25.134030,2.534607,2.546182,58.638743,,
gru_small,synth_trend_break,192,0,retrain,5,467.048560,17.107711,21.611306,2.186021,2.190282,60.209424,,
gru_small,synth_trend_break,192,0,retrain,6,571.299251,19.573333,23.901867,2.514863,2.513077,62.827225,,
gru_small,synth_trend_break,192,0,retrain,7,700.243145,21.030535,26.462108,2.719822,2.721187,58.638743,,
gru_small,synth_trend_break,192,0,retrain,8,796.709908,22.937519,28.226050,3.001402,2.996458,54.450262,,
gru_small,synth_trend_break,192,0,retrain,9,858.997906,24.282686,29.308666,3.199280,3.198626,56.544503,,
gru_small,synth_trend_break,96,1,retrain,0,183.088680,10.756417,13.531027,2.126548,2.123333,61.052632,,
gru_small,synth_trend_break,96,1,retrain,1,160.095986,9.950873,12.652904,1.951672,1.960389,54.736842,,
gru_small,synth_trend_break,96,1,retrain,2,155.094655,10.340212,12.453700,2.015608,2.026989,63.157895,,
gru_small,synth_trend_break,96,1,retrain,3,42934.732174,202.150028,207.206979,25.446921,29.059894,38.947368,,
gru_small,synth_trend_break,96,1,retrain,4,473.466802,16.662968,21.759292,2.114402,2.124726,65.263158,,
gru_small,synth_trend_break,96,1,retrain,5,491.787833,18.011930,22.176290,2.304314,2.310393,61.052632,,
gru_small,synth_trend_break,96,1,retrain,6,464.738362,16.972193,21.557791,2.182570,2.182984,64.210526,,
gru_small,synth_trend_break,96,1,retrain,7,458.939896,17.283518,21.422883,2.237584,2.232026,60.000000,,
gru_small,synth_trend_break,96,1,retrain,8,815.893457,22.941238,28.563849,2.999464,2.991176,54.736842,,
gru_small,synth_trend_break,96,1,retrain,9,796.946490,23.375091,28.230241,3.076232,3.066743,56.842105,,
gru_small,synth_trend_break,336,0,retrain,0,155.818590,10.030591,12.482732,1.982848,1.984792,55.522388,,
gru_small,synth_trend_break,336,0,retrain,1,158.659260,9.958337,12.596002,1.954565,1.956787,61.791045,,
gru_small,synth_trend_break,336,0,retrain,2,206.425703,11.533771,14.367523,2.242599,2.250928,62.985075,,
gru_small,synth_trend_break,336,0,retrain,3,81304.752620,282.849993,285.139883,35.567684,43.143524,52.238806,,
gru_small,synth_trend_break,336,0,retrain,4,1007.578757,26.056487,31.742381,3.303262,3.308918,51.343284,,
gru_small,synth_trend_break,336,0,retrain,5,1111.297917,27.171920,33.336135,3.464485,3.471620,55.820896,,
gru_small,synth_trend_break,336,0,retrain,6,869.416335,24.484914,29.485867,3.143715,3.146351,55.820896,,
gru_small,synth_trend_break,336,0,retrain,7,417.810623,16.232618,20.440416,2.099208,2.102752,56.119403,,
gru_small,synth_trend_break,336,0,retrain,8,759.828055,22.424950,27.564979,2.925914,2.917190,58.208955,,
gru_small,synth_trend_break,336,0,retrain,9,992.129746,25.815854,31.498091,3.403065,3.393284,57.014925,,
gru_small,synth_trend_break,336,1,retrain,0,154.857679,9.958945,12.444183,1.968684,1.969733,56.417910,,
gru_small,synth_trend_break,336,1,retrain,1,162.960576,10.094668,12.765601,1.981323,1.984422,61.791045,,
gru_small,synth_trend_break,336,1,retrain,2,213.921426,11.828797,14.626053,2.299964,2.310301,60.298507,,
gru_small,synth_trend_break,336,1,retrain,3,81192.055178,282.712096,284.942196,35.550344,43.118801,49.850746,,
gru_small,synth_trend_break,336,1,retrain,4,1183.658579,28.303377,34.404340,3.588107,3.592783,50.746269,,
gru_small,synth_trend_break,336,1,retrain,5,441.807861,17.219957,21.019226,2.195586,2.198701,59.104478,,
gru_small,synth_trend_break,336,1,retrain,6,485.827735,17.864473,22.041500,2.293690,2.294229,57.014925,,
gru_small,synth_trend_break,336,1,retrain,7,439.902681,16.873139,20.973857,2.182040,2.184701,56.716418,,
gru_small,synth_trend_break,336,1,retrain,8,654.599000,20.714104,25.585132,2.702690,2.690714,60.895522,,
gru_small,synth_trend_break,336,1,retrain,9,1079.793787,27.030592,32.860216,3.563192,3.547629,59.104478,,
gru_small,synth_trend_break,720,0,retrain,0,150.734996,9.989798,12.277418,1.973097,1.975544,59.527121,,
gru_small,synth_trend_break,720,0,retrain,1,155.447354,9.936582,12.467853,1.949488,1.953782,62.447844,,
gru_small,synth_trend_break,720,0,retrain,2,12089.826471,66.127430,109.953747,11.770670,11.152694,47.353760,,
gru_small,synth_trend_break,720,0,retrain,3,78585.173712,277.849410,280.330472,34.918184,42.197993,51.877608,,
gru_small,synth_trend_break,720,0,retrain,4,1312.525314,29.804800,36.228791,3.774381,3.780504,51.321280,,
gru_small,synth_trend_break,720,0,retrain,5,1220.197956,28.957961,34.931332,3.692298,3.698729,51.599444,,
gru_small,synth_trend_break,720,0,retrain,6,1285.754177,30.206302,35.857415,3.881593,3.883322,49.374131,,
gru_small,synth_trend_break,720,0,retrain,7,1386.009120,30.706680,37.229143,3.976531,3.981047,48.817803,,
gru_small,synth_trend_break,720,0,retrain,8,1399.531568,30.363071,37.410314,3.959380,3.961103,49.235049,,
gru_small,synth_trend_break,720,0,retrain,9,1698.408995,33.531669,41.211758,4.415313,4.409216,47.426982,,
gru_small,synth_trend_break,336,2,retrain,0,152.343921,9.932996,12.342768,1.963555,1.964828,56.119403,,
gru_small,synth_trend_break,336,2,retrain,1,161.653318,10.038093,12.714296,1.970219,1.973995,61.492537,,
gru_small,synth_trend_break,336,2,retrain,2,207.472215,11.602408,14.403896,2.255945,2.264085,62.686567,,
gru_small,synth_trend_break,336,2,retrain,3,81708.948107,283.607128,285.847771,35.662892,43.285095,48.656716,,
gru_small,synth_trend_break,336,2,retrain,4,1105.871610,27.189341,33.254648,3.446878,3.452597,53.432836,,
gru_small,synth_trend_break,336,2,retrain,5,474.248875,17.521908,21.777256,2.234085,2.241600,57.611940,,
gru_small,synth_trend_break,336,2,retrain,6,476.943361,17.367142,21.839033,2.229836,2.230717,60.895522,,
gru_small,synth_trend_break,336,2,retrain,7,495.606056,17.715477,22.262211,2.290971,2.291127,59.104478,,
gru_small,synth_trend_break,336,2,retrain,8,663.702905,20.795781,25.762432,2.713347,2.710710,60.000000,,
gru_small,synth_trend_break,336,2,retrain,9,1048.051374,26.537046,32.373622,3.498133,3.488229,57.611940,,
gru_small,synth_slow_drift,96,1,retrain,0,246.838747,12.781964,15.711103,2.343751,2.348783,63.157895,,
gru_small,synth_slow_drift,96,1,retrain,1,253.203303,12.901739,15.912363,2.286018,2.279977,64.210526,,
gru_small,synth_slow_drift,96,1,retrain,2,324.084914,15.120114,18.002359,2.566390,2.567807,61.052632,,
gru_small,synth_slow_drift,96,1,retrain,3,429.666436,17.194449,20.728397,2.798297,2.792664,62.105263,,
gru_small,synth_slow_drift,96,1,retrain,4,386.031124,15.863542,19.647675,2.493073,2.478524,58.947368,,
gru_small,synth_slow_drift,96,1,retrain,5,625.987939,20.532349,25.019751,3.121100,3.107122,71.578947,,
gru_small,synth_slow_drift,96,1,retrain,6,444.970259,16.511112,21.094318,2.426914,2.413617,67.368421,,
gru_small,synth_slow_drift,96,1,retrain,7,377.033807,15.592263,19.417358,2.214578,2.205714,63.157895,,
gru_small,synth_slow_drift,96,1,retrain,8,880.202773,24.594639,29.668211,3.376540,3.369699,67.368421,,
gru_small,synth_slow_drift,96,1,retrain,9,679.633591,22.387346,26.069783,2.984679,2.989643,68.421053,,
gru_small,synth_trend_break,720,1,retrain,0,148.591992,9.907216,12.189831,1.956786,1.959329,60.778860,,
gru_small,synth_trend_break,720,1,retrain,1,150.975437,9.823713,12.287206,1.927344,1.930131,61.335188,,
gru_small,synth_trend_break,720,1,retrain,2,11903.038174,64.626890,109.101046,11.503574,10.860241,47.214485,,
gru_small,synth_trend_break,720,1,retrain,3,79280.979681,279.158638,281.568783,35.082718,42.438464,50.625869,,
gru_small,synth_trend_break,720,1,retrain,4,1141.627791,27.697963,33.787983,3.507579,3.514763,51.599444,,
gru_small,synth_trend_break,720,1,retrain,5,1236.772862,29.303305,35.167782,3.736331,3.742506,48.817803,,
gru_small,synth_trend_break,720,1,retrain,6,1181.967489,28.744179,34.379754,3.693706,3.697070,50.625869,,
gru_small,synth_trend_break,720,1,retrain,7,1426.891995,31.177620,37.774224,4.037518,4.040992,51.321280,,
gru_small,synth_trend_break,720,1,retrain,8,1282.158003,29.077148,35.807234,3.791694,3.796262,47.287900,,
gru_small,synth_trend_break,720,1,retrain,9,1590.681405,32.191445,39.883347,4.238838,4.237140,53.963839,,
gru_small,synth_trend_break,720,2,retrain,0,149.857655,9.962409,12.241636,1.967688,1.970914,59.388039,,
gru_small,synth_trend_break,720,2,retrain,1,155.218688,9.915312,12.458679,1.945315,1.948517,60.917942,,
gru_small,synth_trend_break,720,2,retrain,2,11977.931711,64.651743,109.443738,11.507998,10.863911,50.139276,,
gru_small,synth_trend_break,720,2,retrain,3,77137.183552,275.318317,277.735816,34.600093,41.738515,52.851182,,
gru_small,synth_trend_break,720,2,retrain,4,1237.195763,28.940164,35.173794,3.664887,3.670482,49.652295,,
gru_small,synth_trend_break,720,2,retrain,5,1352.394005,30.638905,36.774910,3.906627,3.911357,50.347705,,
gru_small,synth_trend_break,720,2,retrain,6,1296.827572,30.401398,36.011492,3.906664,3.908068,47.844228,,
gru_small,synth_trend_break,720,2,retrain,7,1224.341550,28.677499,34.990592,3.713751,3.722334,55.215577,,
gru_small,synth_trend_break,720,2,retrain,8,1389.639886,30.188342,37.277874,3.936595,3.938916,51.877608,,
gru_small,synth_trend_break,720,2,retrain,9,1536.147453,31.813832,39.193717,4.189115,4.188571,53.546592,,
gru_small,synth_slow_drift,96,0,retrain,0,263.487531,13.167773,16.232299,2.414495,2.420786,60.000000,,
gru_small,synth_slow_drift,96,0,retrain,1,236.786794,12.503377,15.387878,2.215433,2.211131,60.000000,,
gru_small,synth_slow_drift,96,0,retrain,2,329.307431,15.296515,18.146830,2.596331,2.595985,58.947368,,
gru_small,synth_slow_drift,96,0,retrain,3,435.821425,17.325406,20.876336,2.819609,2.814207,61.052632,,
gru_small,synth_slow_drift,96,0,retrain,4,442.826450,17.093181,21.043442,2.686320,2.672384,61.052632,,
gru_small,synth_slow_drift,96,0,retrain,5,575.228002,19.480150,23.983911,2.961157,2.946732,69.473684,,
gru_small,synth_slow_drift,96,0,retrain,6,497.150403,17.438086,22.296870,2.563167,2.552056,61.052632,,
gru_small,synth_slow_drift,96,0,retrain,7,476.095678,17.617854,21.819617,2.502274,2.490664,61.052632,,
gru_small,synth_slow_drift,96,0,retrain,8,874.022992,24.445179,29.563880,3.356021,3.349113,64.210526,,
gru_small,synth_slow_drift,96,0,retrain,9,613.952667,20.797430,24.778068,2.772712,2.767564,69.473684,,
gru_small,synth_slow_drift,96,2,retrain,0,252.699135,12.783522,15.896513,2.344037,2.349932,64.210526,,
gru_small,synth_slow_drift,96,2,retrain,1,240.383063,12.471554,15.504292,2.209795,2.202717,61.052632,,
gru_small,synth_slow_drift,96,2,retrain,2,330.712081,15.080279,18.185491,2.559629,2.561927,58.947368,,
gru_small,synth_slow_drift,96,2,retrain,3,398.807957,16.658193,19.970177,2.711024,2.708519,57.894737,,
gru_small,synth_slow_drift,96,2,retrain,4,395.255326,15.961491,19.881029,2.508467,2.493818,61.052632,,
gru_small,synth_slow_drift,96,2,retrain,5,403.612412,15.889164,20.090107,2.415295,2.398338,70.526316,,
gru_small,synth_slow_drift,96,2,retrain,6,409.813634,15.904624,20.243854,2.337769,2.324936,62.105263,,
gru_small,synth_slow_drift,96,2,retrain,7,489.286318,18.570105,22.119817,2.637522,2.634168,61.052632,,
gru_small,synth_slow_drift,96,2,retrain,8,649.561943,20.992347,25.486505,2.881990,2.871786,61.052632,,
gru_small,synth_slow_drift,96,2,retrain,9,772.047302,23.472194,27.785739,3.129311,3.129271,66.315789,,
gru_small,synth_slow_drift,192,0,retrain,0,307.397451,14.153889,17.532754,2.609666,2.621332,62.303665,,
gru_small,synth_slow_drift,192,0,retrain,1,278.282188,13.326499,16.681792,2.359738,2.353168,62.827225,,
gru_small,synth_slow_drift,192,0,retrain,2,386.736825,16.432974,19.665625,2.789879,2.790403,60.732984,,
gru_small,synth_slow_drift,192,0,retrain,3,481.916893,17.940250,21.952606,2.925113,2.921032,60.209424,,
gru_small,synth_slow_drift,192,0,retrain,4,705.294326,22.697041,26.557378,3.574903,3.588515,61.780105,,
gru_small,synth_slow_drift,192,0,retrain,5,680.936828,21.482796,26.094766,3.264052,3.257781,63.350785,,
gru_small,synth_slow_drift,192,0,retrain,6,435.465864,16.761960,20.867819,2.472516,2.462760,63.874346,,
gru_small,synth_slow_drift,192,0,retrain,7,570.691265,20.018943,23.889145,2.848769,2.849407,58.115183,,
gru_small,synth_slow_drift,192,0,retrain,8,727.375281,22.153937,26.969896,3.042517,3.031467,61.256545,,
gru_small,synth_slow_drift,192,0,retrain,9,614.075340,20.446284,24.780544,2.727271,2.720323,62.827225,,
gru_small,synth_slow_drift,192,1,retrain,0,298.482754,13.888993,17.276653,2.560825,2.569956,62.827225,,
gru_small,synth_slow_drift,192,1,retrain,1,272.427379,13.168484,16.505374,2.331758,2.324858,61.780105,,
gru_small,synth_slow_drift,192,1,retrain,2,363.179430,15.842822,19.057267,2.689687,2.690042,60.732984,,
gru_small,synth_slow_drift,192,1,retrain,3,478.854432,17.917785,21.882743,2.921450,2.919360,62.303665,,
gru_small,synth_slow_drift,192,1,retrain,4,649.004740,21.499720,25.475571,3.386319,3.391497,64.397906,,
gru_small,synth_slow_drift,192,1,retrain,5,795.154098,23.605210,28.198477,3.586527,3.586207,66.492147,,
gru_small,synth_slow_drift,192,1,retrain,6,402.711261,16.154081,20.067667,2.382849,2.376072,64.397906,,
gru_small,synth_slow_drift,192,1,retrain,7,797.774753,24.529004,28.244907,3.490567,3.512545,58.638743,,
gru_small,synth_slow_drift,192,1,retrain,8,953.309128,25.362878,30.875704,3.483218,3.476198,61.256545,,
gru_small,synth_slow_drift,192,1,retrain,9,689.468616,21.789069,26.257734,2.906381,2.900498,65.445026,,
gru_small,synth_slow_drift,192,2,retrain,0,312.708755,14.258858,17.683573,2.629020,2.640465,62.827225,,
gru_small,synth_slow_drift,192,2,retrain,1,270.268348,13.153992,16.439840,2.329192,2.322240,61.780105,,
gru_small,synth_slow_drift,192,2,retrain,2,408.551191,16.911260,20.212649,2.871080,2.875197,58.638743,,
gru_small,synth_slow_drift,192,2,retrain,3,487.342750,18.108767,22.075841,2.952590,2.950641,59.162304,,
gru_small,synth_slow_drift,192,2,retrain,4,651.852209,21.581355,25.531397,3.399177,3.408544,62.303665,,
gru_small,synth_slow_drift,192,2,retrain,5,715.560135,22.334205,26.749956,3.393413,3.391506,65.968586,,
gru_small,synth_slow_drift,192,2,retrain,6,414.393054,16.245402,20.356646,2.396319,2.389069,61.780105,,
gru_small,synth_slow_drift,192,2,retrain,7,556.518272,19.429510,23.590639,2.764890,2.759331,58.638743,,
gru_small,synth_slow_drift,192,2,retrain,8,901.566736,24.686594,30.026101,3.390340,3.381255,67.015707,,
gru_small,synth_slow_drift,192,2,retrain,9,772.815776,23.182164,27.799564,3.092202,3.090786,63.350785,,
gru_small,synth_slow_drift,720,0,retrain,0,634.890402,21.450766,25.197032,3.972323,4.022246,62.726008,,
gru_small,synth_slow_drift,720,0,retrain,1,563.025723,19.872084,23.728163,3.531969,3.566965,59.527121,,
gru_small,synth_slow_drift,720,0,retrain,2,714.180333,23.176251,26.724153,3.952308,3.997970,62.030598,,
gru_small,synth_slow_drift,720,0,retrain,3,826.471181,25.258153,28.748412,4.139610,4.191478,61.335188,,
gru_small,synth_slow_drift,720,0,retrain,4,852.882491,25.313177,29.204152,4.000396,4.027759,61.752434,,
gru_small,synth_slow_drift,720,0,retrain,5,1097.111305,29.270572,33.122671,4.458339,4.497282,62.169680,,
gru_small,synth_slow_drift,720,0,retrain,6,1119.258140,29.406053,33.455316,4.337820,4.381036,59.109875,,
gru_small,synth_slow_drift,720,0,retrain,7,1167.258004,30.080971,34.165158,4.282962,4.320220,57.579972,,
gru_small,synth_slow_drift,720,0,retrain,8,1731.525877,38.076537,41.611607,5.254395,5.342024,60.500695,,
gru_small,synth_slow_drift,720,0,retrain,9,1725.765781,37.506817,41.542337,5.017103,5.089467,61.057024,,
gru_small,synth_slow_drift,720,1,retrain,0,476.448433,18.171250,21.827699,3.365012,3.392637,62.447844,,
gru_small,synth_slow_drift,720,1,retrain,1,623.418288,21.201980,24.968346,3.768338,3.821389,60.639777,,
gru_small,synth_slow_drift,720,1,retrain,2,717.052195,23.228956,26.777830,3.961296,4.013861,61.474270,,
gru_small,synth_slow_drift,720,1,retrain,3,850.629475,25.718008,29.165553,4.214976,4.268760,60.639777,,
gru_small,synth_slow_drift,720,1,retrain,4,902.468697,26.128994,30.041117,4.129325,4.159054,62.865090,,
gru_small,synth_slow_drift,720,1,retrain,5,1021.063210,27.962746,31.954080,4.259138,4.292115,63.699583,,
gru_small,synth_slow_drift,720,1,retrain,6,923.368951,25.891975,30.386987,3.819442,3.838050,58.970793,,
gru_small,synth_slow_drift,720,1,retrain,7,1504.386087,35.042852,38.786416,4.989440,5.062428,58.831711,,
gru_small,synth_slow_drift,720,1,retrain,8,1922.548534,40.528887,43.846876,5.592808,5.700714,62.169680,,
gru_small,synth_slow_drift,720,1,retrain,9,1646.012752,36.462448,40.571083,4.877403,4.945812,60.500695,,
gru_small,synth_slow_drift,336,0,retrain,0,337.429485,14.924920,18.369254,2.762203,2.777685,60.895522,,
gru_small,synth_slow_drift,336,0,retrain,1,325.180712,14.535315,18.032768,2.584897,2.584744,62.388060,,
gru_small,synth_slow_drift,336,0,retrain,2,525.616295,18.812860,22.926323,3.207514,3.210676,58.507463,,
gru_small,synth_slow_drift,336,0,retrain,3,444.267806,17.295324,21.077661,2.833225,2.829698,61.194030,,
gru_small,synth_slow_drift,336,0,retrain,4,650.547579,21.237143,25.505834,3.351427,3.350707,62.089552,,
gru_small,synth_slow_drift,336,0,retrain,5,802.276537,23.480444,28.324487,3.580083,3.577648,62.686567,,
gru_small,synth_slow_drift,336,0,retrain,6,767.731880,23.313180,27.707975,3.441330,3.454420,58.208955,,
gru_small,synth_slow_drift,336,0,retrain,7,1129.418229,29.879443,33.606818,4.257789,4.306478,56.119403,,
gru_small,synth_slow_drift,336,0,retrain,8,1122.386478,28.607799,33.502037,3.940264,3.951866,62.388060,,
gru_small,synth_slow_drift,336,0,retrain,9,954.469191,26.420269,30.894485,3.535565,3.546578,62.388060,,
gru_small,synth_slow_drift,336,2,retrain,0,361.781255,15.525773,19.020548,2.873405,2.891757,61.791045,,
gru_small,synth_slow_drift,336,2,retrain,1,300.585884,13.886296,17.337413,2.469479,2.466253,63.582090,,
gru_small,synth_slow_drift,336,2,retrain,2,537.573946,19.057122,23.185641,3.249160,3.256251,60.000000,,
gru_small,synth_slow_drift,336,2,retrain,3,431.111525,16.871480,20.763225,2.763793,2.756739,61.194030,,
gru_small,synth_slow_drift,336,2,retrain,4,655.677797,21.303250,25.606206,3.361860,3.359953,62.089552,,
gru_small,synth_slow_drift,336,2,retrain,5,655.833800,20.873029,25.609252,3.182528,3.174749,64.179104,,
gru_small,synth_slow_drift,336,2,retrain,6,538.704384,18.878434,23.210006,2.786703,2.782289,60.895522,,
gru_small,synth_slow_drift,336,2,retrain,7,1178.878963,30.528359,34.334807,4.350259,4.408137,56.119403,,
gru_small,synth_slow_drift,336,2,retrain,8,1082.172723,28.495828,32.896394,3.924842,3.951123,62.388060,,
gru_small,synth_slow_drift,336,2,retrain,9,1060.758367,27.391303,32.569286,3.665509,3.671878,61.194030,,
gru_small,synth_slow_drift,336,1,retrain,0,348.249936,15.217837,18.661456,2.816414,2.833578,62.686567,,
gru_small,synth_slow_drift,336,1,retrain,1,275.776105,13.251062,16.606508,2.356511,2.350344,61.194030,,
gru_small,synth_slow_drift,336,1,retrain,2,525.256296,19.014508,22.918471,3.241894,3.250376,60.000000,,
gru_small,synth_slow_drift,336,1,retrain,3,397.375472,16.188987,19.934279,2.651991,2.645504,60.597015,,
gru_small,synth_slow_drift,336,1,retrain,4,671.695821,21.645383,25.917095,3.415852,3.416443,62.985075,,
gru_small,synth_slow_drift,336,1,retrain,5,733.782681,22.635493,27.088423,3.451253,3.450806,63.880597,,
gru_small,synth_slow_drift,336,1,retrain,6,800.078418,23.910460,28.285657,3.529496,3.546652,58.507463,,
gru_small,synth_slow_drift,336,1,retrain,7,1339.395554,32.933051,36.597753,4.692925,4.762327,55.223881,,
gru_small,synth_slow_drift,336,1,retrain,8,1057.403517,27.385855,32.517742,3.771961,3.776220,57.313433,,
gru_small,synth_slow_drift,336,1,retrain,9,820.265270,23.781126,28.640274,3.182394,3.179008,59.402985,,
gru_small,synth_slow_drift,720,2,retrain,0,496.852162,18.639714,22.290181,3.451764,3.482987,63.421419,,
gru_small,synth_slow_drift,720,2,retrain,1,688.418151,22.489994,26.237724,3.997263,4.060470,61.196106,,
gru_small,synth_slow_drift,720,2,retrain,2,740.498151,23.652792,27.212096,4.033574,4.084985,61.057024,,
gru_small,synth_slow_drift,720,2,retrain,3,894.183938,26.480992,29.902909,4.340023,4.403771,62.169680,,
gru_small,synth_slow_drift,720,2,retrain,4,888.131488,25.977944,29.801535,4.105454,4.137760,62.308762,,
gru_small,synth_slow_drift,720,2,retrain,5,1083.493528,29.120444,32.916463,4.435472,4.474442,60.639777,,
gru_small,synth_slow_drift,720,2,retrain,6,992.657884,26.872276,31.506474,3.964051,3.981595,58.414465,,
gru_small,synth_slow_drift,720,2,retrain,7,1483.568700,34.919595,38.517122,4.971891,5.045411,58.553547,,
gru_small,synth_slow_drift,720,2,retrain,8,1681.691940,37.605193,41.008437,5.189351,5.279170,59.109875,,
gru_small,synth_slow_drift,720,2,retrain,9,1478.984589,33.910101,38.457569,4.535988,4.581971,59.805285,,
gru_small,synth_fast_switch,96,0,retrain,0,162.162693,9.755262,12.734312,1.924022,1.925618,61.052632,,
gru_small,synth_fast_switch,96,0,retrain,1,87941.147038,282.739025,296.548726,35.574809,42.537141,51.578947,,
gru_small,synth_fast_switch,96,0,retrain,2,7901.757537,72.894413,88.891831,8.007837,8.042848,53.684211,,
gru_small,synth_fast_switch,96,0,retrain,3,1813.263097,34.106871,42.582427,3.756294,3.760960,57.894737,,
gru_small,synth_fast_switch,96,0,retrain,4,9673.782598,95.517752,98.355389,11.934007,11.285568,62.105263,,
gru_small,synth_fast_switch,96,0,retrain,5,10082.298340,94.695682,100.410649,11.912841,11.323482,44.210526,,
gru_small,synth_fast_switch,96,0,retrain,6,614.168133,19.630319,24.782416,2.497013,2.493499,53.684211,,
gru_small,synth_fast_switch,96,0,retrain,7,328.723337,14.359330,18.130729,2.858482,2.887359,54.736842,,
gru_small,synth_fast_switch,96,0,retrain,8,198.679904,11.176939,14.095386,2.215573,2.234314,62.105263,,
gru_small,synth_fast_switch,96,0,retrain,9,190.004257,11.342654,13.784203,2.221731,2.223440,57.894737,,
gru_small,synth_fast_switch,96,1,retrain,0,164.079868,9.921311,12.809366,1.956771,1.958718,60.000000,,
gru_small,synth_fast_switch,96,1,retrain,1,88733.050385,284.083155,297.880933,35.743930,42.785643,48.421053,,
gru_small,synth_fast_switch,96,1,retrain,2,7665.150877,72.453061,87.550847,7.959352,7.987773,38.947368,,
gru_small,synth_fast_switch,96,1,retrain,3,1800.736421,34.150738,42.435085,3.761125,3.762162,56.842105,,
gru_small,synth_fast_switch,96,1,retrain,4,8914.806708,91.416472,94.418254,11.421592,10.824946,58.947368,,
gru_small,synth_fast_switch,96,1,retrain,5,8245.320664,83.651597,90.803748,10.523480,10.072553,56.842105,,
gru_small,synth_fast_switch,96,1,retrain,6,638.247095,20.709309,25.263553,2.634263,2.641753,52.631579,,
gru_small,synth_fast_switch,96,1,retrain,7,385.752989,15.293828,19.640595,3.044511,3.074028,53.684211,,
gru_small,synth_fast_switch,96,1,retrain,8,253.099941,12.370471,15.909115,2.452164,2.467050,60.000000,,
gru_small,synth_fast_switch,96,1,retrain,9,187.060567,11.158760,13.677009,2.185711,2.179476,60.000000,,
gru_small,synth_fast_switch,96,2,retrain,0,161.793768,9.747700,12.719818,1.922530,1.924368,61.052632,,
gru_small,synth_fast_switch,96,2,retrain,1,86455.394346,280.291784,294.032982,35.266892,42.084683,49.473684,,
gru_small,synth_fast_switch,96,2,retrain,2,7802.214898,72.486690,88.330147,7.963046,7.988646,52.631579,,
gru_small,synth_fast_switch,96,2,retrain,3,1797.941788,33.924349,42.402144,3.736193,3.736421,55.789474,,
gru_small,synth_fast_switch,96,2,retrain,4,9315.605665,93.797071,96.517385,11.719025,11.104585,57.894737,,
gru_small,synth_fast_switch,96,2,retrain,5,11243.571699,100.029676,106.035710,12.583864,11.918395,46.315789,,
gru_small,synth_fast_switch,96,2,retrain,6,534.732301,19.024184,23.124279,2.419912,2.420870,51.578947,,
gru_small,synth_fast_switch,96,2,retrain,7,1104.904089,28.738305,33.240098,5.720875,5.794456,54.736842,,
gru_small,synth_fast_switch,96,2,retrain,8,461.880570,18.463449,21.491407,3.659958,3.682992,52.631579,,
gru_small,synth_fast_switch,96,2,retrain,9,177.453067,10.917397,13.321151,2.138434,2.137798,58.947368,,
gru_small,synth_fast_switch,192,0,retrain,0,160.973826,9.867639,12.687546,1.943687,1.948008,61.256545,,
gru_small,synth_fast_switch,192,0,retrain,1,45502.349380,158.720313,213.312797,23.984231,24.488882,43.684211,,
gru_small,synth_fast_switch,192,0,retrain,2,7506.207408,70.624904,86.638371,7.760112,7.811420,44.502618,,
gru_small,synth_fast_switch,192,0,retrain,3,1919.348000,35.382041,43.810364,3.889684,3.897116,62.303665,,
gru_small,synth_fast_switch,192,0,retrain,4,17133.964619,104.670527,130.896771,12.970394,12.136180,41.361257,,
gru_small,synth_fast_switch,192,0,retrain,5,10475.514282,97.072105,102.349960,12.192146,11.577238,51.308901,,
gru_small,synth_fast_switch,192,0,retrain,6,608.767127,20.052629,24.673207,2.550279,2.549136,56.020942,,
gru_small,synth_fast_switch,192,0,retrain,7,24641.974034,155.821505,156.977623,30.975472,26.860937,58.638743,,
gru_small,synth_fast_switch,192,0,retrain,8,476.688120,17.482646,21.833188,3.461491,3.461836,58.638743,,
gru_small,synth_fast_switch,192,0,retrain,9,224.657307,12.326982,14.988573,2.413348,2.406253,61.256545,,
gru_small,synth_fast_switch,192,2,retrain,0,162.495814,9.957007,12.747385,1.961290,1.965821,61.780105,,
gru_small,synth_fast_switch,192,2,retrain,1,44873.554009,157.249783,211.833789,23.762019,24.211503,46.315789,,
gru_small,synth_fast_switch,192,2,retrain,2,7153.127761,69.702656,84.576165,7.658777,7.703375,49.738220,,
gru_small,synth_fast_switch,192,2,retrain,3,1948.145699,36.142633,44.137804,3.973299,3.979613,62.303665,,
gru_small,synth_fast_switch,192,2,retrain,4,17614.640459,106.210681,132.720158,13.161245,12.298363,43.455497,,
gru_small,synth_fast_switch,192,2,retrain,5,9905.815093,93.078788,99.527961,11.690590,11.128863,53.403141,,
gru_small,synth_fast_switch,192,2,retrain,6,469.597704,17.523404,21.670203,2.228614,2.228012,55.497382,,
gru_small,synth_fast_switch,192,2,retrain,7,37920.387011,193.916093,194.731577,38.548226,32.373852,56.020942,,
gru_small,synth_fast_switch,192,2,retrain,8,736.146558,21.594091,27.132021,4.275540,4.292834,53.926702,,
gru_small,synth_fast_switch,192,2,retrain,9,286.518692,13.817152,16.926863,2.705090,2.694988,58.638743,,
gru_small,synth_fast_switch,192,1,retrain,0,160.960658,9.929832,12.687027,1.955937,1.960068,62.303665,,
gru_small,synth_fast_switch,192,1,retrain,1,45737.566670,158.864640,213.863430,24.006040,24.513271,51.052632,,
gru_small,synth_fast_switch,192,1,retrain,2,7298.310510,69.746205,85.430150,7.663562,7.711576,48.691099,,
gru_small,synth_fast_switch,192,1,retrain,3,1925.984886,35.671776,43.886044,3.921535,3.926545,64.397906,,
gru_small,synth_fast_switch,192,1,retrain,4,16308.635132,102.334606,127.705267,12.680935,11.894283,39.790576,,
gru_small,synth_fast_switch,192,1,retrain,5,12579.509186,97.270401,112.158411,12.217052,11.542655,40.314136,,
gru_small,synth_fast_switch,192,1,retrain,6,597.113085,19.799560,24.435897,2.518094,2.517121,56.020942,,
gru_small,synth_fast_switch,192,1,retrain,7,17810.940672,131.014788,133.457636,26.044190,23.140956,54.973822,,
gru_small,synth_fast_switch,192,1,retrain,8,727.584146,21.103926,26.973768,4.178490,4.198778,57.068063,,
gru_small,synth_fast_switch,192,1,retrain,9,299.123710,14.171210,17.295193,2.774407,2.768841,61.256545,,
gru_small,synth_fast_switch,336,0,retrain,0,149.739163,9.767167,12.236795,1.924049,1.930664,61.194030,,
gru_small,synth_fast_switch,336,0,retrain,1,26150.406502,99.126633,161.710873,16.635477,15.654612,54.491018,,
gru_small,synth_fast_switch,336,0,retrain,2,124107.244174,342.371684,352.288581,37.566426,45.816834,49.850746,,
gru_small,synth_fast_switch,336,0,retrain,3,2342.560506,39.747949,48.400005,4.370425,4.382507,63.880597,,
gru_small,synth_fast_switch,336,0,retrain,4,13133.851496,90.816636,114.603017,10.721801,10.364536,43.113772,,
gru_small,synth_fast_switch,336,0,retrain,5,9972.017838,92.896330,99.859991,11.707596,11.149487,51.343284,,
gru_small,synth_fast_switch,336,0,retrain,6,856.299537,24.131114,29.262596,3.064634,3.059263,56.417910,,
gru_small,synth_fast_switch,336,0,retrain,7,52704.727612,227.342670,229.575102,44.605098,36.567013,51.940299,,
gru_small,synth_fast_switch,336,0,retrain,8,705.089194,21.640337,26.553516,4.275710,4.283084,54.925373,,
gru_small,synth_fast_switch,336,0,retrain,9,945.236770,25.023025,30.744703,4.914786,4.919724,48.059701,,
gru_small,synth_fast_switch,336,1,retrain,0,150.087793,9.720535,12.251032,1.914863,1.921929,61.492537,,
gru_small,synth_fast_switch,336,1,retrain,1,26212.158540,99.069100,161.901694,16.625822,15.641997,49.700599,,
gru_small,synth_fast_switch,336,1,retrain,2,27060.727848,144.879122,164.501452,15.896732,16.849487,45.671642,,
gru_small,synth_fast_switch,336,1,retrain,3,2083.828062,37.135268,45.648966,4.083152,4.094856,61.194030,,
gru_small,synth_fast_switch,336,1,retrain,4,14035.219442,93.137136,118.470331,10.995759,10.607697,45.508982,,
gru_small,synth_fast_switch,336,1,retrain,5,12449.954043,105.925049,111.579362,13.349588,12.603843,55.223881,,
gru_small,synth_fast_switch,336,1,retrain,6,1561.151548,34.450517,39.511410,4.375191,4.311473,57.611940,,
gru_small,synth_fast_switch,336,1,retrain,7,45874.278537,211.708524,214.182816,41.537646,34.490390,48.656716,,
gru_small,synth_fast_switch,336,1,retrain,8,1046.883276,26.333523,32.355576,5.202992,5.157442,50.447761,,
gru_small,synth_fast_switch,336,1,retrain,9,688.010395,21.397078,26.229952,4.202612,4.178007,54.328358,,
gru_small,synth_fast_switch,336,2,retrain,0,150.013098,9.749735,12.247983,1.920615,1.926501,61.791045,,
gru_small,synth_fast_switch,336,2,retrain,1,25949.382969,99.132268,161.088122,16.636423,15.659574,50.898204,,
gru_small,synth_fast_switch,336,2,retrain,2,139620.988800,364.212867,373.658920,39.962930,49.504342,47.462687,,
gru_small,synth_fast_switch,336,2,retrain,3,2173.089339,38.172743,46.616406,4.197226,4.208017,63.283582,,
gru_small,synth_fast_switch,336,2,retrain,4,12896.342280,89.458565,113.562064,10.561467,10.221453,44.910180,,
gru_small,synth_fast_switch,336,2,retrain,5,13551.670658,110.097698,116.411643,13.875461,13.063611,46.865672,,
gru_small,synth_fast_switch,336,2,retrain,6,1175.194969,29.129325,34.281117,3.699403,3.669967,55.223881,,
gru_small,synth_fast_switch,336,2,retrain,7,79602.411693,278.959569,282.138994,54.732439,43.026985,44.776119,,
gru_small,synth_fast_switch,336,2,retrain,8,747.509476,22.224206,27.340620,4.391071,4.383952,49.850746,,
gru_small,synth_fast_switch,336,2,retrain,9,704.698128,21.914847,26.546151,4.304307,4.302737,57.910448,,
gru_small,synth_fast_switch,720,0,retrain,0,148.326749,9.812485,12.178947,1.936146,1.939818,59.248957,,
gru_small,synth_fast_switch,720,0,retrain,1,52921.378812,156.653090,230.046471,23.940375,23.261254,49.442897,,
gru_small,synth_fast_switch,720,0,retrain,2,132240.630988,352.815635,363.649049,38.774769,47.885655,48.122392,,
gru_small,synth_fast_switch,720,0,retrain,3,5771.371831,63.419496,75.969545,6.972443,6.991069,54.798331,,
gru_small,synth_fast_switch,720,0,retrain,4,9539.681909,86.531899,97.671295,10.166572,9.978416,50.417827,,
gru_small,synth_fast_switch,720,0,retrain,5,14776.750590,115.634004,121.559659,14.595325,13.690905,47.566064,,
gru_small,synth_fast_switch,720,0,retrain,6,3843.870065,53.651512,61.998952,6.820903,6.683177,49.513213,,
gru_small,synth_fast_switch,720,0,retrain,7,63417.745724,229.346431,251.828802,40.731627,35.147648,44.568245,,
gru_small,synth_fast_switch,720,0,retrain,8,86607.924344,292.230032,294.292243,57.849132,44.912981,44.645341,,
gru_small,synth_fast_switch,720,0,retrain,9,3280.702327,44.720931,57.277416,8.695870,8.264946,52.367688,,
gru_small,synth_fast_switch,720,1,retrain,0,148.364260,9.842636,12.180487,1.942096,1.945124,60.222531,,
gru_small,synth_fast_switch,720,1,retrain,1,53758.343059,155.453437,231.858455,23.757039,22.993885,52.924791,,
gru_small,synth_fast_switch,720,1,retrain,2,128909.489365,348.840012,359.039677,38.337844,47.141545,52.016690,,
gru_small,synth_fast_switch,720,1,retrain,3,6110.855372,65.456754,78.171960,7.196422,7.214866,47.844228,,
gru_small,synth_fast_switch,720,1,retrain,4,11982.761944,85.030405,109.465803,9.990162,9.739918,48.189415,,
gru_small,synth_fast_switch,720,1,retrain,5,13690.051781,111.406310,117.004495,14.061706,13.226227,51.877608,,
gru_small,synth_fast_switch,720,1,retrain,6,2931.771673,44.632279,54.145837,5.674256,5.769067,51.182197,,
gru_small,synth_fast_switch,720,1,retrain,7,54183.752833,213.780194,232.774038,37.967084,33.256212,49.303621,,
gru_small,synth_fast_switch,720,1,retrain,8,86331.207301,289.567583,293.821727,57.322080,44.532175,38.386648,,
gru_small,synth_fast_switch,720,1,retrain,9,3480.783401,46.692284,58.998164,9.079195,8.618655,55.431755,,
gru_small,synth_fast_switch,720,2,retrain,0,147.427332,9.796285,12.141966,1.932950,1.936697,60.083449,,
gru_small,synth_fast_switch,720,2,retrain,1,53790.984592,155.360101,231.928835,23.742775,22.973748,48.607242,,
gru_small,synth_fast_switch,720,2,retrain,2,122311.282961,339.532624,349.730300,37.314953,45.576608,49.930459,,
gru_small,synth_fast_switch,720,2,retrain,3,5750.366145,63.427987,75.831169,6.973376,6.992222,52.155772,,
gru_small,synth_fast_switch,720,2,retrain,4,12356.573350,84.012139,111.160125,9.870527,9.614034,46.657382,,
gru_small,synth_fast_switch,720,2,retrain,5,14567.059902,114.656221,120.694076,14.471909,13.582508,48.400556,,
gru_small,synth_fast_switch,720,2,retrain,6,8054.248913,86.591118,89.745467,11.008629,10.443704,57.997218,,
gru_small,synth_fast_switch,720,2,retrain,7,55470.256376,215.779075,235.521244,38.322082,33.488570,50.974930,,
gru_small,synth_fast_switch,720,2,retrain,8,90531.218192,300.077546,300.884061,59.402606,45.882920,52.155772,,
gru_small,synth_fast_switch,720,2,retrain,9,5026.560079,55.872894,70.898237,10.864340,10.166349,48.885794,,
gru_small,synth_recurring,96,0,retrain,0,179.402641,10.715384,13.394127,2.115558,2.124613,64.210526,,
gru_small,synth_recurring,96,0,retrain,1,141766.951876,368.427189,376.519524,41.819514,52.428235,53.684211,,
gru_small,synth_recurring,96,0,retrain,2,4871.167421,54.946926,69.793749,6.056062,6.067467,50.526316,,
gru_small,synth_recurring,96,0,retrain,3,2449.998829,39.663967,49.497463,4.292343,4.286501,55.789474,,
gru_small,synth_recurring,96,0,retrain,4,1782.247043,38.411960,42.216668,6.402866,6.640422,51.578947,,
gru_small,synth_recurring,96,0,retrain,5,696.406182,23.941567,26.389509,3.981470,4.057190,58.947368,,
gru_small,synth_recurring,96,0,retrain,6,97.769449,7.703421,9.887844,1.280619,1.277472,60.000000,,
gru_small,synth_recurring,96,0,retrain,7,245.562280,12.277745,15.670427,2.434402,2.417727,61.052632,,
gru_small,synth_recurring,96,0,retrain,8,333.532612,14.740456,18.262875,2.911892,2.906606,61.052632,,
gru_small,synth_recurring,96,0,retrain,9,6642.914347,71.275432,81.504076,8.021697,8.206629,56.842105,,
gru_small,synth_recurring,96,1,retrain,0,167.789404,10.314689,12.953355,2.036448,2.046271,64.210526,,
gru_small,synth_recurring,96,1,retrain,1,141835.600212,368.428012,376.610675,41.819608,52.425642,51.578947,,
gru_small,synth_recurring,96,1,retrain,2,5308.641816,57.970215,72.860427,6.389278,6.404584,47.368421,,
gru_small,synth_recurring,96,1,retrain,3,2500.820869,39.987972,50.008208,4.327406,4.322712,55.789474,,
gru_small,synth_recurring,96,1,retrain,4,525.635187,19.039058,22.926735,3.173609,3.159813,41.052632,,
gru_small,synth_recurring,96,1,retrain,5,2092.816639,44.124852,45.747313,7.337939,7.598749,54.736842,,
gru_small,synth_recurring,96,1,retrain,6,101.999982,7.737763,10.099504,1.286328,1.282938,55.789474,,
gru_small,synth_recurring,96,1,retrain,7,232.497684,11.955180,15.247875,2.370445,2.354752,67.368421,,
gru_small,synth_recurring,96,1,retrain,8,319.523760,14.187971,17.875228,2.802752,2.791562,53.684211,,
gru_small,synth_recurring,96,1,retrain,9,4399.042556,54.820632,66.325278,6.169791,6.278621,61.052632,,
gru_small,synth_recurring,192,0,retrain,0,169.129980,10.180203,13.004998,2.007894,2.008213,63.350785,,
gru_small,synth_recurring,192,0,retrain,1,111996.540327,318.888281,334.658842,38.475758,46.731101,49.214660,,
gru_small,synth_recurring,192,0,retrain,2,6551.493647,65.382296,80.941298,7.208605,7.240669,59.685864,,
gru_small,synth_recurring,192,0,retrain,3,2600.204578,40.752893,50.992201,4.423282,4.455051,57.591623,,
gru_small,synth_recurring,192,0,retrain,4,29111.899851,164.021578,170.622097,27.298845,23.822507,56.544503,,
gru_small,synth_recurring,192,0,retrain,5,390.481243,14.763070,19.760598,2.456097,2.472559,47.120419,,
gru_small,synth_recurring,192,0,retrain,6,111.185414,8.494204,10.544449,1.412765,1.412279,56.544503,,
gru_small,synth_recurring,192,0,retrain,7,411.193501,16.803137,20.277907,3.340372,3.339982,58.115183,,
gru_small,synth_recurring,192,0,retrain,8,434.532903,17.509389,20.845453,3.450918,3.458134,59.685864,,
gru_small,synth_recurring,192,0,retrain,9,110719.065301,318.891369,332.744745,37.483787,45.466873,46.073298,,
gru_small,synth_recurring,96,2,retrain,0,176.919179,10.614125,13.301097,2.095566,2.104629,64.210526,,
gru_small,synth_recurring,96,2,retrain,1,141070.325808,367.568012,375.593298,41.721991,52.272840,54.736842,,
gru_small,synth_recurring,96,2,retrain,2,4760.441890,55.157219,68.995956,6.079239,6.094788,51.578947,,
gru_small,synth_recurring,96,2,retrain,3,2551.006679,40.925974,50.507491,4.428915,4.417341,56.842105,,
gru_small,synth_recurring,96,2,retrain,4,1925.767807,41.331342,43.883571,6.889496,7.124371,55.789474,,
gru_small,synth_recurring,96,2,retrain,5,290.776728,14.197545,17.052177,2.361044,2.374825,52.631579,,
gru_small,synth_recurring,96,2,retrain,6,141.376071,9.225499,11.890167,1.533649,1.529115,60.000000,,
gru_small,synth_recurring,96,2,retrain,7,206.569454,11.709687,14.372524,2.321769,2.319779,62.105263,,
gru_small,synth_recurring,96,2,retrain,8,287.822135,13.592305,16.965322,2.685081,2.677680,60.000000,,
gru_small,synth_recurring,96,2,retrain,9,5524.396131,64.074284,74.326282,7.211243,7.354351,57.894737,,
gru_small,synth_recurring,336,0,retrain,0,159.791419,9.748857,12.640863,1.924254,1.923863,62.686567,,
gru_small,synth_recurring,336,0,retrain,1,61415.695205,189.656781,247.821902,27.377996,28.243158,52.095808,,
gru_small,synth_recurring,336,0,retrain,2,6568.437246,66.320636,81.045896,7.302067,7.333540,48.059701,,
gru_small,synth_recurring,336,0,retrain,3,2790.305181,42.802433,52.823339,4.657106,4.668761,59.104478,,
gru_small,synth_recurring,336,0,retrain,4,93377.058870,298.645473,305.576601,49.426179,39.392868,49.850746,,
gru_small,synth_recurring,336,0,retrain,5,3166.078712,52.305477,56.267919,8.700454,9.118904,51.940299,,
gru_small,synth_recurring,336,0,retrain,6,125.019094,9.059023,11.181194,1.505476,1.504994,60.597015,,
gru_small,synth_recurring,336,0,retrain,7,3310.306061,52.609923,57.535259,10.449813,10.023399,56.119403,,
gru_small,synth_recurring,336,0,retrain,8,1351.869595,30.136767,36.767779,5.954679,5.873851,51.044776,,
gru_small,synth_recurring,336,0,retrain,9,65638.086622,200.634803,256.199310,28.049172,29.254543,52.095808,,
gru_small,synth_recurring,192,2,retrain,0,171.556304,10.257808,13.097950,2.023201,2.023702,63.350785,,
gru_small,synth_recurring,192,2,retrain,1,109740.570152,315.339659,331.271143,38.047596,46.077887,51.832461,,
gru_small,synth_recurring,192,2,retrain,2,6948.706167,68.133058,83.358900,7.511885,7.547902,48.167539,,
gru_small,synth_recurring,192,2,retrain,3,2566.255510,40.861767,50.658223,4.435099,4.476542,58.115183,,
gru_small,synth_recurring,192,2,retrain,4,59608.590905,242.280856,244.148707,40.323886,33.506883,54.973822,,
gru_small,synth_recurring,192,2,retrain,5,775.829910,23.257712,27.853723,3.869331,3.939255,42.931937,,
gru_small,synth_recurring,192,2,retrain,6,119.833540,8.757156,10.946851,1.456500,1.455531,56.544503,,
gru_small,synth_recurring,192,2,retrain,7,683.950393,21.487381,26.152445,4.271575,4.261740,53.403141,,
gru_small,synth_recurring,192,2,retrain,8,540.623473,19.431726,23.251311,3.829790,3.836240,58.638743,,
gru_small,synth_recurring,192,2,retrain,9,111702.903405,319.065540,334.219843,37.504260,45.537588,45.549738,,
gru_small,synth_recurring,192,1,retrain,0,170.829774,10.235182,13.070186,2.018738,2.019403,62.827225,,
gru_small,synth_recurring,192,1,retrain,1,111582.219270,318.305354,334.039248,38.405424,46.624549,53.926702,,
gru_small,synth_recurring,192,1,retrain,2,6549.173372,65.929175,80.926963,7.268900,7.301929,52.879581,,
gru_small,synth_recurring,192,1,retrain,3,2424.398268,39.561609,49.238179,4.293981,4.337422,57.068063,,
gru_small,synth_recurring,192,1,retrain,4,47090.535542,211.419552,217.003538,35.187501,29.785747,52.356021,,
gru_small,synth_recurring,192,1,retrain,5,4646.500927,66.091009,68.165247,10.995406,11.632479,46.073298,,
gru_small,synth_recurring,192,1,retrain,6,149.952314,9.826564,12.245502,1.634365,1.632964,57.591623,,
gru_small,synth_recurring,192,1,retrain,7,377.837376,16.051763,19.438039,3.191003,3.187970,63.350785,,
gru_small,synth_recurring,192,1,retrain,8,364.961151,15.164157,19.103956,2.988697,2.994042,60.209424,,
gru_small,synth_recurring,192,1,retrain,9,114884.376850,325.314696,338.945979,38.238811,46.660693,47.643979,,
gru_small,synth_recurring,336,1,retrain,0,159.224998,9.752421,12.618439,1.924958,1.925428,62.985075,,
gru_small,synth_recurring,336,1,retrain,1,63694.703942,192.939632,252.378097,27.851894,28.795122,48.802395,,
gru_small,synth_recurring,336,1,retrain,2,6591.527601,66.682983,81.188223,7.341963,7.385790,50.447761,,
gru_small,synth_recurring,336,1,retrain,3,2856.571626,43.313285,53.446905,4.712689,4.727824,57.910448,,
gru_small,synth_recurring,336,1,retrain,4,90685.823385,300.785395,301.140870,49.780339,39.879545,52.238806,,
gru_small,synth_recurring,336,1,retrain,5,3981.461443,58.907349,63.098823,9.798604,10.326245,48.059701,,
gru_small,synth_recurring,336,1,retrain,6,126.665066,9.077325,11.254558,1.508518,1.507294,60.000000,,
gru_small,synth_recurring,336,1,retrain,7,2369.900239,42.607738,48.681621,8.463098,8.187016,57.014925,,
gru_small,synth_recurring,336,1,retrain,8,1605.650835,35.313613,40.070573,6.977564,6.787575,56.119403,,
gru_small,synth_recurring,336,1,retrain,9,62150.698652,193.394015,249.300418,27.036894,27.961163,50.898204,,
gru_small,synth_recurring,336,2,retrain,0,157.956336,9.717705,12.568068,1.918105,1.917933,62.686567,,
gru_small,synth_recurring,336,2,retrain,1,63286.914150,192.493421,251.568905,27.787481,28.715086,45.808383,,
gru_small,synth_recurring,336,2,retrain,2,6753.924173,67.244138,82.182262,7.403747,7.439854,51.343284,,
gru_small,synth_recurring,336,2,retrain,3,4480.181580,53.727574,66.934159,5.845813,5.853671,58.208955,,
gru_small,synth_recurring,336,2,retrain,4,93677.551967,305.713523,306.067888,50.595950,40.400423,48.955224,,
gru_small,synth_recurring,336,2,retrain,5,2001.842390,39.545958,44.741953,6.578045,6.819946,48.059701,,
gru_small,synth_recurring,336,2,retrain,6,267.368132,13.429090,16.351395,2.231717,2.240825,56.119403,,
gru_small,synth_recurring,336,2,retrain,7,2205.333527,40.396860,46.960979,8.023955,7.790063,57.313433,,
gru_small,synth_recurring,336,2,retrain,8,999.280945,25.854842,31.611405,5.108620,5.072290,50.746269,,
gru_small,synth_recurring,336,2,retrain,9,61266.431951,192.690061,247.520569,26.938480,27.844094,50.299401,,
gru_small,synth_recurring,720,0,retrain,0,154.463294,9.879856,12.428326,1.951666,1.955138,61.474270,,
gru_small,synth_recurring,720,0,retrain,1,68383.201438,197.501113,261.501819,28.171274,28.732472,50.974930,,
gru_small,synth_recurring,720,0,retrain,2,119728.583706,335.445436,346.018184,36.972273,45.124489,50.486787,,
gru_small,synth_recurring,720,0,retrain,3,3379.302001,46.315432,58.131764,5.056357,5.070753,55.771905,,
gru_small,synth_recurring,720,0,retrain,4,76254.553953,263.224360,276.142271,40.347488,34.534876,47.493036,,
gru_small,synth_recurring,720,0,retrain,5,76490.674002,275.404097,276.569474,45.832505,37.270204,49.095967,,
gru_small,synth_recurring,720,0,retrain,6,3001.730527,39.056934,54.788051,6.668124,6.738642,53.481894,,
gru_small,synth_recurring,720,0,retrain,7,8313.999282,85.058121,91.181134,16.900395,15.613446,50.069541,,
gru_small,synth_recurring,720,0,retrain,8,4717.706807,60.240110,68.685565,11.905959,11.216194,55.910987,,
gru_small,synth_recurring,720,0,retrain,9,56649.168202,180.473575,238.010857,25.304928,25.310694,51.253482,,
gru_small,synth_recurring,720,1,retrain,0,155.887296,9.922110,12.485483,1.960013,1.963356,62.726008,,
gru_small,synth_recurring,720,1,retrain,1,73040.819859,201.710555,270.260652,28.771703,29.443646,50.835655,,
gru_small,synth_recurring,720,1,retrain,2,116877.384161,331.276204,341.873345,36.512747,44.410337,50.764951,,
gru_small,synth_recurring,720,1,retrain,3,5233.327364,59.460263,72.341740,6.491408,6.508236,53.268428,,
gru_small,synth_recurring,720,1,retrain,4,81613.051613,264.470438,285.679981,40.538489,34.419848,47.214485,,
gru_small,synth_recurring,720,1,retrain,5,78973.114558,279.631854,281.021555,46.536085,37.725096,46.870654,,
gru_small,synth_recurring,720,1,retrain,6,3915.169599,42.969729,62.571316,7.336149,7.330287,57.242340,,
gru_small,synth_recurring,720,1,retrain,7,8672.984091,90.005274,93.128857,17.883356,16.501473,56.189152,,
gru_small,synth_recurring,720,1,retrain,8,3751.089939,53.037436,61.246142,10.482410,9.984286,47.287900,,
gru_small,synth_recurring,720,1,retrain,9,56368.280315,180.744136,237.420050,25.342865,25.367259,48.189415,,
gru_small,synth_recurring,720,2,retrain,0,153.807093,9.849397,12.401899,1.945649,1.949355,61.057024,,
gru_small,synth_recurring,720,2,retrain,1,73120.771226,202.396966,270.408527,28.869612,29.577349,49.442897,,
gru_small,synth_recurring,720,2,retrain,2,111154.893019,322.698536,333.399000,35.567330,43.002310,49.930459,,
gru_small,synth_recurring,720,2,retrain,3,5801.180741,63.133077,76.165483,6.892377,6.913158,55.354659,,
gru_small,synth_recurring,720,2,retrain,4,83946.640481,269.042610,289.735466,41.239319,34.928596,47.075209,,
gru_small,synth_recurring,720,2,retrain,5,79474.460031,275.515728,281.912149,45.851083,37.099691,43.949930,,
gru_small,synth_recurring,720,2,retrain,6,3847.574619,41.735223,62.028821,7.125384,7.090301,53.760446,,
gru_small,synth_recurring,720,2,retrain,7,8846.388412,90.199999,94.055241,17.922047,16.530603,53.546592,,
gru_small,synth_recurring,720,2,retrain,8,4598.308875,58.585062,67.810832,11.578852,10.931775,47.983310,,
gru_small,synth_recurring,720,2,retrain,9,54439.003185,176.568073,233.321673,24.757322,24.673254,47.910864,,
gru_small,synth_volatility,96,1,retrain,0,30.697939,4.559225,5.540572,0.648632,0.647962,83.157895,,
gru_small,synth_volatility,96,1,retrain,1,5900.871105,60.103588,76.817128,8.402749,8.426948,52.631579,,
gru_small,synth_volatility,96,1,retrain,2,7080.299665,65.908615,84.144517,9.560696,9.808933,60.000000,,
gru_small,synth_volatility,96,1,retrain,3,54.685226,5.734153,7.394946,0.816821,0.818453,82.105263,,
gru_small,synth_volatility,96,1,retrain,4,35.796007,4.938299,5.982976,0.701547,0.700331,83.157895,,
gru_small,synth_volatility,96,1,retrain,5,5165.229596,57.661110,71.869532,8.184086,8.240268,57.894737,,
gru_small,synth_volatility,96,1,retrain,6,5592.241196,63.948103,74.781289,9.009199,9.045855,54.736842,,
gru_small,synth_volatility,96,1,retrain,7,37.159778,4.751540,6.095882,0.677266,0.675405,84.210526,,
gru_small,synth_volatility,96,1,retrain,8,44.407754,5.497802,6.663914,0.782373,0.777776,87.368421,,
gru_small,synth_volatility,96,1,retrain,9,7611.721199,72.931636,87.245179,10.574665,10.629515,44.210526,,
gru_small,synth_volatility,96,0,retrain,0,29.279985,4.463340,5.411098,0.634991,0.634135,83.157895,,
gru_small,synth_volatility,96,0,retrain,1,5703.467782,58.389475,75.521307,8.163109,8.179258,52.631579,,
gru_small,synth_volatility,96,0,retrain,2,7091.711720,66.093321,84.212301,9.587489,9.833685,61.052632,,
gru_small,synth_volatility,96,0,retrain,3,58.136225,6.132107,7.624711,0.873508,0.872713,85.263158,,
gru_small,synth_volatility,96,0,retrain,4,49.476266,5.679573,7.033937,0.806854,0.797812,85.263158,,
gru_small,synth_volatility,96,0,retrain,5,7081.478675,67.317427,84.151522,9.554648,9.608880,55.789474,,
gru_small,synth_volatility,96,0,retrain,6,5596.349987,64.039144,74.808756,9.022025,9.057616,57.894737,,
gru_small,synth_volatility,96,0,retrain,7,49.688808,5.564053,7.049029,0.793078,0.789532,85.263158,,
gru_small,synth_volatility,96,0,retrain,8,46.638119,5.621858,6.829211,0.800027,0.795681,84.210526,,
gru_small,synth_volatility,96,0,retrain,9,7640.522897,73.106567,87.410085,10.600029,10.654416,46.315789,,
gru_small,synth_volatility,96,2,retrain,0,29.521061,4.569946,5.433329,0.650158,0.648785,83.157895,,
gru_small,synth_volatility,96,2,retrain,1,5781.299251,58.896625,76.034856,8.234010,8.252596,53.684211,,
gru_small,synth_volatility,96,2,retrain,2,7062.490485,65.857663,84.038625,9.553304,9.802097,57.894737,,
gru_small,synth_volatility,96,2,retrain,3,101.652850,8.411904,10.082304,1.198262,1.197338,78.947368,,
gru_small,synth_volatility,96,2,retrain,4,45.374085,5.503397,6.736029,0.781826,0.773712,82.105263,,
gru_small,synth_volatility,96,2,retrain,5,7152.372621,67.840025,84.571701,9.628823,9.683087,50.526316,,
gru_small,synth_volatility,96,2,retrain,6,5616.530852,64.170099,74.943518,9.040474,9.075157,52.631579,,
gru_small,synth_volatility,96,2,retrain,7,40.621305,4.890056,6.373485,0.697009,0.695311,88.421053,,
gru_small,synth_volatility,96,2,retrain,8,48.466345,5.724620,6.961777,0.814651,0.809908,86.315789,,
gru_small,synth_volatility,96,2,retrain,9,7655.811405,73.197064,87.497494,10.613150,10.666885,48.421053,,
gru_small,synth_volatility,192,1,retrain,0,27.184475,4.246237,5.213873,0.604325,0.602646,84.293194,,
gru_small,synth_volatility,192,1,retrain,1,6518.314820,64.979638,80.736081,9.218690,9.274618,57.068063,,
gru_small,synth_volatility,192,1,retrain,2,6880.687900,64.722637,82.949912,9.339263,9.522428,53.926702,,
gru_small,synth_volatility,192,1,retrain,3,224.116192,13.027454,14.970511,1.856806,1.860445,80.628272,,
gru_small,synth_volatility,192,1,retrain,4,68.043455,6.326247,8.248846,0.899438,0.893755,83.769634,,
gru_small,synth_volatility,192,1,retrain,5,5787.335962,62.563551,76.074542,8.871701,8.940796,52.879581,,
gru_small,synth_volatility,192,1,retrain,6,6874.909781,66.478369,82.915076,9.476129,9.510497,57.068063,,
gru_small,synth_volatility,192,1,retrain,7,1275.187818,32.068015,35.709772,4.572897,4.577352,50.785340,,
gru_small,synth_volatility,192,1,retrain,8,1274.181333,31.964010,35.695677,4.546480,4.549190,51.308901,,
gru_small,synth_volatility,192,1,retrain,9,6046.178782,62.447035,77.757178,9.047187,9.149886,51.308901,,
gru_small,synth_volatility,192,0,retrain,0,27.638254,4.300058,5.257210,0.611985,0.609821,84.293194,,
gru_small,synth_volatility,192,0,retrain,1,7207.285567,69.589172,84.895734,9.872647,9.936448,51.832461,,
gru_small,synth_volatility,192,0,retrain,2,6842.412499,64.418591,82.718876,9.295390,9.480721,54.450262,,
gru_small,synth_volatility,192,0,retrain,3,1292.549458,32.318968,35.952044,4.606429,4.610814,48.691099,,
gru_small,synth_volatility,192,0,retrain,4,75.287312,7.069434,8.676826,1.005101,0.999633,85.340314,,
gru_small,synth_volatility,192,0,retrain,5,7481.664177,69.652142,86.496614,9.876885,9.937549,47.120419,,
gru_small,synth_volatility,192,0,retrain,6,6902.233334,66.593428,83.079681,9.492530,9.526796,48.691099,,
gru_small,synth_volatility,192,0,retrain,7,1273.237751,32.052416,35.682457,4.570673,4.575129,48.691099,,
gru_small,synth_volatility,192,0,retrain,8,1394.609403,33.389912,37.344470,4.749297,4.752417,45.026178,,
gru_small,synth_volatility,192,0,retrain,9,7313.505438,68.779380,85.519036,9.964603,10.043908,51.308901,,
gru_small,synth_shock_recovery,96,0,retrain,0,194.262951,11.396417,13.937824,2.239676,2.252820,66.315789,,
gru_small,synth_shock_recovery,96,0,retrain,1,146.090211,9.871634,12.086778,1.938174,1.942306,69.473684,,
gru_small,synth_shock_recovery,96,0,retrain,2,2168533.183001,1461.164981,1472.594032,73.642130,116.111581,46.315789,,
gru_small,synth_shock_recovery,96,0,retrain,3,29090.995027,141.019518,170.560825,7.100784,7.129544,47.368421,,
gru_small,synth_shock_recovery,96,0,retrain,4,30620.158488,148.464791,174.986167,7.488788,7.494303,55.789474,,
gru_small,synth_shock_recovery,96,0,retrain,5,187030.685530,424.932755,432.470445,35.221057,30.006713,61.052632,,
gru_small,synth_shock_recovery,96,0,retrain,6,9967.776381,89.686036,99.838752,7.386036,7.211081,61.052632,,
gru_small,synth_shock_recovery,96,0,retrain,7,163483.820074,402.901090,404.331325,64.280068,48.660875,43.157895,,
gru_small,synth_shock_recovery,96,0,retrain,8,255.557401,12.705699,15.986163,2.117824,2.128526,48.421053,,
gru_small,synth_shock_recovery,96,0,retrain,9,631.524968,20.013888,25.130161,3.330125,3.368742,43.157895,,
gru_small,synth_volatility,192,2,retrain,0,27.367187,4.283286,5.231366,0.609598,0.607212,84.293194,,
gru_small,synth_volatility,192,2,retrain,1,6497.695359,64.601352,80.608283,9.165022,9.220102,56.020942,,
gru_small,synth_volatility,192,2,retrain,2,6830.847969,64.613283,82.648944,9.323483,9.508002,53.403141,,
gru_small,synth_volatility,192,2,retrain,3,1293.135121,32.336515,35.960188,4.608930,4.613314,49.214660,,
gru_small,synth_volatility,192,2,retrain,4,59.072692,6.045976,7.685876,0.859590,0.853692,83.246073,,
gru_small,synth_volatility,192,2,retrain,5,7385.701767,69.132657,85.940106,9.803220,9.863885,47.643979,,
gru_small,synth_volatility,192,2,retrain,6,6919.601970,66.635809,83.184145,9.498571,9.532771,51.308901,,
gru_small,synth_volatility,192,2,retrain,7,1289.756349,32.296347,35.913178,4.605458,4.609951,48.691099,,
gru_small,synth_volatility,192,2,retrain,8,1333.143474,32.663648,36.512237,4.645995,4.649090,41.361257,,
gru_small,synth_volatility,192,2,retrain,9,7293.294952,68.654118,85.400790,9.946456,10.026100,47.120419,,
gru_small,synth_shock_recovery,96,1,retrain,0,192.887149,11.379717,13.888382,2.236394,2.249274,66.315789,,
gru_small,synth_shock_recovery,96,1,retrain,1,146.397694,9.869077,12.099491,1.937672,1.940898,70.526316,,
gru_small,synth_shock_recovery,96,1,retrain,2,2099836.850393,1437.402149,1449.081382,72.444493,113.129634,58.947368,,
gru_small,synth_shock_recovery,96,1,retrain,3,28665.710823,140.124232,169.309512,7.055703,7.083625,55.789474,,
gru_small,synth_shock_recovery,96,1,retrain,4,31459.092387,151.501847,177.367112,7.641982,7.648843,50.526316,,
gru_small,synth_shock_recovery,96,1,retrain,5,347817.230028,585.156926,589.760316,48.501427,39.108018,53.684211,,
gru_small,synth_shock_recovery,96,1,retrain,6,12768.381864,100.129750,112.997265,8.246122,8.012396,47.368421,,
gru_small,synth_shock_recovery,96,1,retrain,7,124512.704548,352.097380,352.863578,56.174689,43.889601,57.894737,,
gru_small,synth_shock_recovery,96,1,retrain,8,279.778240,13.505480,16.726573,2.251134,2.259747,52.631579,,
gru_small,synth_shock_recovery,96,1,retrain,9,402.429781,17.096175,20.060653,2.844645,2.846906,51.578947,,
gru_small,synth_volatility,336,2,retrain,0,28.944735,4.213127,5.380031,0.599746,0.598484,85.074627,,
gru_small,synth_volatility,336,2,retrain,1,7855.320808,69.969763,88.630248,9.979478,10.069168,46.567164,,
gru_small,synth_volatility,336,2,retrain,2,6622.637064,63.536546,81.379586,9.137403,9.286944,54.029851,,
gru_small,synth_volatility,336,2,retrain,3,1278.997529,32.283988,35.763075,4.604636,4.608204,49.253731,,
gru_small,synth_volatility,336,2,retrain,4,1269.800475,31.959013,35.634260,4.545203,4.549399,57.611940,,
gru_small,synth_volatility,336,2,retrain,5,7032.812839,67.781841,83.861868,9.620585,9.710484,49.850746,,
gru_small,synth_volatility,336,2,retrain,6,6740.533599,65.515087,82.100753,9.390314,9.435666,48.358209,,
gru_small,synth_volatility,336,2,retrain,7,1252.052497,31.761864,35.384354,4.530727,4.534571,52.835821,,
gru_small,synth_volatility,336,2,retrain,8,1305.442261,32.389177,36.130905,4.607924,4.611981,54.626866,,
gru_small,synth_volatility,336,2,retrain,9,7437.023631,69.565343,86.238180,10.016239,10.077190,46.268657,,
gru_small,synth_volatility,336,1,retrain,0,28.741673,4.233263,5.361126,0.602613,0.602381,85.074627,,
gru_small,synth_volatility,336,1,retrain,1,7853.973250,69.959009,88.622645,9.977944,10.067641,49.253731,,
gru_small,synth_volatility,336,1,retrain,2,6607.928055,63.549572,81.289163,9.139277,9.288948,54.925373,,
gru_small,synth_volatility,336,1,retrain,3,1280.693035,32.301652,35.786772,4.607155,4.610716,49.253731,,
gru_small,synth_volatility,336,1,retrain,4,1272.749490,31.999129,35.675615,4.550908,4.555108,51.940299,,
gru_small,synth_volatility,336,1,retrain,5,7007.396871,67.485052,83.710196,9.578460,9.668271,50.447761,,
gru_small,synth_volatility,336,1,retrain,6,6752.607044,65.570129,82.174248,9.398203,9.443425,47.761194,,
gru_small,synth_volatility,336,1,retrain,7,1258.917912,31.875075,35.481233,4.546876,4.550735,53.134328,,
gru_small,synth_volatility,336,1,retrain,8,1280.547879,32.058892,35.784744,4.560935,4.564840,52.835821,,
gru_small,synth_volatility,336,1,retrain,9,7398.302681,69.345728,86.013387,9.984619,10.045983,50.447761,,
gru_small,synth_shock_recovery,96,2,retrain,0,194.218113,11.348217,13.936216,2.230204,2.243645,66.315789,,
gru_small,synth_shock_recovery,96,2,retrain,1,145.363013,9.763772,12.056658,1.916997,1.919043,69.473684,,
gru_small,synth_shock_recovery,96,2,retrain,2,2162941.446821,1459.168734,1470.694206,73.541520,115.851869,50.526316,,
gru_small,synth_shock_recovery,96,2,retrain,3,29243.076657,141.140739,171.006072,7.106888,7.134571,42.105263,,
gru_small,synth_shock_recovery,96,2,retrain,4,30086.789986,149.702912,173.455441,7.551241,7.557674,50.526316,,
gru_small,synth_shock_recovery,96,2,retrain,5,148431.118457,379.471245,385.267593,31.452925,27.251920,46.315789,,
gru_small,synth_shock_recovery,96,2,retrain,6,8986.891602,81.444995,94.799217,6.707351,6.575115,51.578947,,
gru_small,synth_shock_recovery,96,2,retrain,7,122317.616169,348.948342,349.739355,55.672282,43.581988,53.684211,,
gru_small,synth_shock_recovery,96,2,retrain,8,797.264177,26.084506,28.235867,4.347844,4.428872,47.368421,,
gru_small,synth_shock_recovery,96,2,retrain,9,191.177820,10.676282,13.826707,1.776434,1.776551,44.210526,,
gru_small,synth_volatility,336,0,retrain,0,34.421992,4.650081,5.867026,0.661947,0.662297,85.074627,,
gru_small,synth_volatility,336,0,retrain,1,9222.653354,75.833422,96.034647,10.815785,10.896036,45.074627,,
gru_small,synth_volatility,336,0,retrain,2,7882.088182,69.145883,88.781125,9.944101,10.080524,50.746269,,
gru_small,synth_volatility,336,0,retrain,3,1277.746698,32.260635,35.745583,4.601305,4.604879,50.746269,,
gru_small,synth_volatility,336,0,retrain,4,1269.809487,31.958314,35.634386,4.545103,4.549299,56.716418,,
gru_small,synth_volatility,336,0,retrain,5,6994.570633,67.464066,83.633550,9.575481,9.665142,53.134328,,
gru_small,synth_volatility,336,0,retrain,6,6756.014420,65.552437,82.194978,9.395667,9.440864,49.552239,,
gru_small,synth_volatility,336,0,retrain,7,1282.708920,32.152206,35.814926,4.586408,4.590289,47.462687,,
gru_small,synth_volatility,336,0,retrain,8,1314.547539,32.471501,36.256690,4.619636,4.623741,50.447761,,
gru_small,synth_volatility,336,0,retrain,9,7430.714983,69.512133,86.201595,10.008578,10.069564,52.537313,,
gru_small,synth_shock_recovery,192,0,retrain,0,167.096045,10.719340,12.926564,2.114390,2.117610,62.827225,,
gru_small,synth_shock_recovery,192,0,retrain,1,151.915692,9.876514,12.325408,1.936803,1.933196,64.921466,,
gru_small,synth_shock_recovery,192,0,retrain,2,2152346.968227,1456.305467,1467.087921,73.227837,115.102477,52.356021,,
gru_small,synth_shock_recovery,192,0,retrain,3,30678.741669,142.576865,175.153480,7.206819,7.241557,41.361257,,
gru_small,synth_shock_recovery,192,0,retrain,4,33261.728033,156.363877,182.377981,7.895409,7.892027,54.450262,,
gru_small,synth_shock_recovery,192,0,retrain,5,450357.639810,667.761614,671.086909,55.201025,43.345861,50.785340,,
gru_small,synth_shock_recovery,192,0,retrain,6,7074.592947,71.321310,84.110599,5.878082,5.801934,39.790576,,
gru_small,synth_shock_recovery,192,0,retrain,7,348595.393601,579.682590,590.419676,82.183197,58.934923,53.403141,,
gru_small,synth_shock_recovery,192,0,retrain,8,402.007253,16.319795,20.050119,2.717351,2.701342,49.214660,,
gru_small,synth_shock_recovery,192,0,retrain,9,758.578049,22.995451,27.542296,3.821272,3.869503,50.261780,,
gru_small,synth_shock_recovery,192,1,retrain,0,169.573920,10.759462,13.022055,2.122304,2.126126,63.350785,,
gru_small,synth_shock_recovery,192,1,retrain,1,150.066572,9.813389,12.250166,1.924424,1.920342,64.397906,,
gru_small,synth_shock_recovery,192,1,retrain,2,2150599.437214,1455.613577,1466.492222,73.193047,115.013058,40.314136,,
gru_small,synth_shock_recovery,192,1,retrain,3,31180.864999,144.262285,176.581044,7.292012,7.324215,52.356021,,
gru_small,synth_shock_recovery,192,1,retrain,4,32775.888923,154.537442,181.041125,7.803185,7.800416,50.785340,,
gru_small,synth_shock_recovery,192,1,retrain,5,369813.021609,604.021298,608.122538,49.931883,40.037166,44.502618,,
gru_small,synth_shock_recovery,192,1,retrain,6,7035.951614,70.304145,83.880579,5.794251,5.695202,51.832461,,
gru_small,synth_shock_recovery,192,1,retrain,7,329974.437456,563.158375,574.434015,79.840513,57.757897,41.884817,,
gru_small,synth_shock_recovery,192,1,retrain,8,977.895751,26.638864,31.271325,4.435542,4.372139,49.738220,,
gru_small,synth_shock_recovery,192,1,retrain,9,465.095202,18.444106,21.566066,3.064952,3.069466,58.115183,,
gru_small,synth_shock_recovery,192,2,retrain,0,167.352694,10.721740,12.936487,2.114864,2.118069,63.350785,,
gru_small,synth_shock_recovery,192,2,retrain,1,152.978594,9.925542,12.368452,1.946418,1.942884,64.397906,,
gru_small,synth_shock_recovery,192,2,retrain,2,2165475.430202,1460.712663,1471.555446,73.449445,115.653769,50.261780,,
gru_small,synth_shock_recovery,192,2,retrain,3,32369.242943,147.018341,179.914543,7.431322,7.465892,52.879581,,
gru_small,synth_shock_recovery,192,2,retrain,4,33717.598306,157.146973,183.623523,7.934950,7.932237,50.785340,,
gru_small,synth_shock_recovery,192,2,retrain,5,425345.670979,649.099352,652.185304,53.658294,42.397119,48.167539,,
gru_small,synth_shock_recovery,192,2,retrain,6,14854.901128,100.694616,121.880684,8.298940,8.052455,45.549738,,
gru_small,synth_shock_recovery,192,2,retrain,7,281230.462286,516.655932,530.311665,73.247734,54.311395,43.455497,,
gru_small,synth_shock_recovery,192,2,retrain,8,662.667696,20.976941,25.742333,3.492796,3.540299,50.785340,,
gru_small,synth_shock_recovery,192,2,retrain,9,2620.748541,46.954219,51.193247,7.802624,8.141255,54.973822,,
gru_small,synth_volatility,720,0,retrain,0,3142.260274,26.200930,56.055867,3.702725,3.667829,74.930362,,
gru_small,synth_volatility,720,0,retrain,1,7916.793167,71.455901,88.976363,10.241083,10.307253,48.261474,,
gru_small,synth_volatility,720,0,retrain,2,6254.795816,60.583437,79.087267,8.631957,8.746045,50.139276,,
gru_small,synth_volatility,720,0,retrain,3,1289.479278,32.268768,35.909320,4.602558,4.606448,49.513213,,
gru_small,synth_volatility,720,0,retrain,4,3547.219444,43.888393,59.558538,6.332865,6.448670,49.860724,,
gru_small,synth_volatility,720,0,retrain,5,7597.690832,70.331899,87.164734,10.067480,10.143953,52.294854,,
gru_small,synth_volatility,720,0,retrain,6,5535.943468,58.092758,74.403921,8.286654,8.361343,50.278552,,
gru_small,synth_volatility,720,0,retrain,7,1287.181307,32.181662,35.877309,4.589973,4.594070,50.069541,,
gru_small,synth_volatility,720,0,retrain,8,2581.793675,40.124666,50.811354,5.739146,5.768637,46.518106,,
gru_small,synth_volatility,720,0,retrain,9,8045.683147,71.628779,89.697732,10.311175,10.387751,45.757997,,
gru_small,synth_shock_recovery,336,0,retrain,0,160.019700,10.175707,12.649889,2.009201,2.017651,63.582090,,
gru_small,synth_shock_recovery,336,0,retrain,1,169.932549,10.300239,13.035818,2.017898,2.022494,62.388060,,
gru_small,synth_shock_recovery,336,0,retrain,2,2115168.930392,1443.197238,1454.362036,73.050193,114.639842,47.164179,,
gru_small,synth_shock_recovery,336,0,retrain,3,36075.423407,156.423511,189.935314,7.864955,7.911230,47.462687,,
gru_small,synth_shock_recovery,336,0,retrain,4,31585.565135,152.005707,177.723282,7.671279,7.676011,43.880597,,
gru_small,synth_shock_recovery,336,0,retrain,5,510107.333256,711.410460,714.217987,58.844754,45.557568,51.343284,,
gru_small,synth_shock_recovery,336,0,retrain,6,335248.169917,574.123810,579.006192,47.305303,38.307129,48.656716,,
gru_small,synth_shock_recovery,336,0,retrain,7,176034.557652,334.778986,419.564724,36.274491,34.217677,46.706587,,
gru_small,synth_shock_recovery,336,0,retrain,8,1791.530666,35.164308,42.326477,5.851928,5.786987,49.253731,,
gru_small,synth_shock_recovery,336,0,retrain,9,2817.477331,42.998749,53.079915,7.144311,7.423721,47.462687,,
gru_small,synth_shock_recovery,336,2,retrain,0,159.901320,10.160270,12.645209,2.006153,2.014906,63.880597,,
gru_small,synth_shock_recovery,336,2,retrain,1,168.816522,10.266515,12.992941,2.011291,2.016051,63.880597,,
gru_small,synth_shock_recovery,336,2,retrain,2,2126987.625169,1447.424467,1458.419564,73.264163,115.180321,50.746269,,
gru_small,synth_shock_recovery,336,2,retrain,3,34844.143709,153.093737,186.665861,7.697534,7.746406,51.044776,,
gru_small,synth_shock_recovery,336,2,retrain,4,30246.545396,148.192287,173.915340,7.478827,7.483869,53.731343,,
gru_small,synth_shock_recovery,336,2,retrain,5,582747.132358,760.384959,763.378761,62.895710,47.935038,45.671642,,
gru_small,synth_shock_recovery,336,2,retrain,6,385921.607212,616.113458,621.225891,50.765067,40.519399,56.119403,,
gru_small,synth_shock_recovery,336,2,retrain,7,180406.844450,338.230575,424.743269,36.648483,34.465282,50.898204,,
gru_small,synth_shock_recovery,336,2,retrain,8,2327.978153,39.522853,48.249126,6.577262,6.826158,45.970149,,
gru_small,synth_shock_recovery,336,2,retrain,9,1609.689434,32.926734,40.120935,5.470829,5.427754,44.477612,,
gru_small,synth_shock_recovery,336,1,retrain,0,160.530245,10.168795,12.670053,2.007836,2.017094,63.880597,,
gru_small,synth_shock_recovery,336,1,retrain,1,169.269476,10.276040,13.010360,2.013157,2.017890,62.686567,,
gru_small,synth_shock_recovery,336,1,retrain,2,2141441.171839,1452.411336,1463.366383,73.516583,115.812743,54.029851,,
gru_small,synth_shock_recovery,336,1,retrain,3,35644.036387,153.728620,188.796283,7.729456,7.785373,51.940299,,
gru_small,synth_shock_recovery,336,1,retrain,4,31533.373319,151.827166,177.576387,7.662269,7.667340,50.746269,,
gru_small,synth_shock_recovery,336,1,retrain,5,601208.925949,772.523971,775.376635,63.899795,48.512980,45.074627,,
gru_small,synth_shock_recovery,336,1,retrain,6,74185.496394,262.085867,272.370146,21.594735,24.208719,53.432836,,
gru_small,synth_shock_recovery,336,1,retrain,7,169395.628975,329.293548,411.577002,35.680124,33.818751,50.898204,,
gru_small,synth_shock_recovery,336,1,retrain,8,3095.505502,46.474594,55.637267,7.734148,7.950365,47.761194,,
gru_small,synth_shock_recovery,336,1,retrain,9,1552.858518,33.324694,39.406326,5.536951,5.475771,57.014925,,
gru_small,synth_shock_recovery,720,0,retrain,0,158.443246,10.105650,12.587424,1.996028,2.003493,61.196106,,
gru_small,synth_shock_recovery,720,0,retrain,1,166.969592,10.197226,12.921671,1.997427,2.000311,61.752434,,
gru_small,synth_shock_recovery,720,0,retrain,2,1726005.235092,1229.449221,1313.775184,69.331748,99.520509,51.182197,,
gru_small,synth_shock_recovery,720,0,retrain,3,1421692.088931,1175.082023,1192.347302,59.217711,84.013942,49.791377,,
gru_small,synth_shock_recovery,720,0,retrain,4,90884.384089,230.698422,301.470370,12.358475,12.755476,47.493036,,
gru_small,synth_shock_recovery,720,0,retrain,5,585925.568164,763.513050,765.457751,63.156833,48.085297,49.930459,,
gru_small,synth_shock_recovery,720,0,retrain,6,389368.734380,618.143258,623.994178,50.914200,40.604296,49.652295,,
gru_small,synth_shock_recovery,720,0,retrain,7,149350.672396,328.262992,386.459147,35.868648,35.150855,50.417827,,
gru_small,synth_shock_recovery,720,0,retrain,8,193843.943014,436.736676,440.277121,72.717870,53.181293,47.983310,,
gru_small,synth_shock_recovery,720,0,retrain,9,16509.532663,112.857098,128.489426,18.753174,18.323255,50.486787,,
gru_small,synth_shock_recovery,720,1,retrain,0,157.395202,10.054227,12.545724,1.985871,1.993364,61.335188,,
gru_small,synth_shock_recovery,720,1,retrain,1,166.810832,10.208240,12.915527,1.999584,2.002525,61.057024,,
gru_small,synth_shock_recovery,720,1,retrain,2,1758637.163161,1241.146257,1326.136178,69.991373,101.006624,47.426982,,
gru_small,synth_shock_recovery,720,1,retrain,3,1696149.431144,1286.787870,1302.363018,64.847076,95.905244,47.426982,,
gru_small,synth_shock_recovery,720,1,retrain,4,92034.813441,232.863065,303.372401,12.474435,12.864190,47.632312,,
gru_small,synth_shock_recovery,720,1,retrain,5,572310.744401,753.593269,756.512224,62.336281,47.600391,49.513213,,
gru_small,synth_shock_recovery,720,1,retrain,6,259163.892826,502.787620,509.081421,41.412778,34.352790,49.513213,,
gru_small,synth_shock_recovery,720,1,retrain,7,157029.072616,329.660536,396.268940,36.021355,35.173753,47.353760,,
gru_small,synth_shock_recovery,720,1,retrain,8,228992.207657,476.919697,478.531303,79.408455,56.783702,50.486787,,
gru_small,synth_shock_recovery,720,1,retrain,9,16901.966756,108.855719,130.007564,18.088275,16.337394,49.652295,,
gru_small,synth_shock_recovery,720,2,retrain,0,163.643391,10.254617,12.792318,2.025451,2.032749,60.778860,,
gru_small,synth_shock_recovery,720,2,retrain,1,172.294275,10.382446,13.126091,2.033707,2.037705,61.752434,,
gru_small,synth_shock_recovery,720,2,retrain,2,1745572.407778,1236.463950,1321.201123,69.727326,100.401192,49.374131,,
gru_small,synth_shock_recovery,720,2,retrain,3,1893120.572335,1358.084453,1375.907182,68.440034,104.382725,53.129346,,
gru_small,synth_shock_recovery,720,2,retrain,4,94086.088372,231.478361,306.734557,12.400256,12.789224,51.392758,,
gru_small,synth_shock_recovery,720,2,retrain,5,572639.697070,754.961838,756.729606,62.449488,47.675732,53.824757,,
gru_small,synth_shock_recovery,720,2,retrain,6,44480.483820,193.411857,210.903968,15.930628,17.368245,47.844228,,
gru_small,synth_shock_recovery,720,2,retrain,7,156293.588222,323.273568,395.339839,35.323463,34.597215,50.278552,,
gru_small,synth_shock_recovery,720,2,retrain,8,205484.975604,450.608253,453.304506,75.027526,54.455616,50.347705,,
gru_small,synth_shock_recovery,720,2,retrain,9,13778.294623,92.636284,117.380981,15.393134,14.177396,51.321280,,
gru_small,synth_volatility,720,1,retrain,0,3085.067441,27.780727,55.543383,3.925983,3.893718,74.651811,,
gru_small,synth_volatility,720,1,retrain,1,7912.836310,71.437299,88.954125,10.238417,10.304620,48.817803,,
gru_small,synth_volatility,720,1,retrain,2,6273.882465,60.653643,79.207843,8.641960,8.755976,48.607242,,
gru_small,synth_volatility,720,1,retrain,3,1288.057625,32.250138,35.889520,4.599900,4.603799,51.182197,,
gru_small,synth_volatility,720,1,retrain,4,3540.415149,43.693796,59.501388,6.304786,6.420861,55.292479,,
gru_small,synth_volatility,720,1,retrain,5,7614.451927,70.495995,87.260827,10.090969,10.167299,49.095967,,
gru_small,synth_volatility,720,1,retrain,6,5549.042586,58.209899,74.491896,8.303364,8.378001,50.557103,,
gru_small,synth_volatility,720,1,retrain,7,1320.986344,32.603543,36.345376,4.650145,4.654295,41.585535,,
gru_small,synth_volatility,720,1,retrain,8,2558.174313,39.716790,50.578398,5.680807,5.710332,51.810585,,
gru_small,synth_volatility,720,1,retrain,9,8039.807429,71.597016,89.664973,10.306603,10.383274,48.678720,,
gru_small,synth_volatility,720,2,retrain,0,3070.450185,27.490574,55.411643,3.884978,3.851910,75.208914,,
gru_small,synth_volatility,720,2,retrain,1,7923.628601,71.490813,89.014766,10.246086,10.312179,50.069541,,
gru_small,synth_volatility,720,2,retrain,2,6270.302252,60.599237,79.185240,8.634208,8.748217,48.746518,,
gru_small,synth_volatility,720,2,retrain,3,1289.493224,32.270055,35.909514,4.602741,4.606633,51.599444,,
gru_small,synth_volatility,720,2,retrain,4,3544.727944,43.889555,59.537618,6.333033,6.448869,53.621170,,
gru_small,synth_volatility,720,2,retrain,5,7644.932734,70.636471,87.435306,10.111078,10.187252,48.678720,,
gru_small,synth_volatility,720,2,retrain,6,5539.944025,58.127546,74.430800,8.291617,8.366305,50.278552,,
gru_small,synth_volatility,720,2,retrain,7,1240.668343,31.601743,35.223122,4.507261,4.511296,52.573018,,
gru_small,synth_volatility,720,2,retrain,8,2557.600154,39.785306,50.572721,5.690607,5.720183,50.974930,,
gru_small,synth_volatility,720,2,retrain,9,8026.433130,71.576254,89.590363,10.303614,10.380333,50.069541,,
gru_small,synth_multi_regime,96,1,retrain,0,200.402347,11.759324,14.156354,2.324776,2.326442,58.947368,,
gru_small,synth_multi_regime,96,1,retrain,1,145833.647019,374.378832,381.881719,42.270876,53.173058,42.105263,,
gru_small,synth_multi_regime,96,1,retrain,2,5433.498695,60.373475,73.712270,6.636242,6.641849,64.210526,,
gru_small,synth_multi_regime,96,1,retrain,3,67705.414025,259.604417,260.202640,42.398145,34.999575,41.052632,,
gru_small,synth_multi_regime,96,1,retrain,4,589.497689,20.306869,24.279573,3.382567,3.433972,54.736842,,
gru_small,synth_multi_regime,96,1,retrain,5,319100.383233,550.464355,564.889709,37.169131,45.254144,42.105263,,
gru_small,synth_multi_regime,96,1,retrain,6,171522.561226,393.930920,414.152824,26.055468,29.617777,46.315789,,
gru_small,synth_multi_regime,96,1,retrain,7,304507.317176,549.712893,551.821817,66.594655,50.033436,45.263158,,
gru_small,synth_multi_regime,96,1,retrain,8,815.966081,22.762232,28.565120,2.884490,2.895911,60.000000,,
gru_small,synth_multi_regime,96,1,retrain,9,14007.365566,115.824226,118.352717,22.619900,20.362542,58.947368,,
gru_small,synth_multi_regime,96,0,retrain,0,202.250500,11.811223,14.221480,2.335036,2.336380,57.894737,,
gru_small,synth_multi_regime,96,0,retrain,1,144947.460749,373.315817,380.719662,42.150852,52.984009,56.842105,,
gru_small,synth_multi_regime,96,0,retrain,2,5545.832561,61.113056,74.470347,6.717537,6.730450,60.000000,,
gru_small,synth_multi_regime,96,0,retrain,3,73414.888595,269.881501,270.951820,44.076581,36.127314,52.631579,,
gru_small,synth_multi_regime,96,0,retrain,4,2042.695311,41.849323,45.196187,6.970948,6.732491,58.947368,,
gru_small,synth_multi_regime,96,0,retrain,5,297652.802316,529.166644,545.575661,35.731041,43.108745,42.105263,,
gru_small,synth_multi_regime,96,0,retrain,6,183419.168374,409.955722,428.274641,27.115384,31.031691,46.315789,,
gru_small,synth_multi_regime,96,0,retrain,7,303321.691236,548.992644,550.746485,66.507400,49.989963,56.842105,,
gru_small,synth_multi_regime,96,0,retrain,8,1419.574827,30.996038,37.677245,3.927899,3.939554,57.894737,,
gru_small,synth_multi_regime,96,0,retrain,9,12093.433708,107.733588,109.970149,21.039838,19.076262,58.947368,,
gru_small,synth_multi_regime,192,0,retrain,0,181.458640,10.898682,13.470659,2.150789,2.151390,61.780105,,
gru_small,synth_multi_regime,192,0,retrain,1,115719.763803,326.327600,340.176078,38.993576,47.636902,50.261780,,
gru_small,synth_multi_regime,192,0,retrain,2,6462.385429,66.455747,80.388963,7.305209,7.345472,52.356021,,
gru_small,synth_multi_regime,192,0,retrain,3,72300.361413,256.270247,268.887265,39.738650,33.145161,42.931937,,
gru_small,synth_multi_regime,192,0,retrain,4,1520.131814,33.879957,38.988868,5.638653,5.477542,48.691099,,
gru_small,synth_multi_regime,192,0,retrain,5,557382.887319,726.073925,746.580798,52.556443,70.308588,49.214660,,
gru_small,synth_multi_regime,192,0,retrain,6,161755.405128,383.238240,402.188271,25.351465,28.719193,57.068063,,
gru_small,synth_multi_regime,192,0,retrain,7,365711.465152,587.041538,604.740825,64.210285,49.203927,43.455497,,
gru_small,synth_multi_regime,192,0,retrain,8,3422.209586,48.604045,58.499655,6.140585,6.238104,46.596859,,
gru_small,synth_multi_regime,192,0,retrain,9,45765.367374,206.034427,213.928416,37.896408,32.181964,50.261780,,
gru_small,synth_multi_regime,192,1,retrain,0,181.288751,10.828316,13.464351,2.136902,2.136611,62.827225,,
gru_small,synth_multi_regime,192,1,retrain,1,115899.883342,326.640485,340.440719,39.030963,47.695103,44.502618,,
gru_small,synth_multi_regime,192,1,retrain,2,6564.996594,66.960139,81.024667,7.360655,7.402001,50.261780,,
gru_small,synth_multi_regime,192,1,retrain,3,73985.696919,260.139832,272.003119,40.338689,33.566307,43.979058,,
gru_small,synth_multi_regime,192,1,retrain,4,6129.277213,75.527312,78.289701,12.570037,11.821050,49.214660,,
gru_small,synth_multi_regime,192,1,retrain,5,575029.180116,738.508325,758.306785,53.456500,71.986016,52.356021,,
gru_small,synth_multi_regime,192,1,retrain,6,194536.234731,425.005860,441.062620,28.114420,32.397997,50.261780,,
gru_small,synth_multi_regime,192,1,retrain,7,360411.423610,582.317083,600.342755,63.693527,48.907302,51.308901,,
gru_small,synth_multi_regime,192,1,retrain,8,1597.423336,33.534091,39.967779,4.236663,4.242243,48.167539,,
gru_small,synth_multi_regime,192,1,retrain,9,54929.692995,226.445310,234.370845,41.650631,34.778736,35.078534,,
gru_small,synth_multi_regime,96,2,retrain,0,207.247234,12.022032,14.396084,2.376712,2.379852,57.894737,,
gru_small,synth_multi_regime,96,2,retrain,1,143067.859930,370.879362,378.243123,41.875753,52.543599,53.684211,,
gru_small,synth_multi_regime,96,2,retrain,2,5845.045808,62.404721,76.452899,6.859517,6.872219,56.842105,,
gru_small,synth_multi_regime,96,2,retrain,3,64441.917837,253.070855,253.854127,41.331095,34.268589,52.631579,,
gru_small,synth_multi_regime,96,2,retrain,4,1310.658502,31.082393,36.203018,5.177473,5.052085,47.368421,,
gru_small,synth_multi_regime,96,2,retrain,5,333611.682372,563.174976,577.591276,38.027393,46.533353,51.578947,,
gru_small,synth_multi_regime,96,2,retrain,6,169217.038815,393.863865,411.359987,26.051032,29.604467,49.473684,,
gru_small,synth_multi_regime,96,2,retrain,7,322515.661843,565.792455,567.904624,68.542604,51.120548,56.842105,,
gru_small,synth_multi_regime,96,2,retrain,8,629.945749,19.756477,25.098720,2.503592,2.505747,58.947368,,
gru_small,synth_multi_regime,96,2,retrain,9,36612.913560,190.429903,191.345012,37.190020,31.406244,63.157895,,
gru_small,synth_multi_regime,192,2,retrain,0,182.877777,10.907784,13.523231,2.152585,2.152725,62.303665,,
gru_small,synth_multi_regime,192,2,retrain,1,113617.337076,323.095634,337.071709,38.607381,47.043608,47.643979,,
gru_small,synth_multi_regime,192,2,retrain,2,6429.865219,66.710718,80.186440,7.333237,7.375124,48.167539,,
gru_small,synth_multi_regime,192,2,retrain,3,73037.064253,257.745543,270.253703,39.967417,33.305768,45.549738,,
gru_small,synth_multi_regime,192,2,retrain,4,2641.654477,49.679667,51.397028,8.268204,8.613724,51.832461,,
gru_small,synth_multi_regime,192,2,retrain,5,548889.097494,720.699549,740.870500,52.167422,69.606270,49.738220,,
gru_small,synth_multi_regime,192,2,retrain,6,186449.857471,414.629874,431.798399,27.428042,31.465490,46.073298,,
gru_small,synth_multi_regime,192,2,retrain,7,372851.371899,595.469048,610.615568,65.132082,49.739182,52.356021,,
gru_small,synth_multi_regime,192,2,retrain,8,1593.022119,33.557943,39.912681,4.239676,4.233590,48.691099,,
gru_small,synth_multi_regime,192,2,retrain,9,55838.914626,229.094903,236.302591,42.137977,35.119429,48.691099,,
gru_small,synth_multi_regime,336,0,retrain,0,163.334000,10.295760,12.780219,2.032626,2.036147,60.298507,,
gru_small,synth_multi_regime,336,0,retrain,1,64261.145202,196.687036,253.497821,27.984887,29.172461,48.203593,,
gru_small,synth_multi_regime,336,0,retrain,2,6957.053975,69.532841,83.408956,7.645988,7.706123,50.447761,,
gru_small,synth_multi_regime,336,0,retrain,3,43735.604902,175.721248,209.130593,23.318461,22.267259,51.197605,,
gru_small,synth_multi_regime,336,0,retrain,4,598.507896,20.149922,24.464421,3.350787,3.342612,49.253731,,
gru_small,synth_multi_regime,336,0,retrain,5,333812.281866,445.809797,577.764902,41.756890,44.428124,49.700599,,
gru_small,synth_multi_regime,336,0,retrain,6,195934.597681,425.531482,442.645002,28.209867,32.489844,51.044776,,
gru_small,synth_multi_regime,336,0,retrain,7,224874.385511,394.398325,474.209221,33.765726,32.021985,47.305389,,
gru_small,synth_multi_regime,336,0,retrain,8,1168.269495,28.291299,34.179957,3.567439,3.570529,47.164179,,
gru_small,synth_multi_regime,336,0,retrain,9,25030.807735,139.996854,158.211276,21.749646,21.373806,52.694611,,
itransformer,ETTh1,96,0,retrain,0,42.579805,6.284662,6.525320,24.303440,21.907343,55.294118,,
itransformer,ETTh1,96,0,retrain,1,125.301976,10.077119,11.193837,60.822096,49.860500,65.934066,,
itransformer,ETTh1,96,0,retrain,2,49.465075,6.507800,7.033141,56.950924,45.997644,48.571429,,
itransformer,ETTh1,96,0,retrain,3,8.862511,2.403080,2.976997,18.028553,17.548655,60.215054,,
itransformer,ETTh1,96,0,retrain,4,7.087754,2.049071,2.662284,17.810682,17.974596,46.268657,,
itransformer,ETTh1,96,0,retrain,5,52.357258,7.025293,7.235832,118.228423,75.301974,47.761194,,
itransformer,ETTh1,96,0,retrain,6,4.286405,1.814021,2.070363,17.481383,18.133199,53.763441,,
itransformer,ETTh1,96,0,retrain,7,45.093592,6.229445,6.715176,44.315742,54.556546,45.161290,,
itransformer,ETTh1,96,0,retrain,8,30.975626,5.236282,5.565575,31.458235,36.668350,55.434783,,
itransformer,ETTh1,96,0,retrain,9,21.161353,3.592996,4.600147,23.914693,24.079974,54.444444,,
itransformer,ETTh1,96,2,retrain,0,54.021698,6.880730,7.349945,26.608496,23.742585,48.235294,,
itransformer,ETTh1,96,2,retrain,1,81.934216,7.844429,9.051752,47.346333,41.717980,50.549451,,
itransformer,ETTh1,96,2,retrain,2,51.291971,6.708698,7.161841,58.709018,47.051956,61.428571,,
itransformer,ETTh1,96,2,retrain,3,23.558434,4.419598,4.853703,33.157011,29.355609,54.838710,,
itransformer,ETTh1,96,2,retrain,4,8.420970,2.202406,2.901891,19.143487,19.023331,56.716418,,
itransformer,ETTh1,96,2,retrain,5,30.684249,5.319405,5.539337,89.520094,63.133079,56.716418,,
itransformer,ETTh1,96,2,retrain,6,3.523311,1.643569,1.877049,15.838768,16.446312,60.215054,,
itransformer,ETTh1,96,2,retrain,7,47.002883,6.363478,6.855865,45.269238,56.158239,58.064516,,
itransformer,ETTh1,96,2,retrain,8,26.483808,4.762282,5.146242,28.610565,32.923638,52.173913,,
itransformer,ETTh1,96,2,retrain,9,71.327696,7.376077,8.445573,49.094580,41.585316,52.222222,,
gru_small,synth_multi_regime,336,1,retrain,0,159.544233,10.111061,12.631082,1.996162,1.999089,61.492537,,
gru_small,synth_multi_regime,336,1,retrain,1,64717.931730,197.791230,254.397193,28.141993,29.382089,46.706587,,
gru_small,synth_multi_regime,336,1,retrain,2,7496.414264,71.696501,86.581836,7.883909,7.957569,45.970149,,
gru_small,synth_multi_regime,336,1,retrain,3,44010.262131,175.372332,209.786230,23.272160,22.203617,50.299401,,
gru_small,synth_multi_regime,336,1,retrain,4,9966.669020,97.332040,99.833206,16.185618,14.962511,49.552239,,
gru_small,synth_multi_regime,336,1,retrain,5,323776.317455,446.220326,569.013460,41.795342,44.670824,47.904192,,
gru_small,synth_multi_regime,336,1,retrain,6,187188.222873,414.949838,432.652543,27.508375,31.540823,49.253731,,
gru_small,synth_multi_regime,336,1,retrain,7,234129.677757,404.353876,483.869484,34.618053,32.620084,50.000000,,
gru_small,synth_multi_regime,336,1,retrain,8,3116.244155,45.770913,55.823330,5.771560,5.855610,47.761194,,
gru_small,synth_multi_regime,336,1,retrain,9,36872.738938,156.259632,192.022756,24.276200,23.310995,50.598802,,
itransformer,ETTh1,192,0,retrain,0,24.902948,4.319999,4.990285,15.902633,15.213080,51.955307,,
itransformer,ETTh1,192,0,retrain,1,141.156529,10.068544,11.880931,49.680648,42.239226,61.748634,,
itransformer,ETTh1,192,0,retrain,2,61.583752,7.353552,7.847532,60.725117,48.351344,47.272727,,
itransformer,ETTh1,192,0,retrain,3,27.425351,4.007943,5.236922,33.164521,31.472245,47.340426,,
itransformer,ETTh1,192,0,retrain,4,17.547780,3.562625,4.189007,37.702725,35.188278,51.875000,,
itransformer,ETTh1,192,0,retrain,5,38.169862,5.646183,6.178176,77.715981,60.313087,53.459119,,
itransformer,ETTh1,192,0,retrain,6,7.207381,2.175557,2.684657,21.039655,21.758523,59.139785,,
itransformer,ETTh1,192,0,retrain,7,28.914076,4.674668,5.377181,38.686259,43.269519,59.509202,,
itransformer,ETTh1,192,0,retrain,8,44.835307,5.988927,6.695917,38.141857,44.602646,43.243243,,
itransformer,ETTh1,192,0,retrain,9,11.508517,2.504895,3.392421,14.600217,15.708835,55.813953,,
itransformer,ETTh1,96,1,retrain,0,21.326186,4.111089,4.618028,15.898008,15.013945,52.941176,,
itransformer,ETTh1,96,1,retrain,1,81.422410,7.751274,9.023437,46.784081,41.314528,58.241758,,
itransformer,ETTh1,96,1,retrain,2,71.385361,8.072354,8.448986,70.642621,53.892222,42.857143,,
itransformer,ETTh1,96,1,retrain,3,17.459354,3.644337,4.178439,27.340797,24.952852,53.763441,,
itransformer,ETTh1,96,1,retrain,4,10.086728,2.489281,3.175961,21.637022,21.095854,44.776119,,
itransformer,ETTh1,96,1,retrain,5,32.335780,5.451150,5.686456,91.737215,63.993243,49.253731,,
itransformer,ETTh1,96,1,retrain,6,5.331684,1.952661,2.309044,18.817424,19.621566,46.236559,,
itransformer,ETTh1,96,1,retrain,7,44.835233,6.175800,6.695912,43.934112,54.189836,50.537634,,
itransformer,ETTh1,96,1,retrain,8,8.267791,2.499629,2.875377,15.017126,15.750344,50.000000,,
itransformer,ETTh1,96,1,retrain,9,19.184060,3.344755,4.379961,22.262424,22.762712,47.777778,,
itransformer,ETTh1,192,1,retrain,0,29.008587,4.803302,5.385962,17.681753,16.716174,49.162011,,
itransformer,ETTh1,192,1,retrain,1,111.865261,8.416387,10.576637,41.528503,36.943397,50.819672,,
itransformer,ETTh1,192,1,retrain,2,60.904507,7.282759,7.804134,60.140511,48.037657,50.909091,,
itransformer,ETTh1,192,1,retrain,3,50.769728,6.263174,7.125288,51.825884,43.948920,49.468085,,
itransformer,ETTh1,192,1,retrain,4,16.738759,3.441869,4.091303,36.424785,34.547106,54.375000,,
itransformer,ETTh1,192,1,retrain,5,38.042803,5.647562,6.167885,77.734953,60.331582,52.201258,,
itransformer,ETTh1,192,1,retrain,6,5.127004,1.931335,2.264289,18.677797,19.115994,52.688172,,
itransformer,ETTh1,192,1,retrain,7,26.584475,4.541338,5.156013,37.582859,41.835922,47.852761,,
itransformer,ETTh1,192,1,retrain,8,42.625504,5.844115,6.528821,37.219585,43.439467,49.189189,,
itransformer,ETTh1,192,1,retrain,9,43.579295,5.923101,6.601462,34.523822,39.414021,55.232558,,
itransformer,ETTh1,192,2,retrain,0,21.301990,4.014164,4.615408,14.776803,14.226513,44.134078,,
itransformer,ETTh1,192,2,retrain,1,98.569904,7.810935,9.928238,38.541053,35.027123,51.366120,,
itransformer,ETTh1,192,2,retrain,2,50.947283,6.564764,7.137737,54.211359,44.511506,49.090909,,
itransformer,ETTh1,192,2,retrain,3,72.368701,7.784748,8.506980,64.416445,51.192421,55.319149,,
itransformer,ETTh1,192,2,retrain,4,32.919728,4.875067,5.737572,51.592106,43.878695,61.250000,,
itransformer,ETTh1,192,2,retrain,5,28.325441,4.840517,5.322165,66.626510,54.576121,49.056604,,
itransformer,ETTh1,192,2,retrain,6,4.944734,1.887187,2.223676,18.250846,18.659883,51.075269,,
itransformer,ETTh1,192,2,retrain,7,28.450856,4.661000,5.333934,38.573146,43.081266,47.852761,,
itransformer,ETTh1,192,2,retrain,8,36.241171,5.291356,6.020064,33.699216,38.119177,49.189189,,
itransformer,ETTh1,192,2,retrain,9,18.561517,3.681987,4.308308,21.461097,22.973386,54.651163,,
itransformer,ETTh1,336,1,retrain,0,28.584139,4.518130,5.346414,15.592849,15.141038,49.687500,,
itransformer,ETTh1,336,1,retrain,1,19.721439,3.019590,4.440883,14.061162,15.216722,58.878505,,
itransformer,ETTh1,336,1,retrain,2,56.650715,6.711585,7.526667,47.711216,40.924908,46.534653,,
itransformer,ETTh1,336,1,retrain,3,37.886135,4.565499,6.155171,39.883489,41.198675,56.231003,,
itransformer,ETTh1,336,1,retrain,4,27.797358,4.178646,5.272320,46.930281,40.049859,52.188552,,
itransformer,ETTh1,336,1,retrain,5,26.715476,4.722833,5.168702,64.717139,52.819081,52.013423,,
itransformer,ETTh1,336,1,retrain,6,16.209532,3.059749,4.026106,33.893862,36.978667,42.024540,,
itransformer,ETTh1,336,1,retrain,7,21.213182,3.836673,4.605777,32.966151,35.873767,51.839465,,
itransformer,ETTh1,336,1,retrain,8,44.771536,5.969681,6.691154,37.520111,43.916763,59.316770,,
itransformer,ETTh1,336,1,retrain,9,67.800597,7.653395,8.234112,41.075046,49.616733,59.932660,,
gru_small,synth_multi_regime,336,2,retrain,0,158.125824,10.036183,12.574809,1.981380,1.984334,60.597015,,
gru_small,synth_multi_regime,336,2,retrain,1,66665.389021,199.974666,258.196416,28.452656,29.714593,50.898204,,
gru_small,synth_multi_regime,336,2,retrain,2,7012.686919,69.456358,83.741787,7.637578,7.695506,51.641791,,
gru_small,synth_multi_regime,336,2,retrain,3,43480.064727,173.710941,208.518740,23.051691,22.035708,50.000000,,
gru_small,synth_multi_regime,336,2,retrain,4,1387.270299,32.760475,37.246078,5.447831,5.605227,55.223881,,
gru_small,synth_multi_regime,336,2,retrain,5,343748.093782,452.957455,586.300344,42.426377,45.410239,47.604790,,
gru_small,synth_multi_regime,336,2,retrain,6,174659.088717,400.051344,417.922348,26.520706,30.223032,48.656716,,
gru_small,synth_multi_regime,336,2,retrain,7,212946.277269,385.700376,461.461025,33.021066,31.481130,48.802395,,
gru_small,synth_multi_regime,336,2,retrain,8,7032.706567,74.443184,83.861234,9.387038,9.768194,45.373134,,
gru_small,synth_multi_regime,336,2,retrain,9,36864.419760,156.328095,192.001093,24.286836,23.322831,49.700599,,
itransformer,ETTh1,336,0,retrain,0,33.640983,4.920028,5.800085,16.979868,16.341402,49.375000,,
itransformer,ETTh1,336,0,retrain,1,18.153735,3.275592,4.260720,15.253276,16.209179,56.074766,,
itransformer,ETTh1,336,0,retrain,2,23.695637,3.976822,4.867816,28.270372,27.391548,49.504950,,
itransformer,ETTh1,336,0,retrain,3,31.797562,4.170241,5.638933,36.430577,39.048310,54.103343,,
itransformer,ETTh1,336,0,retrain,4,38.973121,5.180720,6.242846,58.184551,47.006360,53.535354,,
itransformer,ETTh1,336,0,retrain,5,28.070892,4.874228,5.298197,66.791705,53.991715,49.328859,,
itransformer,ETTh1,336,0,retrain,6,19.712074,3.320750,4.439828,36.785053,38.422391,45.092025,,
itransformer,ETTh1,336,0,retrain,7,31.180864,4.739208,5.583983,40.721072,46.328155,48.494983,,
itransformer,ETTh1,336,0,retrain,8,30.159580,4.734413,5.491774,29.756315,32.833301,62.111801,,
itransformer,ETTh1,336,0,retrain,9,103.091221,9.621304,10.153385,51.636630,67.406685,59.259259,,
itransformer,ETTh1,720,0,retrain,0,59.612593,6.894949,7.720919,23.905533,22.133069,49.249249,,
itransformer,ETTh1,720,0,retrain,1,40.555719,5.254897,6.368337,24.317710,22.672759,61.054173,,
itransformer,ETTh1,720,0,retrain,2,25.851645,4.130057,5.084451,26.908632,26.316589,57.957958,,
itransformer,ETTh1,720,0,retrain,3,39.455676,4.562252,6.281375,37.296243,42.374559,57.101865,,
itransformer,ETTh1,720,0,retrain,4,20.031741,3.765259,4.475683,40.793569,37.843831,55.045872,,
itransformer,ETTh1,720,0,retrain,5,25.263386,4.474274,5.026270,61.939179,51.363140,48.114630,,
itransformer,ETTh1,720,0,retrain,6,11.480927,2.770752,3.388352,28.372250,32.044817,60.951009,,
itransformer,ETTh1,720,0,retrain,7,23.367125,3.840062,4.833955,35.230369,37.562740,52.522255,,
itransformer,ETTh1,720,0,retrain,8,65.770775,7.507151,8.109918,45.228401,56.302161,57.142857,,
itransformer,ETTh1,720,0,retrain,9,71.381506,7.896880,8.448758,43.996123,54.580916,65.470852,,
itransformer,ETTh1,336,2,retrain,0,36.017766,5.150309,6.001480,17.774609,17.020908,49.062500,,
itransformer,ETTh1,336,2,retrain,1,23.540759,3.420793,4.851882,15.929425,16.954925,56.386293,,
itransformer,ETTh1,336,2,retrain,2,34.511167,5.244169,5.874621,37.279667,33.845331,50.495050,,
itransformer,ETTh1,336,2,retrain,3,36.215416,4.509733,6.017925,39.396329,41.130689,48.936170,,
itransformer,ETTh1,336,2,retrain,4,45.449621,6.089513,6.741633,68.391189,53.635070,47.811448,,
itransformer,ETTh1,336,2,retrain,5,30.223385,5.055252,5.497580,69.272276,55.320981,46.644295,,
itransformer,ETTh1,336,2,retrain,6,16.320605,3.081853,4.039877,34.138709,37.223364,47.239264,,
itransformer,ETTh1,336,2,retrain,7,23.390528,4.002067,4.836375,34.387276,37.710186,50.167224,,
itransformer,ETTh1,336,2,retrain,8,28.031381,4.486459,5.294467,28.197894,30.727223,55.590062,,
itransformer,ETTh1,336,2,retrain,9,69.723396,7.751984,8.350054,41.604167,50.464425,64.646465,,
itransformer,ETTh1,720,2,retrain,0,50.739765,6.338928,7.123185,21.977748,20.538384,51.351351,,
itransformer,ETTh1,720,2,retrain,1,44.864230,5.648624,6.698077,26.139734,24.095665,60.907760,,
itransformer,ETTh1,720,2,retrain,2,24.753398,4.117916,4.975279,26.829528,26.219632,59.159159,,
itransformer,ETTh1,720,2,retrain,3,42.359070,4.818610,6.508385,39.391958,43.730631,53.228121,,
itransformer,ETTh1,720,2,retrain,4,23.546480,4.108479,4.852472,44.512074,40.248358,47.553517,,
itransformer,ETTh1,720,2,retrain,5,19.480312,3.884918,4.413651,53.780489,46.724349,57.164404,,
itransformer,ETTh1,720,2,retrain,6,11.361482,2.777986,3.370680,28.446326,32.340451,60.806916,,
itransformer,ETTh1,720,2,retrain,7,22.604463,3.770109,4.754415,34.588590,36.822290,52.522255,,
itransformer,ETTh1,720,2,retrain,8,58.945729,7.034683,7.677612,42.381918,51.591000,53.679654,,
itransformer,ETTh1,720,2,retrain,9,68.469300,7.685634,8.274618,42.819204,52.563967,69.805680,,
itransformer,ETTh1,720,1,retrain,0,60.098620,6.946021,7.752330,24.082604,22.259052,48.348348,,
itransformer,ETTh1,720,1,retrain,1,39.300128,5.104012,6.268981,23.619469,22.179681,62.079063,,
itransformer,ETTh1,720,1,retrain,2,22.266733,3.860353,4.718764,25.151423,24.942297,56.756757,,
itransformer,ETTh1,720,1,retrain,3,35.410182,4.288000,5.950645,35.054243,41.046304,56.384505,,
itransformer,ETTh1,720,1,retrain,4,18.716999,3.602631,4.326315,39.031625,36.612005,55.504587,,
itransformer,ETTh1,720,1,retrain,5,29.465310,4.858765,5.428196,67.261845,54.186208,53.544495,,
itransformer,ETTh1,720,1,retrain,6,11.640750,2.792563,3.411854,28.595598,32.124937,50.432277,,
itransformer,ETTh1,720,1,retrain,7,23.258420,3.842733,4.822698,35.254876,37.529285,51.928783,,
itransformer,ETTh1,720,1,retrain,8,61.864758,7.286282,7.865415,43.897734,54.199747,62.481962,,
itransformer,ETTh1,720,1,retrain,9,78.805270,8.297478,8.877233,46.227985,58.146706,60.986547,,
gru_small,synth_multi_regime,720,0,retrain,0,151.330456,9.966262,12.301644,1.966782,1.970429,59.388039,,
gru_small,synth_multi_regime,720,0,retrain,1,72091.002346,202.983825,268.497677,28.710800,29.459346,49.442897,,
gru_small,synth_multi_regime,720,0,retrain,2,120700.270972,335.566047,347.419445,36.921834,45.089006,50.625869,,
gru_small,synth_multi_regime,720,0,retrain,3,44861.867868,179.660623,211.806204,23.821490,23.045139,50.696379,,
gru_small,synth_multi_regime,720,0,retrain,4,76990.889830,275.719595,277.472323,45.894696,37.285702,49.374131,,
gru_small,synth_multi_regime,720,0,retrain,5,346154.853137,437.468122,588.349261,40.987190,41.797732,51.949861,,
gru_small,synth_multi_regime,720,0,retrain,6,780338.060038,874.737591,883.367455,57.814208,80.952418,49.652295,,
gru_small,synth_multi_regime,720,0,retrain,7,152309.085962,338.473497,390.267967,29.096838,29.523525,54.735376,,
gru_small,synth_multi_regime,720,0,retrain,8,460671.117624,677.694493,678.727572,85.388000,59.901624,53.824757,,
gru_small,synth_multi_regime,720,0,retrain,9,45389.060452,169.388801,213.047085,26.317565,25.248096,53.064067,,
itransformer,ETTh2,96,0,retrain,0,75.674975,8.327879,8.699136,22.316109,20.838857,72.727273,,
itransformer,ETTh2,96,0,retrain,1,121.825382,10.072608,11.037454,37.036156,33.263337,62.500000,,
itransformer,ETTh2,96,0,retrain,2,191.132818,13.490168,13.825079,71.265492,52.758425,73.770492,,
itransformer,ETTh2,96,0,retrain,3,275.791712,16.440383,16.606978,92.630085,64.628986,72.619048,,
itransformer,ETTh2,96,0,retrain,4,764.942639,27.306598,27.657596,185.666944,98.370451,70.312500,,
itransformer,ETTh2,96,0,retrain,5,315.752386,17.557970,17.769423,185.756848,97.338578,69.811321,,
itransformer,ETTh2,96,0,retrain,6,21.563774,3.992038,4.643681,20.532127,21.558214,68.539326,,
itransformer,ETTh2,96,0,retrain,7,58.269856,7.022228,7.633469,26.854521,24.396131,62.162162,,
itransformer,ETTh2,96,0,retrain,8,234.353770,14.985251,15.308618,49.980601,66.352069,67.469880,,
itransformer,ETTh2,96,0,retrain,9,156.284173,11.196771,12.501367,35.912794,41.965516,50.561798,,
itransformer,ETTh2,96,1,retrain,0,64.889568,7.669618,8.055406,20.552177,19.384791,78.409091,,
itransformer,ETTh2,96,1,retrain,1,117.557800,9.848560,10.842407,36.212351,32.608655,65.277778,,
itransformer,ETTh2,96,1,retrain,2,154.130189,11.909519,12.414918,62.915284,47.972251,73.770492,,
itransformer,ETTh2,96,1,retrain,3,267.192769,16.117168,16.346032,90.808996,63.815720,70.238095,,
itransformer,ETTh2,96,1,retrain,4,712.767531,26.291040,26.697706,178.761813,96.450065,75.000000,,
itransformer,ETTh2,96,1,retrain,5,334.581238,17.975627,18.291562,190.175513,98.171750,77.358491,,
itransformer,ETTh2,96,1,retrain,6,42.479748,5.706375,6.517649,29.349425,32.549157,82.022472,,
itransformer,ETTh2,96,1,retrain,7,22.513665,3.496149,4.744857,13.370030,13.552763,75.675676,,
itransformer,ETTh2,96,1,retrain,8,172.900931,12.696790,13.149180,42.347850,53.061779,67.469880,,
itransformer,ETTh2,96,1,retrain,9,258.733107,15.083570,16.085183,48.379408,62.184179,61.797753,,
itransformer,ETTh2,96,2,retrain,0,86.443000,9.025897,9.297473,24.186579,22.280947,84.090909,,
itransformer,ETTh2,96,2,retrain,1,122.829949,10.015460,11.082867,36.826029,33.091208,55.555556,,
itransformer,ETTh2,96,2,retrain,2,250.283312,15.617587,15.820345,82.504163,58.696787,67.213115,,
itransformer,ETTh2,96,2,retrain,3,284.875531,16.705635,16.878256,94.124592,65.365079,69.047619,,
itransformer,ETTh2,96,2,retrain,4,535.231792,22.653707,23.135077,154.030339,89.213374,68.750000,,
itransformer,ETTh2,96,2,retrain,5,579.686889,23.959749,24.076688,253.485312,112.741378,56.603774,,
itransformer,ETTh2,96,2,retrain,6,25.708137,4.371364,5.070319,22.483105,25.598874,65.168539,,
itransformer,ETTh2,96,2,retrain,7,35.078980,5.066862,5.922751,19.376777,21.511504,77.027027,,
itransformer,ETTh2,96,2,retrain,8,221.789974,14.389449,14.892615,47.993408,62.215867,54.216867,,
itransformer,ETTh2,96,2,retrain,9,222.038976,13.768605,14.900972,44.161756,54.832974,62.921348,,
itransformer,ETTh2,192,0,retrain,0,48.451285,5.673960,6.960696,14.067677,13.984735,69.832402,,
itransformer,ETTh2,192,0,retrain,1,51.981636,5.247893,7.209829,16.383982,17.064757,79.141104,,
itransformer,ETTh2,192,0,retrain,2,147.996266,11.806431,12.165372,57.590386,45.156031,64.179104,,
itransformer,ETTh2,192,0,retrain,3,191.055746,13.081915,13.822292,81.477554,60.318126,62.352941,,
itransformer,ETTh2,192,0,retrain,4,230.316513,14.663073,15.176182,110.813850,74.289714,65.277778,,
itransformer,ETTh2,192,0,retrain,5,487.757615,21.168392,22.085235,177.389961,95.320842,62.222222,,
itransformer,ETTh2,192,0,retrain,6,99.595601,9.440448,9.979760,48.879810,41.872633,77.595628,,
itransformer,ETTh2,192,0,retrain,7,160.128331,11.402516,12.654182,49.109902,41.739547,55.319149,,
itransformer,ETTh2,192,0,retrain,8,118.894924,10.056237,10.903895,34.237318,30.451459,64.670659,,
itransformer,ETTh2,192,0,retrain,9,378.741638,18.397446,19.461286,52.646783,70.410862,65.294118,,
itransformer,ETTh2,192,1,retrain,0,51.462423,5.776118,7.173731,14.320963,14.202198,69.832402,,
itransformer,ETTh2,192,1,retrain,1,58.304166,5.749844,7.635716,17.951078,18.519355,70.552147,,
itransformer,ETTh2,192,1,retrain,2,101.795620,9.660001,10.089382,47.120351,38.721593,55.970149,,
itransformer,ETTh2,192,1,retrain,3,258.978431,15.478324,16.092807,96.403006,67.311310,60.588235,,
itransformer,ETTh2,192,1,retrain,4,781.824953,27.684315,27.961133,209.219819,104.364747,56.944444,,
itransformer,ETTh2,192,1,retrain,5,265.690094,15.508011,16.300003,129.956278,80.928159,61.481481,,
itransformer,ETTh2,192,1,retrain,6,151.539101,11.626737,12.310122,60.199761,48.746487,60.655738,,
itransformer,ETTh2,192,1,retrain,7,36.531304,4.708999,6.044113,20.281354,20.489237,59.574468,,
itransformer,ETTh2,192,1,retrain,8,68.077377,7.104026,8.250902,24.186264,22.611840,67.664671,,
itransformer,ETTh2,192,1,retrain,9,317.674768,16.707713,17.823433,47.811384,61.338632,64.705882,,
gru_small,synth_multi_regime,720,1,retrain,0,153.415387,10.024929,12.386097,1.978360,1.981505,60.083449,,
gru_small,synth_multi_regime,720,1,retrain,1,74789.031248,205.448542,273.475833,29.059419,29.867635,51.253482,,
gru_small,synth_multi_regime,720,1,retrain,2,118182.527812,332.657970,343.776858,36.601863,44.517455,53.963839,,
gru_small,synth_multi_regime,720,1,retrain,3,45675.103644,180.128418,213.717345,23.883516,23.088610,50.974930,,
gru_small,synth_multi_regime,720,1,retrain,4,80142.346095,281.334976,283.094235,46.829399,37.900579,48.539638,,
gru_small,synth_multi_regime,720,1,retrain,5,340894.099533,436.662386,583.861370,40.911699,41.764404,44.846797,,
gru_small,synth_multi_regime,720,1,retrain,6,690213.496736,821.468912,830.790886,54.293510,74.141062,52.851182,,
gru_small,synth_multi_regime,720,1,retrain,7,148569.373002,335.235649,385.446978,28.818497,29.217469,48.050139,,
gru_small,synth_multi_regime,720,1,retrain,8,461834.467244,677.618980,679.584040,85.378486,59.878356,46.592490,,
gru_small,synth_multi_regime,720,1,retrain,9,37089.245152,153.518642,192.585683,23.851853,23.333481,53.064067,,
itransformer,ETTh2,336,1,retrain,0,43.156103,5.282926,6.569330,12.559216,12.621028,61.093248,,
itransformer,ETTh2,336,1,retrain,1,59.984165,5.649275,7.744944,17.378802,17.407171,77.483444,,
itransformer,ETTh2,336,1,retrain,2,120.944009,10.372909,10.997455,44.338873,37.498320,61.044177,,
itransformer,ETTh2,336,1,retrain,3,277.953314,15.292963,16.671932,92.129502,67.943242,56.015038,,
itransformer,ETTh2,336,1,retrain,4,166.646206,12.337068,12.909152,86.154958,62.281950,79.674797,,
itransformer,ETTh2,336,1,retrain,5,17.209333,3.352388,4.148413,28.393127,28.929049,80.740741,,
itransformer,ETTh2,336,1,retrain,6,211.754984,13.410882,14.551803,79.749142,60.964886,54.838710,,
itransformer,ETTh2,336,1,retrain,7,58.327127,6.092995,7.637220,27.162296,26.081748,72.556391,,
itransformer,ETTh2,336,1,retrain,8,217.702501,14.125848,14.754745,47.609054,62.327525,81.848185,,
itransformer,ETTh2,336,1,retrain,9,191.227406,12.658684,13.828500,35.517363,41.688514,80.000000,,
itransformer,ETTh2,192,2,retrain,0,44.620354,5.434821,6.679847,13.474770,13.420269,73.184358,,
itransformer,ETTh2,192,2,retrain,1,62.848130,5.773170,7.927681,18.023904,18.537447,77.300613,,
itransformer,ETTh2,192,2,retrain,2,91.483481,9.161470,9.564700,44.688578,37.044451,63.432836,,
itransformer,ETTh2,192,2,retrain,3,211.162749,13.757149,14.531440,85.683083,62.276711,60.000000,,
itransformer,ETTh2,192,2,retrain,4,196.050770,13.373796,14.001813,101.070344,70.179842,62.500000,,
itransformer,ETTh2,192,2,retrain,5,444.962070,20.402304,21.094124,170.970183,94.071663,71.111111,,
itransformer,ETTh2,192,2,retrain,6,34.730934,5.095014,5.893296,26.380455,25.880945,83.060109,,
itransformer,ETTh2,192,2,retrain,7,29.430391,4.666061,5.424978,20.096425,20.541157,73.049645,,
itransformer,ETTh2,192,2,retrain,8,202.079710,13.393659,14.215474,45.599858,38.288565,55.089820,,
itransformer,ETTh2,192,2,retrain,9,402.886574,19.072824,20.072035,54.579470,73.785005,64.705882,,
itransformer,ETTh2,336,0,retrain,0,39.601656,4.950859,6.292985,11.769786,11.884292,71.061093,,
itransformer,ETTh2,336,0,retrain,1,131.473802,9.811924,11.466203,30.184315,27.583930,72.516556,,
itransformer,ETTh2,336,0,retrain,2,100.928110,9.116958,10.046298,38.970327,33.743981,52.610442,,
itransformer,ETTh2,336,0,retrain,3,275.273994,15.261389,16.591383,91.939295,67.913247,56.766917,,
itransformer,ETTh2,336,0,retrain,4,35.848319,5.349695,5.987347,37.359179,34.610115,69.918699,,
itransformer,ETTh2,336,0,retrain,5,126.824337,10.650217,11.261631,90.202247,65.929520,70.370370,,
itransformer,ETTh2,336,0,retrain,6,161.154889,11.585882,12.694680,68.896602,55.070499,58.709677,,
itransformer,ETTh2,336,0,retrain,7,76.765013,7.203209,8.761565,32.111577,30.025778,68.421053,,
itransformer,ETTh2,336,0,retrain,8,374.063833,18.833133,19.340730,63.474254,92.899910,78.217822,,
itransformer,ETTh2,336,0,retrain,9,235.953780,14.278875,15.360787,40.063247,48.585662,81.111111,,
gru_small,synth_multi_regime,720,2,retrain,0,149.846694,9.905645,12.241188,1.954820,1.958659,59.944367,,
gru_small,synth_multi_regime,720,2,retrain,1,75205.780268,206.049600,274.236723,29.144435,29.976702,48.746518,,
gru_small,synth_multi_regime,720,2,retrain,2,112367.241168,323.932534,335.212233,35.641816,43.087522,47.566064,,
gru_small,synth_multi_regime,720,2,retrain,3,46224.198832,181.612071,214.998137,24.080235,23.251280,50.139276,,
gru_small,synth_multi_regime,720,2,retrain,4,83420.910063,287.479638,288.826782,47.852204,38.586451,50.486787,,
gru_small,synth_multi_regime,720,2,retrain,5,339539.812396,434.132780,582.700448,40.674696,41.388869,46.935933,,
gru_small,synth_multi_regime,720,2,retrain,6,808948.077714,891.123225,899.415409,58.897187,83.121749,50.904033,,
gru_small,synth_multi_regime,720,2,retrain,7,176919.036560,342.710215,420.617447,29.461047,29.881619,50.696379,,
gru_small,synth_multi_regime,720,2,retrain,8,487040.688380,697.278585,697.883005,87.855552,61.108078,52.294854,,
gru_small,synth_multi_regime,720,2,retrain,9,47074.933751,176.425032,216.967587,27.410769,26.160202,48.050139,,
itransformer,ETTh2,336,2,retrain,0,40.800617,5.187975,6.387536,12.333487,12.411915,65.916399,,
itransformer,ETTh2,336,2,retrain,1,106.523880,8.368043,10.321041,25.742520,24.123939,78.145695,,
itransformer,ETTh2,336,2,retrain,2,111.533094,9.719187,10.560923,41.544548,35.454148,63.052209,,
itransformer,ETTh2,336,2,retrain,3,287.907081,15.696735,16.967825,94.561948,69.097010,54.887218,,
itransformer,ETTh2,336,2,retrain,4,82.539171,8.291535,9.085107,57.903294,47.067490,76.422764,,
itransformer,ETTh2,336,2,retrain,5,26.153312,4.347178,5.114031,36.818516,35.023546,74.444444,,
itransformer,ETTh2,336,2,retrain,6,85.504903,7.948801,9.246886,47.268336,42.800301,60.000000,,
itransformer,ETTh2,336,2,retrain,7,168.367786,11.853373,12.975661,52.841798,44.067672,74.812030,,
itransformer,ETTh2,336,2,retrain,8,367.263742,18.568191,19.164126,62.581305,90.396053,78.217822,,
itransformer,ETTh2,336,2,retrain,9,233.817646,14.137830,15.291097,39.667508,47.934524,74.444444,,
itransformer,ETTh2,720,0,retrain,0,45.361994,5.345928,6.735131,12.838729,12.927611,80.704441,,
itransformer,ETTh2,720,0,retrain,1,124.465546,10.085274,11.156413,31.353125,28.089902,76.328502,,
itransformer,ETTh2,720,0,retrain,2,62.610307,6.865415,7.912668,28.841037,26.586701,80.176991,,
itransformer,ETTh2,720,0,retrain,3,61.426907,6.134282,7.837532,32.684780,32.564132,64.321608,,
itransformer,ETTh2,720,0,retrain,4,98.860272,9.157481,9.942850,62.257766,49.671916,72.304833,,
itransformer,ETTh2,720,0,retrain,5,94.458946,9.108339,9.718999,75.156825,57.916790,62.010221,,
itransformer,ETTh2,720,0,retrain,6,66.702678,6.727532,8.167171,37.299922,41.401065,79.541985,,
itransformer,ETTh2,720,0,retrain,7,60.282240,6.097804,7.764164,29.639679,31.715202,74.826389,,
itransformer,ETTh2,720,0,retrain,8,316.341119,16.952516,17.785981,54.163912,75.064991,81.550388,,
itransformer,ETTh2,720,0,retrain,9,277.364722,15.925649,16.654270,45.645979,58.261539,79.967690,,
itransformer,ETTm1,96,1,retrain,0,54.239283,6.201589,7.364732,22.778963,21.502337,48.888889,,
itransformer,ETTm1,96,1,retrain,1,39.486761,6.017497,6.283849,15.615481,16.890713,45.977011,,
itransformer,ETTm1,96,1,retrain,2,1.963888,1.193531,1.401388,3.120287,3.179379,33.333333,,
itransformer,ETTm1,96,1,retrain,3,5.068221,1.964897,2.251271,5.713790,5.629500,51.111111,,
itransformer,ETTm1,96,1,retrain,4,1.391055,1.006052,1.179430,3.106516,3.093314,61.445783,,
itransformer,ETTm1,96,1,retrain,5,3.530523,1.650206,1.878969,5.611850,5.456526,65.432099,,
itransformer,ETTm1,96,1,retrain,6,76.658684,8.669247,8.755495,34.439828,29.329100,60.000000,,
itransformer,ETTm1,96,1,retrain,7,47.248416,6.694357,6.873748,27.395411,24.399836,46.341463,,
itransformer,ETTm1,96,1,retrain,8,129.231522,11.143771,11.368004,68.523816,52.177154,49.425287,,
itransformer,ETTm1,96,1,retrain,9,32.687525,5.358220,5.717300,22.994266,20.972570,51.162791,,
itransformer,ETTh2,720,1,retrain,0,52.170664,6.078462,7.222926,14.597976,14.683461,84.226646,,
itransformer,ETTh2,720,1,retrain,1,141.774454,10.802544,11.906908,33.582976,29.856821,65.700483,,
itransformer,ETTh2,720,1,retrain,2,65.905868,7.194040,8.118243,30.221563,27.730250,66.902655,,
itransformer,ETTh2,720,1,retrain,3,63.615779,6.355113,7.975950,33.861416,33.326915,73.701843,,
itransformer,ETTh2,720,1,retrain,4,124.800175,10.425834,11.171400,70.880750,54.385172,77.881041,,
itransformer,ETTh2,720,1,retrain,5,84.344841,8.499734,9.183945,70.134963,55.221467,75.809199,,
itransformer,ETTh2,720,1,retrain,6,69.875471,6.805095,8.359155,37.729960,41.709898,80.458015,,
itransformer,ETTh2,720,1,retrain,7,51.704159,5.530113,7.190560,26.880295,27.851210,64.236111,,
itransformer,ETTh2,720,1,retrain,8,302.273650,16.624929,17.386019,53.117261,72.237989,77.209302,,
itransformer,ETTh2,720,1,retrain,9,326.514725,17.424585,18.069718,49.942219,65.760722,78.029079,,
itransformer,ETTm1,192,2,retrain,0,32.528158,4.738576,5.703346,15.643890,16.162694,49.723757,,
itransformer,ETTm1,192,2,retrain,1,23.606199,4.611111,4.858621,12.117725,12.840898,50.000000,,
itransformer,ETTm1,192,2,retrain,2,23.425382,4.374782,4.839977,10.972812,11.440632,47.368421,,
itransformer,ETTm1,192,2,retrain,3,4.929529,1.770865,2.220254,5.123299,5.183528,45.762712,,
itransformer,ETTm1,192,2,retrain,4,2.393070,1.232446,1.546955,3.798528,3.764877,57.954545,,
itransformer,ETTm1,192,2,retrain,5,19.115105,3.908537,4.372082,13.699520,12.931618,50.595238,,
itransformer,ETTm1,192,2,retrain,6,40.516885,6.150334,6.365287,23.665744,21.342732,61.363636,,
itransformer,ETTm1,192,2,retrain,7,58.732112,7.447889,7.663688,32.353544,28.452256,56.470588,,
itransformer,ETTm1,192,2,retrain,8,102.701136,9.588368,10.134157,52.622636,42.720574,48.850575,,
itransformer,ETTm1,192,2,retrain,9,3.707371,1.713593,1.925453,7.535342,7.509470,56.140351,,
itransformer,ETTh2,720,2,retrain,0,40.830645,5.022391,6.389886,12.061726,12.205613,79.785605,,
itransformer,ETTh2,720,2,retrain,1,120.281837,9.833135,10.967308,30.569276,27.530155,66.666667,,
itransformer,ETTh2,720,2,retrain,2,63.398138,6.982594,7.962295,29.333299,27.004600,72.920354,,
itransformer,ETTh2,720,2,retrain,3,57.068881,5.988815,7.554395,31.909701,31.777315,61.306533,,
itransformer,ETTh2,720,2,retrain,4,137.128687,11.052487,11.710196,75.141089,56.844664,77.137546,,
itransformer,ETTh2,720,2,retrain,5,42.714676,5.883673,6.535647,48.548717,42.652517,75.638842,,
itransformer,ETTh2,720,2,retrain,6,51.097847,5.955748,7.148276,33.020864,35.823904,79.694656,,
itransformer,ETTh2,720,2,retrain,7,45.987077,5.486883,6.781377,26.670169,27.496600,63.715278,,
itransformer,ETTh2,720,2,retrain,8,238.805223,14.259108,15.453324,45.558376,56.933772,55.968992,,
itransformer,ETTh2,720,2,retrain,9,303.663662,16.765087,17.425948,48.051970,62.552136,82.229402,,
itransformer,ETTm1,96,0,retrain,0,53.609603,6.110383,7.321858,22.443954,21.216124,52.222222,,
itransformer,ETTm1,96,0,retrain,1,25.183404,4.736286,5.018307,12.290721,13.027900,45.977011,,
itransformer,ETTm1,96,0,retrain,2,23.652652,4.835603,4.863399,12.641876,13.505866,66.666667,,
itransformer,ETTm1,96,0,retrain,3,9.491590,2.827252,3.080842,8.221459,7.978484,54.444444,,
itransformer,ETTm1,96,0,retrain,4,2.071677,1.144208,1.439332,3.533118,3.508861,51.807229,,
itransformer,ETTm1,96,0,retrain,5,19.443450,4.287511,4.409473,14.580523,13.721663,54.320988,,
itransformer,ETTm1,96,0,retrain,6,66.881612,8.151193,8.178118,32.381783,27.855318,40.000000,,
itransformer,ETTm1,96,0,retrain,7,80.972080,8.874519,8.998449,36.317320,31.016978,46.341463,,
itransformer,ETTm1,96,0,retrain,8,150.726889,12.066632,12.277088,74.198551,55.272112,54.022989,,
itransformer,ETTm1,96,0,retrain,9,41.366839,6.098953,6.431706,26.173047,23.446676,46.511628,,
itransformer,ETTm1,96,2,retrain,0,49.057949,5.851303,7.004138,21.492331,20.482397,56.666667,,
itransformer,ETTm1,96,2,retrain,1,29.199158,4.936954,5.403625,12.811457,13.691386,39.080460,,
itransformer,ETTm1,96,2,retrain,2,7.289624,2.593102,2.699930,6.779232,7.039319,66.666667,,
itransformer,ETTm1,96,2,retrain,3,5.340999,1.820716,2.311060,5.294521,5.344765,51.111111,,
itransformer,ETTm1,96,2,retrain,4,1.830352,1.088551,1.352905,3.361258,3.339736,59.036145,,
itransformer,ETTm1,96,2,retrain,5,18.734800,4.205001,4.328372,14.299933,13.471349,54.320988,,
itransformer,ETTm1,96,2,retrain,6,112.753810,10.590286,10.618560,42.071429,34.742929,46.666667,,
itransformer,ETTm1,96,2,retrain,7,91.011426,9.450723,9.539991,38.675325,32.648027,52.439024,,
itransformer,ETTm1,96,2,retrain,8,153.637709,12.066358,12.395068,74.196867,55.205168,50.574713,,
itransformer,ETTm1,96,2,retrain,9,9.583378,2.658557,3.095703,11.408934,11.070311,48.837209,,
itransformer,ETTm1,192,0,retrain,0,46.347577,5.511477,6.807905,18.195539,18.531961,51.381215,,
itransformer,ETTm1,192,0,retrain,1,21.210886,4.347489,4.605528,11.424942,12.053407,49.444444,,
itransformer,ETTm1,192,0,retrain,2,65.226487,7.712203,8.076292,19.343719,21.207754,44.210526,,
itransformer,ETTm1,192,0,retrain,3,10.816127,3.000512,3.288788,8.680798,9.003579,49.152542,,
itransformer,ETTm1,192,0,retrain,4,2.849686,1.457532,1.688101,4.492269,4.458510,50.568182,,
itransformer,ETTm1,192,0,retrain,5,12.325018,3.036171,3.510701,10.641854,10.186576,64.285714,,
itransformer,ETTm1,192,0,retrain,6,36.557478,5.749138,6.046278,22.121991,20.067258,56.818182,,
itransformer,ETTm1,192,0,retrain,7,60.719590,7.590968,7.792278,32.975077,28.905132,60.588235,,
itransformer,ETTm1,192,0,retrain,8,85.012589,8.583479,9.220227,47.107632,39.199427,50.574713,,
itransformer,ETTm1,192,0,retrain,9,14.963365,3.671754,3.868251,16.146151,15.286684,56.725146,,
itransformer,ETTm1,192,1,retrain,0,29.746826,4.249104,5.454065,14.027952,14.401556,45.303867,,
itransformer,ETTm1,192,1,retrain,1,32.868837,5.527455,5.733135,14.525822,15.614516,55.000000,,
itransformer,ETTm1,192,1,retrain,2,80.501684,8.626800,8.972273,21.637708,24.071301,53.684211,,
itransformer,ETTm1,192,1,retrain,3,4.055534,1.607221,2.013836,4.649860,4.689272,45.762712,,
itransformer,ETTm1,192,1,retrain,4,3.380196,1.630238,1.838531,5.024566,4.984379,63.636364,,
itransformer,ETTm1,192,1,retrain,5,12.190934,2.878526,3.491552,10.089304,9.618465,57.142857,,
itransformer,ETTm1,192,1,retrain,6,27.043987,4.850723,5.200383,18.665000,17.245328,48.863636,,
itransformer,ETTm1,192,1,retrain,7,83.296282,8.980428,9.126680,39.010878,33.215488,56.470588,,
itransformer,ETTm1,192,1,retrain,8,93.055987,9.022820,9.646553,49.518813,40.735311,58.045977,,
itransformer,ETTm1,192,1,retrain,9,2.864047,1.535394,1.692350,6.751735,6.742295,57.309942,,
itransformer,ETTm1,336,2,retrain,0,53.034761,6.230346,7.282497,19.130422,19.631692,46.815287,,
itransformer,ETTm1,336,2,retrain,1,26.556276,4.874172,5.153278,13.168364,14.048917,43.848580,,
itransformer,ETTm1,336,2,retrain,2,46.262503,6.019244,6.801654,14.946060,16.025355,44.588745,,
itransformer,ETTm1,336,2,retrain,3,9.042564,2.321263,3.007086,6.639895,6.730556,53.333333,,
itransformer,ETTm1,336,2,retrain,4,9.500569,2.391636,3.082299,7.410461,7.453937,47.176080,,
itransformer,ETTm1,336,2,retrain,5,4.550614,1.832419,2.133217,6.427330,6.355369,50.491803,,
itransformer,ETTm1,336,2,retrain,6,31.462716,5.146642,5.609164,19.845074,18.271925,46.976744,,
itransformer,ETTm1,336,2,retrain,7,87.203005,8.482982,9.338255,36.140844,31.168155,49.013158,,
itransformer,ETTm1,336,2,retrain,8,43.550549,5.333193,6.599284,25.489598,24.294152,46.666667,,
itransformer,ETTm1,336,2,retrain,9,18.200372,3.588097,4.266189,15.900836,15.084885,41.806020,,
itransformer,ETTm1,336,0,retrain,0,30.503416,4.580994,5.522990,14.066048,14.616374,42.675159,,
itransformer,ETTm1,336,0,retrain,1,19.503204,4.051365,4.416243,10.945418,11.462054,53.312303,,
itransformer,ETTm1,336,0,retrain,2,35.993223,5.101597,5.999435,12.667501,13.411081,57.575758,,
itransformer,ETTm1,336,0,retrain,3,5.669085,1.709652,2.380984,4.890405,4.877367,50.476190,,
itransformer,ETTm1,336,0,retrain,4,6.659831,2.006717,2.580665,6.217795,6.163534,48.837209,,
itransformer,ETTm1,336,0,retrain,5,9.514828,2.528324,3.084611,8.868264,8.578033,48.524590,,
itransformer,ETTm1,336,0,retrain,6,51.461055,6.786234,7.173636,26.167222,23.345154,57.209302,,
itransformer,ETTm1,336,0,retrain,7,52.033072,6.341918,7.213395,27.019068,24.482498,39.473684,,
itransformer,ETTm1,336,0,retrain,8,32.776283,4.658855,5.725057,22.266650,21.720018,41.000000,,
itransformer,ETTm1,336,0,retrain,9,16.573701,3.374234,4.071081,14.953089,14.263020,43.812709,,
itransformer,ETTm1,336,1,retrain,0,34.511361,4.896251,5.874637,15.034053,15.565371,50.636943,,
itransformer,ETTm1,336,1,retrain,1,26.629805,4.875003,5.160407,13.170609,14.057372,52.365931,,
itransformer,ETTm1,336,1,retrain,2,36.373258,5.107199,6.031025,12.681411,13.432161,47.186147,,
itransformer,ETTm1,336,1,retrain,3,4.935955,1.903249,2.221701,5.444182,5.376427,51.428571,,
itransformer,ETTm1,336,1,retrain,4,16.539776,3.588980,4.066912,11.120422,10.691898,51.495017,,
itransformer,ETTm1,336,1,retrain,5,9.049819,2.516998,3.008292,8.828535,8.560005,49.836066,,
itransformer,ETTm1,336,1,retrain,6,46.632026,6.217987,6.828765,23.976103,21.539558,44.186047,,
itransformer,ETTm1,336,1,retrain,7,51.208978,6.322191,7.156045,26.935022,24.394461,47.697368,,
itransformer,ETTm1,336,1,retrain,8,42.764516,5.241036,6.539458,25.049140,23.974833,49.000000,,
itransformer,ETTm1,336,1,retrain,9,51.993585,6.813368,7.210658,30.193787,26.553960,46.488294,,
itransformer,ETTm1,720,1,retrain,0,23.646163,4.021676,4.862732,12.146486,12.654577,51.940299,,
itransformer,ETTm1,720,1,retrain,1,23.872624,3.822453,4.885962,10.330605,10.550718,49.705015,,
itransformer,ETTm1,720,1,retrain,2,36.797617,5.189301,6.066104,13.267704,13.947829,47.440273,,
itransformer,ETTm1,720,1,retrain,3,4.087905,1.572444,2.021857,4.633199,4.623325,53.244838,,
itransformer,ETTm1,720,1,retrain,4,17.224392,3.430995,4.150228,10.763473,10.254479,51.004637,,
itransformer,ETTm1,720,1,retrain,5,22.810089,4.156522,4.775991,13.707010,13.329893,47.976012,,
itransformer,ETTm1,720,1,retrain,6,41.158403,5.734200,6.415481,21.966190,20.109266,50.535714,,
itransformer,ETTm1,720,1,retrain,7,112.857653,10.013596,10.623448,39.926983,33.754419,49.457364,,
itransformer,ETTm1,720,1,retrain,8,22.280924,3.739099,4.720267,16.790126,16.634719,38.235294,,
itransformer,ETTm1,720,1,retrain,9,12.526780,2.999339,3.539319,12.921465,12.569013,38.317757,,
itransformer,ETTm1,720,0,retrain,0,27.569166,4.472898,5.250635,13.509294,14.154512,47.761194,,
itransformer,ETTm1,720,0,retrain,1,32.456368,4.494824,5.697049,12.147760,12.616347,49.852507,,
itransformer,ETTm1,720,0,retrain,2,34.080346,5.010069,5.837837,12.809454,13.418699,50.853242,,
itransformer,ETTm1,720,0,retrain,3,4.360377,1.619322,2.088152,4.771325,4.756913,51.474926,,
itransformer,ETTm1,720,0,retrain,4,33.784522,5.093510,5.812445,15.978997,14.801642,44.513138,,
itransformer,ETTm1,720,0,retrain,5,19.908658,3.880831,4.461912,12.797863,12.492755,47.976012,,
itransformer,ETTm1,720,0,retrain,6,38.353829,5.459021,6.193047,20.912053,19.225284,50.357143,,
itransformer,ETTm1,720,0,retrain,7,141.533233,11.412668,11.896774,45.505471,37.554531,51.472868,,
itransformer,ETTm1,720,0,retrain,8,45.960238,5.670377,6.779398,25.462372,23.602392,39.473684,,
itransformer,ETTm1,720,0,retrain,9,130.509370,10.918410,11.424070,47.037653,38.262519,38.473520,,
itransformer,ETTm1,720,2,retrain,0,26.757663,4.398213,5.172781,13.283724,13.904019,50.746269,,
itransformer,ETTm1,720,2,retrain,1,22.360180,3.766390,4.728655,10.179088,10.397007,51.179941,,
itransformer,ETTm1,720,2,retrain,2,23.838639,4.155254,4.882483,10.623913,10.921063,50.341297,,
itransformer,ETTm1,720,2,retrain,3,6.222735,2.103916,2.494541,6.199181,6.140401,49.410029,,
itransformer,ETTm1,720,2,retrain,4,20.042459,3.886658,4.476880,12.192946,11.599456,49.613601,,
itransformer,ETTm1,720,2,retrain,5,17.946451,3.515638,4.236325,11.593560,11.333223,45.427286,,
itransformer,ETTm1,720,2,retrain,6,40.347041,5.650701,6.351932,21.646326,19.825552,45.714286,,
itransformer,ETTm1,720,2,retrain,7,100.965369,9.443711,10.048153,37.654692,32.176648,49.612403,,
itransformer,ETTm1,720,2,retrain,8,22.748008,3.760584,4.769487,16.886599,16.719964,39.783282,,
itransformer,ETTm1,720,2,retrain,9,72.867727,7.651601,8.536260,32.963897,28.418163,37.383178,,
itransformer,ETTm2,96,0,retrain,0,25.569664,4.509849,5.056646,12.342894,12.005775,58.695652,,
itransformer,ETTm2,96,0,retrain,1,24.682314,4.350038,4.968130,9.151506,9.239125,55.844156,,
itransformer,ETTm2,96,0,retrain,2,14.170096,2.894482,3.764319,6.113297,5.817948,100.000000,,
itransformer,ETTm2,96,0,retrain,3,2.649379,1.235316,1.627691,2.786156,2.707277,65.517241,,
itransformer,ETTm2,96,0,retrain,4,3.146266,1.426625,1.773772,3.033483,2.922744,69.736842,,
itransformer,ETTm2,96,0,retrain,5,3.136449,1.485796,1.771002,3.262836,3.195259,71.212121,,
itransformer,ETTm2,96,0,retrain,6,18.135365,3.475759,4.258564,10.275067,9.639011,62.500000,,
itransformer,ETTm2,96,0,retrain,7,45.785373,5.275777,6.766489,14.868803,15.062748,59.322034,,
itransformer,ETTm2,96,0,retrain,8,191.205765,13.493066,13.827717,52.255835,41.233671,46.666667,,
itransformer,ETTm2,96,0,retrain,9,7.530938,2.521392,2.744255,7.205540,7.161529,60.606061,,
itransformer,ETTm2,336,0,retrain,0,24.628601,4.255499,4.962721,11.135361,10.979751,47.619048,,
itransformer,ETTm2,336,0,retrain,1,141.918438,11.365552,11.912953,24.523613,27.632002,54.201681,,
itransformer,ETTm2,336,0,retrain,2,24.310924,4.117784,4.930611,8.416490,8.316324,50.828729,,
itransformer,ETTm2,336,0,retrain,3,56.706245,5.930118,7.530355,13.629928,13.008485,40.540541,,
itransformer,ETTm2,336,0,retrain,4,71.023163,6.974681,8.427524,14.976819,15.417337,36.326531,,
itransformer,ETTm2,336,0,retrain,5,103.574088,9.416898,10.177136,21.918465,24.288565,44.559585,,
itransformer,ETTm2,336,0,retrain,6,148.390405,10.644040,12.181560,29.267971,26.224145,30.319149,,
itransformer,ETTm2,336,0,retrain,7,66.298542,6.949036,8.142392,20.039613,19.221318,42.051282,,
itransformer,ETTm2,336,0,retrain,8,112.150263,9.302241,10.590102,29.307358,26.660660,44.375000,,
itransformer,ETTm2,336,0,retrain,9,36.835273,5.461046,6.069207,16.611931,16.226101,40.723982,,
itransformer,ETTm2,336,1,retrain,0,22.907599,4.155949,4.786188,10.874869,10.747273,49.404762,,
itransformer,ETTm2,336,1,retrain,1,132.094377,11.065590,11.493232,23.876381,26.847665,52.100840,,
itransformer,ETTm2,336,1,retrain,2,49.622832,6.033350,7.044348,12.331785,12.012352,37.569061,,
itransformer,ETTm2,336,1,retrain,3,65.782682,6.681966,8.110652,15.357994,14.608837,28.378378,,
itransformer,ETTm2,336,1,retrain,4,53.912480,6.314775,7.342512,13.559796,13.695001,34.693878,,
itransformer,ETTm2,336,1,retrain,5,92.613480,8.804536,9.623590,20.493152,22.559677,44.559585,,
itransformer,ETTm2,336,1,retrain,6,134.694264,10.192620,11.605786,28.026698,25.360460,22.340426,,
itransformer,ETTm2,336,1,retrain,7,104.408150,8.700205,10.218031,25.089630,23.155018,31.282051,,
itransformer,ETTm2,336,1,retrain,8,89.165788,8.236025,9.442764,25.948170,24.211862,45.625000,,
itransformer,ETTm2,336,1,retrain,9,26.039524,4.318839,5.102894,13.137456,12.877199,51.583710,,
itransformer,ETTm2,192,1,retrain,0,21.040348,4.136494,4.586976,11.257594,11.027923,49.504950,,
itransformer,ETTm2,192,1,retrain,1,101.589228,9.512983,10.079148,20.117807,21.989524,54.482759,,
itransformer,ETTm2,192,1,retrain,2,16.550269,3.205698,4.068202,6.665904,6.432500,72.857143,,
itransformer,ETTm2,192,1,retrain,3,9.301855,2.651121,3.049894,5.996886,6.229602,60.465116,,
itransformer,ETTm2,192,1,retrain,4,5.562165,1.854687,2.358424,3.958232,3.840836,72.185430,,
itransformer,ETTm2,192,1,retrain,5,13.850028,3.321572,3.721563,7.412531,7.141647,67.968750,,
itransformer,ETTm2,192,1,retrain,6,25.911952,4.274071,5.090378,11.993520,11.488929,72.602740,,
itransformer,ETTm2,192,1,retrain,7,35.780138,5.212870,5.981650,15.487243,15.029301,60.683761,,
itransformer,ETTm2,192,1,retrain,8,122.981877,10.440047,11.089719,37.756417,31.823235,56.896552,,
itransformer,ETTm2,192,1,retrain,9,8.103856,2.394915,2.846727,7.034833,7.147392,65.891473,,
itransformer,ETTm2,96,1,retrain,0,26.011281,4.603577,5.100126,12.599415,12.267958,67.391304,,
itransformer,ETTm2,96,1,retrain,1,66.827134,7.030495,8.174786,14.790587,15.405001,49.350649,,
itransformer,ETTm2,96,1,retrain,2,23.482098,4.394884,4.845833,9.282224,9.125235,100.000000,,
itransformer,ETTm2,96,1,retrain,3,5.645977,2.096169,2.376126,4.727742,4.874304,55.172414,,
itransformer,ETTm2,96,1,retrain,4,3.926652,1.487810,1.981578,3.163582,3.068582,59.210526,,
itransformer,ETTm2,96,1,retrain,5,3.778994,1.546647,1.943963,3.396468,3.288333,84.848485,,
itransformer,ETTm2,96,1,retrain,6,31.210089,4.695557,5.586599,13.881046,12.741712,75.000000,,
itransformer,ETTm2,96,1,retrain,7,37.392905,4.448972,6.114974,12.538607,12.525698,54.237288,,
itransformer,ETTm2,96,1,retrain,8,125.361572,10.446345,11.196498,40.456517,33.206428,53.333333,,
itransformer,ETTm2,96,1,retrain,9,0.987271,0.764859,0.993615,2.185786,2.089875,80.303030,,
itransformer,ETTm2,96,2,retrain,0,24.403163,4.436158,4.939956,12.141210,11.816743,56.521739,,
itransformer,ETTm2,96,2,retrain,1,47.945472,6.008457,6.924267,12.640449,13.020800,53.246753,,
itransformer,ETTm2,96,2,retrain,2,21.590703,3.986408,4.646580,8.419503,8.101027,50.000000,,
itransformer,ETTm2,96,2,retrain,3,1.575019,1.003890,1.254997,2.264195,2.214762,62.068966,,
itransformer,ETTm2,96,2,retrain,4,1.245068,0.898963,1.115826,1.911497,1.937997,84.210526,,
itransformer,ETTm2,96,2,retrain,5,5.617283,1.897751,2.370081,4.167497,4.064914,71.212121,,
itransformer,ETTm2,96,2,retrain,6,50.538011,5.989773,7.109009,17.707018,15.887773,62.500000,,
itransformer,ETTm2,96,2,retrain,7,64.393138,5.839564,8.024533,16.457734,16.868380,40.677966,,
itransformer,ETTm2,96,2,retrain,8,174.069777,12.740853,13.193551,49.342669,39.311687,46.666667,,
itransformer,ETTm2,96,2,retrain,9,3.940646,1.776574,1.985106,5.077025,5.129680,59.090909,,
itransformer,ETTm2,192,0,retrain,0,23.815213,4.218703,4.880083,11.481327,11.217727,51.485149,,
itransformer,ETTm2,192,0,retrain,1,105.300612,9.408825,10.261609,19.897537,21.721396,53.103448,,
itransformer,ETTm2,192,0,retrain,2,22.806728,3.505574,4.775639,7.289465,6.856658,62.857143,,
itransformer,ETTm2,192,0,retrain,3,5.129163,2.024151,2.264766,4.578668,4.635524,60.465116,,
itransformer,ETTm2,192,0,retrain,4,9.595062,2.232311,3.097590,4.764149,4.673639,58.940397,,
itransformer,ETTm2,192,0,retrain,5,19.660353,4.043189,4.434000,9.022915,8.622670,71.875000,,
itransformer,ETTm2,192,0,retrain,6,35.545383,5.260314,5.961995,14.761029,14.024771,69.863014,,
itransformer,ETTm2,192,0,retrain,7,92.092784,8.248047,9.596499,24.504642,22.503852,52.991453,,
itransformer,ETTm2,192,0,retrain,8,101.296898,9.202671,10.064636,33.281449,28.518114,51.724138,,
itransformer,ETTm2,192,0,retrain,9,12.035290,3.132598,3.469191,9.201707,9.208260,60.465116,,
itransformer,ETTm2,192,2,retrain,0,26.173294,4.464676,5.115984,12.150750,11.822516,51.485149,,
itransformer,ETTm2,192,2,retrain,1,80.856502,8.330161,8.992024,17.616405,19.047409,62.068966,,
itransformer,ETTm2,192,2,retrain,2,21.416499,3.382322,4.627796,7.033176,6.656230,64.285714,,
itransformer,ETTm2,192,2,retrain,3,18.025803,3.692290,4.245681,8.352029,8.717874,56.589147,,
itransformer,ETTm2,192,2,retrain,4,13.571844,2.771631,3.683998,5.915153,5.900835,60.264901,,
itransformer,ETTm2,192,2,retrain,5,17.304562,3.692223,4.159875,8.239688,7.848927,85.937500,,
itransformer,ETTm2,192,2,retrain,6,20.472933,3.772621,4.524703,10.586397,10.234229,61.643836,,
itransformer,ETTm2,192,2,retrain,7,77.925787,8.433896,8.827558,25.056791,23.008509,70.085470,,
itransformer,ETTm2,192,2,retrain,8,101.275421,8.728504,10.063569,31.566626,26.933626,60.344828,,
itransformer,ETTm2,192,2,retrain,9,10.623277,2.964949,3.259337,8.709254,8.739144,56.589147,,
itransformer,ETTm2,720,2,retrain,0,47.410868,5.751969,6.885555,14.814978,15.569699,52.307692,,
itransformer,ETTm2,720,2,retrain,1,79.970459,6.772229,8.942620,14.845725,15.406193,44.715447,,
itransformer,ETTm2,720,2,retrain,2,61.007177,6.144753,7.810709,12.841026,13.270674,37.188209,,
itransformer,ETTm2,720,2,retrain,3,76.682825,7.415807,8.756873,17.337304,16.303337,33.774834,,
itransformer,ETTm2,720,2,retrain,4,62.538667,6.544799,7.908139,14.296006,14.693971,32.220039,,
itransformer,ETTm2,720,2,retrain,5,45.301947,5.459636,6.730672,12.306876,12.370426,32.510288,,
itransformer,ETTm2,720,2,retrain,6,125.564621,9.571422,11.205562,25.565439,23.466333,30.921053,,
itransformer,ETTm2,720,2,retrain,7,69.615844,6.939156,8.343611,18.762167,18.059263,47.404063,,
itransformer,ETTm2,720,2,retrain,8,129.137706,9.843385,11.363877,29.579088,26.686570,38.205128,,
itransformer,ETTm2,720,2,retrain,9,45.108266,5.540081,6.716269,16.177357,15.748929,51.821862,,
itransformer,ETTm2,336,2,retrain,0,21.463002,3.954094,4.632818,10.346675,10.247536,50.000000,,
itransformer,ETTm2,336,2,retrain,1,136.590953,11.230950,11.687213,24.233180,27.339675,51.260504,,
itransformer,ETTm2,336,2,retrain,2,44.112665,5.706851,6.641737,11.664443,11.473557,27.071823,,
itransformer,ETTm2,336,2,retrain,3,66.129839,6.433308,8.132026,14.786473,13.989595,27.477477,,
itransformer,ETTm2,336,2,retrain,4,65.225697,7.162800,8.076243,15.380769,15.080380,38.367347,,
itransformer,ETTm2,336,2,retrain,5,89.692752,8.713364,9.470626,20.280944,22.302719,46.113990,,
itransformer,ETTm2,336,2,retrain,6,136.860412,10.327292,11.698735,28.397007,25.648556,30.851064,,
itransformer,ETTm2,336,2,retrain,7,62.975402,6.766667,7.935704,19.513698,18.790144,47.692308,,
itransformer,ETTm2,336,2,retrain,8,140.097465,10.430720,11.836278,32.862709,29.323299,31.875000,,
itransformer,ETTm2,336,2,retrain,9,30.097392,4.861351,5.486109,14.787724,14.483646,47.963801,,
itransformer,ETTm2,720,0,retrain,0,49.831690,5.922691,7.059156,15.254695,16.103301,49.743590,,
itransformer,ETTm2,720,0,retrain,1,86.522084,6.998734,9.301725,15.342256,16.050186,42.886179,,
itransformer,ETTm2,720,0,retrain,2,82.374868,7.068111,9.076060,14.770618,15.612522,35.600907,,
itransformer,ETTm2,720,0,retrain,3,81.735885,7.401401,9.040790,17.303625,16.193984,25.607064,,
itransformer,ETTm2,720,0,retrain,4,81.283058,7.226969,9.015712,15.786090,16.596945,39.489194,,
itransformer,ETTm2,720,0,retrain,5,46.764369,5.665070,6.838448,12.769958,12.786756,31.687243,,
itransformer,ETTm2,720,0,retrain,6,125.919209,9.580868,11.221373,25.590671,23.500665,28.289474,,
itransformer,ETTm2,720,0,retrain,7,68.459020,6.829699,8.273997,18.466216,17.771868,49.661400,,
itransformer,ETTm2,720,0,retrain,8,121.948305,9.533815,11.043021,28.648839,25.963962,38.461538,,
itransformer,ETTm2,720,0,retrain,9,77.419756,7.171217,8.798850,20.940369,19.759537,36.234818,,
itransformer,ETTm2,720,1,retrain,0,51.735908,6.066983,7.192768,15.626339,16.484343,50.256410,,
itransformer,ETTm2,720,1,retrain,1,85.234837,6.891931,9.232271,15.108129,15.781845,42.886179,,
itransformer,ETTm2,720,1,retrain,2,85.171394,7.220473,9.228835,15.089017,15.987017,36.507937,,
itransformer,ETTm2,720,1,retrain,3,58.608781,6.501352,7.655637,15.199413,14.468562,42.825607,,
itransformer,ETTm2,720,1,retrain,4,52.084106,6.186148,7.216932,13.512594,13.788216,39.489194,,
itransformer,ETTm2,720,1,retrain,5,43.875062,5.608435,6.623825,12.642294,12.564986,33.744856,,
itransformer,ETTm2,720,1,retrain,6,136.220635,9.789848,11.671360,26.148859,23.806656,26.973684,,
itransformer,ETTm2,720,1,retrain,7,54.711880,6.279739,7.396748,16.979229,16.657080,45.823928,,
itransformer,ETTm2,720,1,retrain,8,109.916109,9.072110,10.484088,27.261427,24.915986,36.666667,,
itransformer,ETTm2,720,1,retrain,9,92.236973,7.773348,9.604008,22.698626,21.095316,36.437247,,
itransformer,Weather,96,0,retrain,0,12.772550,2.732339,3.573870,0.649086,0.647150,51.351351,,
itransformer,Weather,96,0,retrain,1,36.958233,5.066319,6.079328,1.183492,1.180160,58.426966,,
itransformer,Weather,96,0,retrain,2,247.748080,13.450966,15.740015,3.034759,3.065897,60.439560,,
itransformer,Weather,96,0,retrain,3,581.428612,21.271589,24.112831,4.592188,4.682160,47.368421,,
itransformer,Weather,96,0,retrain,4,42.478793,5.434970,6.517576,1.297461,1.290221,54.166667,,
itransformer,Weather,96,0,retrain,5,94.817932,8.731283,9.737450,2.024949,2.031971,53.333333,,
itransformer,Weather,96,0,retrain,6,16.119947,3.679674,4.014965,0.877199,0.872762,66.197183,,
itransformer,Weather,96,0,retrain,7,21.423221,4.159509,4.628523,0.985926,0.987248,51.282051,,
itransformer,Weather,96,0,retrain,8,15.864631,3.474858,3.983043,0.826650,0.823809,45.714286,,
itransformer,Weather,96,0,retrain,9,19.075934,3.880759,4.367600,0.917788,0.921639,49.382716,,
itransformer,Weather,192,0,retrain,0,36.461882,5.338440,6.038367,1.263100,1.257173,46.540881,,
itransformer,Weather,192,0,retrain,1,25.065896,3.833080,5.006585,0.898705,0.897261,48.618785,,
itransformer,Weather,192,0,retrain,2,162.739077,10.475279,12.756923,2.412145,2.411488,49.189189,,
itransformer,Weather,192,0,retrain,3,505.106544,19.850434,22.474576,4.358322,4.414501,45.161290,,
itransformer,Weather,192,0,retrain,4,389.166026,18.882053,19.727291,4.503311,4.397385,53.061224,,
itransformer,Weather,192,0,retrain,5,77.774847,6.914946,8.819005,1.623213,1.618527,52.348993,,
itransformer,Weather,192,0,retrain,6,8.358047,2.533903,2.891029,0.604399,0.603207,47.916667,,
itransformer,Weather,192,0,retrain,7,32.004671,4.228796,5.657267,0.999365,0.997747,52.071006,,
itransformer,Weather,192,0,retrain,8,6.763757,1.955094,2.600722,0.465054,0.464014,54.482759,,
itransformer,Weather,192,0,retrain,9,8.812360,2.293418,2.968562,0.543267,0.543713,45.882353,,
itransformer,Weather,96,1,retrain,0,10.631835,2.648238,3.260650,0.629107,0.627783,45.945946,,
itransformer,Weather,96,1,retrain,1,27.748504,4.178223,5.267685,0.976033,0.973869,44.943820,,
itransformer,Weather,96,1,retrain,2,255.030559,13.911997,15.969676,3.138775,3.173005,51.648352,,
itransformer,Weather,96,1,retrain,3,242.753163,13.118967,15.580538,2.832170,2.854383,53.684211,,
itransformer,Weather,96,1,retrain,4,46.412927,6.561470,6.812703,1.566384,1.555393,50.000000,,
itransformer,Weather,96,1,retrain,5,144.516443,10.343782,12.021499,2.398917,2.412980,55.555556,,
itransformer,Weather,96,1,retrain,6,9.446681,2.560701,3.073545,0.610446,0.608095,45.070423,,
itransformer,Weather,96,1,retrain,7,16.005610,3.241966,4.000701,0.768441,0.769398,48.717949,,
itransformer,Weather,96,1,retrain,8,6.027990,2.032088,2.455197,0.483423,0.483118,52.857143,,
itransformer,Weather,96,1,retrain,9,9.459136,2.603352,3.075571,0.615685,0.617787,48.148148,,
itransformer,Weather,336,0,retrain,0,98.594020,8.876181,9.929452,2.066345,2.059938,48.979592,,
itransformer,Weather,336,0,retrain,1,29.552009,4.394058,5.436176,1.029697,1.027451,49.050633,,
itransformer,Weather,336,0,retrain,2,122.370678,8.626930,11.062128,2.005352,1.998681,55.921053,,
itransformer,Weather,336,0,retrain,3,499.622691,17.369550,22.352241,3.873663,3.908353,47.678019,,
itransformer,Weather,336,0,retrain,4,75.573706,8.426111,8.693314,2.008484,1.989497,52.651515,,
itransformer,Weather,336,0,retrain,5,56.800940,6.417020,7.536640,1.514525,1.503703,49.253731,,
itransformer,Weather,336,0,retrain,6,101.836264,9.480606,10.091396,2.250602,2.231231,56.390977,,
itransformer,Weather,336,0,retrain,7,42.685373,5.359878,6.533404,1.263175,1.265253,53.924915,,
itransformer,Weather,336,0,retrain,8,39.364742,4.979628,6.274133,1.175400,1.170727,46.724891,,
itransformer,Weather,336,0,retrain,9,7.333773,2.253500,2.708094,0.535490,0.535373,50.347222,,
itransformer,Weather,96,2,retrain,0,102.910910,9.252093,10.144501,2.197897,2.171485,54.054054,,
itransformer,Weather,96,2,retrain,1,33.176676,4.819924,5.759920,1.125934,1.123357,49.438202,,
itransformer,Weather,96,2,retrain,2,249.927607,13.709495,15.809099,3.093087,3.125943,53.846154,,
itransformer,Weather,96,2,retrain,3,695.327849,23.779816,26.369070,5.133673,5.250119,51.578947,,
itransformer,Weather,96,2,retrain,4,62.091986,7.105313,7.879847,1.696213,1.682867,51.388889,,
itransformer,Weather,96,2,retrain,5,68.785394,7.359635,8.293696,1.706838,1.709802,51.111111,,
itransformer,Weather,96,2,retrain,6,12.486246,3.165478,3.533588,0.754619,0.751124,60.563380,,
itransformer,Weather,96,2,retrain,7,32.982142,4.947626,5.743008,1.172733,1.176391,53.846154,,
itransformer,Weather,96,2,retrain,8,13.559906,3.188836,3.682378,0.758607,0.755977,54.285714,,
itransformer,Weather,96,2,retrain,9,7.836575,2.516372,2.799388,0.595114,0.595995,43.209877,,
itransformer,Weather,192,1,retrain,0,40.790581,5.636387,6.386750,1.333596,1.326786,54.716981,,
itransformer,Weather,192,1,retrain,1,54.196751,6.478588,7.361844,1.518972,1.511455,45.856354,,
itransformer,Weather,192,1,retrain,2,155.551047,10.297710,12.472011,2.371256,2.369997,48.648649,,
itransformer,Weather,192,1,retrain,3,517.133343,20.161682,22.740566,4.426660,4.486944,54.301075,,
itransformer,Weather,192,1,retrain,4,166.127237,12.236182,12.889036,2.918291,2.875015,52.380952,,
itransformer,Weather,192,1,retrain,5,87.009101,6.161327,9.327867,1.446308,1.440815,45.637584,,
itransformer,Weather,192,1,retrain,6,11.132075,2.924761,3.336476,0.697629,0.695151,45.138889,,
itransformer,Weather,192,1,retrain,7,31.881038,4.321041,5.646330,1.021164,1.019728,55.029586,,
itransformer,Weather,192,1,retrain,8,3.464761,1.498166,1.861387,0.356366,0.356154,46.896552,,
itransformer,Weather,192,1,retrain,9,7.868880,2.256758,2.805152,0.534583,0.534772,39.411765,,
itransformer,Weather,192,2,retrain,0,43.573750,5.882216,6.601042,1.391760,1.384370,52.830189,,
itransformer,Weather,192,2,retrain,1,33.151356,4.733239,5.757721,1.109757,1.106875,47.513812,,
itransformer,Weather,192,2,retrain,2,161.952448,10.539772,12.726054,2.426996,2.426441,50.270270,,
itransformer,Weather,192,2,retrain,3,397.706616,17.813302,19.942583,3.911054,3.945495,44.623656,,
itransformer,Weather,192,2,retrain,4,432.298448,19.817154,20.791788,4.726329,4.611881,54.421769,,
itransformer,Weather,192,2,retrain,5,102.046027,7.124487,10.101783,1.672400,1.669356,45.637584,,
itransformer,Weather,192,2,retrain,6,16.237646,3.529785,4.029596,0.841942,0.838167,52.777778,,
itransformer,Weather,192,2,retrain,7,30.200962,4.275647,5.495540,1.010437,1.008962,52.071006,,
itransformer,Weather,192,2,retrain,8,13.347800,2.978315,3.653464,0.708446,0.705410,46.206897,,
itransformer,Weather,192,2,retrain,9,6.216282,2.071410,2.493247,0.490677,0.490618,44.117647,,
itransformer,Weather,336,1,retrain,0,81.635483,7.378671,9.035236,1.717730,1.711897,51.360544,,
itransformer,Weather,336,1,retrain,1,25.543235,4.011572,5.054032,0.940066,0.938571,48.417722,,
itransformer,Weather,336,1,retrain,2,132.505438,8.836492,11.511101,2.054065,2.047706,51.315789,,
itransformer,Weather,336,1,retrain,3,452.698137,17.283869,21.276704,3.854555,3.889381,48.606811,,
itransformer,Weather,336,1,retrain,4,108.836736,10.159462,10.432485,2.421653,2.393649,47.727273,,
itransformer,Weather,336,1,retrain,5,64.676812,7.159449,8.042190,1.689751,1.680100,50.746269,,
itransformer,Weather,336,1,retrain,6,58.494719,7.430247,7.648184,1.763867,1.753175,53.007519,,
itransformer,Weather,336,1,retrain,7,41.965248,5.245684,6.478059,1.236263,1.237045,49.829352,,
itransformer,Weather,336,1,retrain,8,40.610206,5.441902,6.372614,1.284516,1.279337,47.598253,,
itransformer,Weather,336,1,retrain,9,12.903465,2.879854,3.592139,0.684329,0.684746,51.041667,,
itransformer,Weather,720,0,retrain,0,86.859894,7.618535,9.319866,1.777871,1.774394,50.847458,,
itransformer,Weather,720,0,retrain,1,42.679924,4.746561,6.532987,1.106515,1.103127,50.000000,,
itransformer,Weather,720,0,retrain,2,131.080376,8.972504,11.449034,2.075659,2.067038,49.612403,,
itransformer,Weather,720,0,retrain,3,342.025139,14.856823,18.493922,3.338786,3.354493,50.285714,,
itransformer,Weather,720,0,retrain,4,158.715725,12.392364,12.598243,2.954588,2.911980,48.070175,,
itransformer,Weather,720,0,retrain,5,41.706422,5.801402,6.458051,1.367454,1.359496,48.900169,,
itransformer,Weather,720,0,retrain,6,31.727545,5.086978,5.632721,1.204418,1.199676,51.640760,,
itransformer,Weather,720,0,retrain,7,28.788608,4.313682,5.365502,1.020502,1.018140,52.689873,,
itransformer,Weather,720,0,retrain,8,31.988524,4.574785,5.655840,1.084389,1.079176,50.092421,,
itransformer,Weather,720,0,retrain,9,12.619621,2.971921,3.552411,0.705461,0.703705,51.337793,,
itransformer,Weather,336,2,retrain,0,88.537491,8.200417,9.409436,1.909029,1.903266,47.619048,,
itransformer,Weather,336,2,retrain,1,31.284012,4.528615,5.593211,1.061229,1.058701,52.531646,,
itransformer,Weather,336,2,retrain,2,125.088311,8.585283,11.184289,1.995671,1.988942,49.671053,,
itransformer,Weather,336,2,retrain,3,484.095723,16.718912,22.002175,3.728561,3.758532,45.510836,,
itransformer,Weather,336,2,retrain,4,209.321888,13.328049,14.467961,3.176931,3.122856,44.318182,,
itransformer,Weather,336,2,retrain,5,57.911664,7.066649,7.609971,1.667848,1.658666,48.507463,,
itransformer,Weather,336,2,retrain,6,64.455874,7.774152,8.028442,1.845507,1.833840,47.744361,,
itransformer,Weather,336,2,retrain,7,40.662779,5.209327,6.376737,1.227694,1.228898,50.170648,,
itransformer,Weather,336,2,retrain,8,39.287991,5.535847,6.268013,1.306691,1.301407,51.091703,,
itransformer,Weather,336,2,retrain,9,8.570984,2.478834,2.927624,0.589036,0.588737,50.000000,,
itransformer,Exchange,96,2,retrain,0,0.003885,0.061589,0.062330,9.380254,9.841767,52.808989,,
itransformer,Exchange,96,2,retrain,1,0.000707,0.022972,0.026590,4.375279,4.300955,53.684211,,
itransformer,Exchange,96,2,retrain,2,0.004780,0.068241,0.069134,16.290309,15.082322,49.473684,,
itransformer,Exchange,96,2,retrain,3,0.018760,0.136413,0.136965,19.182466,21.208206,51.685393,,
itransformer,Exchange,96,2,retrain,4,0.006316,0.075919,0.079471,10.360711,10.847922,55.789474,,
itransformer,Exchange,96,2,retrain,5,0.000758,0.023903,0.027529,3.364754,3.331761,39.506173,,
itransformer,Exchange,96,2,retrain,6,0.002401,0.046632,0.049002,5.823214,6.008679,50.561798,,
itransformer,Exchange,96,2,retrain,7,0.011538,0.106054,0.107417,12.299529,13.108305,42.857143,,
itransformer,Exchange,96,2,retrain,8,0.000775,0.026415,0.027843,3.697257,3.763790,57.831325,,
itransformer,Exchange,96,2,retrain,9,0.003690,0.058819,0.060744,8.269403,7.952823,47.191011,,
itransformer,Exchange,192,0,retrain,0,0.004620,0.066125,0.067972,10.003921,10.536362,48.913043,,
itransformer,Exchange,192,0,retrain,1,0.001139,0.029065,0.033751,5.572284,5.460873,47.058824,,
itransformer,Exchange,192,0,retrain,2,0.002223,0.043310,0.047154,10.390641,9.833694,50.526316,,
itransformer,Exchange,192,0,retrain,3,0.009984,0.094138,0.099922,13.712233,14.632592,51.648352,,
itransformer,Exchange,192,0,retrain,4,0.009706,0.093175,0.098520,13.139340,13.952755,52.173913,,
itransformer,Exchange,192,0,retrain,5,0.005756,0.073444,0.075866,10.240672,10.790319,48.170732,,
itransformer,Exchange,192,0,retrain,6,0.007761,0.074227,0.088098,9.316122,9.926604,52.459016,,
itransformer,Exchange,192,0,retrain,7,0.017760,0.119024,0.133266,13.912345,15.138734,45.238095,,
itransformer,Exchange,192,0,retrain,8,0.000310,0.014607,0.017619,2.094667,2.076584,55.357143,,
itransformer,Weather,720,1,retrain,0,135.870779,9.239679,11.656362,2.156184,2.156542,52.388290,,
itransformer,Weather,720,1,retrain,1,43.518239,4.869738,6.596835,1.135230,1.131894,49.853801,,
itransformer,Weather,720,1,retrain,2,141.841860,9.496977,11.909738,2.196988,2.189267,50.232558,,
itransformer,Weather,720,1,retrain,3,395.637325,16.044566,19.890634,3.605708,3.629062,53.428571,,
itransformer,Weather,720,1,retrain,4,157.941055,12.309443,12.567460,2.934818,2.892537,48.245614,,
itransformer,Weather,720,1,retrain,5,50.719950,6.404633,7.121794,1.509642,1.502195,49.238579,,
itransformer,Weather,720,1,retrain,6,43.278242,5.765061,6.578620,1.364964,1.359011,51.640760,,
itransformer,Weather,720,1,retrain,7,38.994797,5.261043,6.244581,1.244623,1.241248,51.424051,,
itransformer,Weather,720,1,retrain,8,26.073160,3.361599,5.106188,0.796820,0.793692,51.756007,,
itransformer,Weather,720,1,retrain,9,10.023785,2.636360,3.166036,0.625807,0.624427,45.819398,,
itransformer,Exchange,96,1,retrain,0,0.004318,0.065029,0.065713,9.904093,10.419636,50.561798,,
itransformer,Exchange,96,1,retrain,1,0.003080,0.054416,0.055494,10.364211,9.879779,56.842105,,
itransformer,Exchange,96,1,retrain,2,0.002483,0.048334,0.049832,11.538186,10.912902,49.473684,,
itransformer,Exchange,96,1,retrain,3,0.013023,0.113221,0.114117,15.921174,17.290124,50.561798,,
itransformer,Exchange,96,1,retrain,4,0.007270,0.081449,0.085263,11.115396,11.687400,52.631579,,
itransformer,Exchange,96,1,retrain,5,0.000606,0.021426,0.024608,3.016189,2.987412,43.209877,,
itransformer,Exchange,96,1,retrain,6,0.000172,0.010501,0.013127,1.311278,1.324690,56.179775,,
itransformer,Exchange,96,1,retrain,7,0.028407,0.167438,0.168544,19.418510,21.517941,54.761905,,
itransformer,Exchange,96,1,retrain,8,0.000182,0.010657,0.013506,1.491692,1.491297,46.987952,,
itransformer,Exchange,96,1,retrain,9,0.000503,0.018424,0.022432,2.590188,2.570358,58.426966,,
itransformer,Exchange,96,0,retrain,0,0.004044,0.062793,0.063589,9.563595,10.043852,42.696629,,
itransformer,Exchange,96,0,retrain,1,0.003284,0.056332,0.057305,10.729049,10.207142,47.368421,,
itransformer,Exchange,96,0,retrain,2,0.005511,0.073050,0.074235,17.438315,16.054556,43.157895,,
itransformer,Exchange,96,0,retrain,3,0.023459,0.152731,0.153163,21.477193,24.052604,48.314607,,
itransformer,Exchange,96,0,retrain,4,0.003093,0.050983,0.055610,6.957760,7.132783,58.947368,,
itransformer,Exchange,96,0,retrain,5,0.000791,0.024606,0.028133,3.463722,3.427782,70.370370,,
itransformer,Exchange,96,0,retrain,6,0.002260,0.045494,0.047541,5.681139,5.850451,43.820225,,
itransformer,Exchange,96,0,retrain,7,0.010878,0.102684,0.104299,11.908680,12.668065,60.714286,,
itransformer,Exchange,96,0,retrain,8,0.002269,0.046274,0.047630,6.476920,6.680453,57.831325,,
itransformer,Exchange,96,0,retrain,9,0.000307,0.014342,0.017526,2.016356,2.008090,48.314607,,
itransformer,Exchange,192,1,retrain,0,0.004182,0.062543,0.064667,9.461942,9.936877,45.108696,,
itransformer,Exchange,192,1,retrain,1,0.001536,0.034902,0.039193,6.691348,6.511418,46.524064,,
itransformer,Exchange,192,1,retrain,2,0.009480,0.096423,0.097365,23.133491,20.740420,50.526316,,
itransformer,Exchange,192,1,retrain,3,0.029591,0.168604,0.172021,24.558916,27.919759,46.153846,,
itransformer,Exchange,192,1,retrain,4,0.009367,0.086903,0.096784,12.254855,12.952601,54.347826,,
itransformer,Exchange,192,1,retrain,5,0.008815,0.092085,0.093887,12.839935,13.714424,45.731707,,
itransformer,Exchange,192,1,retrain,6,0.005005,0.061389,0.070744,7.704883,8.053277,51.912568,,
itransformer,Exchange,192,1,retrain,7,0.020661,0.134020,0.143740,15.665239,17.119232,49.404762,,
itransformer,Exchange,192,1,retrain,8,0.000356,0.016048,0.018864,2.301326,2.300947,43.452381,,
itransformer,Exchange,336,2,retrain,0,0.006586,0.078976,0.081151,12.141482,12.954510,52.469136,,
itransformer,Exchange,336,2,retrain,1,0.005023,0.062622,0.070871,11.342171,10.983143,51.963746,,
itransformer,Exchange,336,2,retrain,2,0.008911,0.092466,0.094401,22.113003,19.935572,46.407186,,
itransformer,Exchange,336,2,retrain,3,0.048876,0.217667,0.221079,32.490220,38.659540,50.461538,,
itransformer,Exchange,336,2,retrain,4,0.004184,0.051149,0.064681,7.535226,7.618403,54.231975,,
itransformer,Exchange,336,2,retrain,5,0.007081,0.057121,0.084147,8.466495,8.526537,54.605263,,
itransformer,Exchange,336,2,retrain,6,0.033395,0.180392,0.182744,22.358580,25.142413,48.571429,,
itransformer,Exchange,336,2,retrain,7,0.018066,0.126466,0.134411,14.998365,16.263477,50.847458,,
itransformer,Exchange,336,2,retrain,8,0.009608,0.095378,0.098021,13.960663,13.089118,47.440273,,
itransformer,Exchange,192,2,retrain,0,0.002976,0.052679,0.054550,7.969630,8.300249,48.913043,,
itransformer,Exchange,192,2,retrain,1,0.004977,0.068536,0.070550,13.139588,12.370123,49.732620,,
itransformer,Exchange,192,2,retrain,2,0.006691,0.079892,0.081796,19.167410,17.467091,43.684211,,
itransformer,Exchange,192,2,retrain,3,0.015705,0.121953,0.125319,17.763686,19.401757,47.802198,,
itransformer,Exchange,192,2,retrain,4,0.005444,0.065764,0.073785,9.273856,9.618058,44.565217,,
itransformer,Exchange,192,2,retrain,5,0.005719,0.073092,0.075621,10.191704,10.730828,52.439024,,
itransformer,Exchange,192,2,retrain,6,0.003729,0.052364,0.061066,6.572146,6.791859,53.005464,,
itransformer,Exchange,192,2,retrain,7,0.015896,0.124781,0.126079,14.585324,15.717100,50.000000,,
itransformer,Exchange,192,2,retrain,8,0.000584,0.020072,0.024166,2.878392,2.804713,48.214286,,
itransformer,Exchange,720,1,retrain,0,0.012196,0.097806,0.110436,15.206410,16.235761,51.744186,,
itransformer,Exchange,720,1,retrain,1,0.015240,0.113803,0.123449,19.630042,18.753708,50.280899,,
itransformer,Exchange,720,1,retrain,2,0.017759,0.126112,0.133263,28.429031,24.837918,52.734923,,
itransformer,Exchange,720,1,retrain,3,0.044515,0.191397,0.210986,29.298215,33.905831,48.057554,,
itransformer,Exchange,720,1,retrain,4,0.037665,0.191886,0.194074,27.472661,31.837756,48.270893,,
itransformer,Exchange,720,1,retrain,5,0.005533,0.065312,0.074386,9.705871,9.979845,50.524738,,
itransformer,Exchange,720,1,retrain,6,0.018893,0.124040,0.137452,15.532246,16.926347,48.338369,,
itransformer,Exchange,720,1,retrain,7,0.017859,0.123558,0.133637,15.088201,16.291912,50.316456,,
itransformer,Exchange,336,0,retrain,0,0.006222,0.076509,0.078879,11.762267,12.531838,49.382716,,
itransformer,Exchange,336,0,retrain,1,0.019729,0.130925,0.140459,23.713302,21.424922,51.057402,,
itransformer,Exchange,336,0,retrain,2,0.017215,0.130318,0.131207,31.165312,27.000461,49.101796,,
itransformer,Exchange,336,0,retrain,3,0.050088,0.220301,0.223803,32.883306,39.219434,50.769231,,
itransformer,Exchange,336,0,retrain,4,0.006603,0.065070,0.081261,9.586153,9.817304,45.454545,,
itransformer,Exchange,336,0,retrain,5,0.009261,0.070732,0.096232,10.483911,10.355915,48.684211,,
itransformer,Exchange,336,0,retrain,6,0.025441,0.156358,0.159503,19.379705,21.443917,54.285714,,
itransformer,Exchange,336,0,retrain,7,0.016243,0.121709,0.127449,14.434150,15.572331,47.457627,,
itransformer,Exchange,336,0,retrain,8,0.008787,0.091438,0.093737,13.384024,12.553113,54.266212,,
itransformer,Exchange,336,1,retrain,0,0.006625,0.079143,0.081396,12.167189,12.985733,56.172840,,
itransformer,Exchange,336,1,retrain,1,0.005873,0.067978,0.076632,12.312230,11.851733,52.265861,,
itransformer,Exchange,336,1,retrain,2,0.009802,0.097369,0.099004,23.285538,20.877681,50.299401,,
itransformer,Exchange,336,1,retrain,3,0.056604,0.236811,0.237916,35.347723,43.005052,53.538462,,
itransformer,Exchange,336,1,retrain,4,0.005906,0.062895,0.076852,9.265687,9.468584,44.200627,,
itransformer,Exchange,336,1,retrain,5,0.008957,0.067500,0.094642,10.004817,9.920335,49.342105,,
itransformer,Exchange,336,1,retrain,6,0.028137,0.164874,0.167742,20.435247,22.737798,55.238095,,
itransformer,Exchange,336,1,retrain,7,0.030141,0.143405,0.173613,17.007298,19.146882,45.762712,,
itransformer,Exchange,336,1,retrain,8,0.007842,0.080691,0.088553,11.811011,11.188374,52.901024,,
itransformer,Exchange,720,0,retrain,0,0.011937,0.097020,0.109256,15.084149,16.095473,48.982558,,
itransformer,Exchange,720,0,retrain,1,0.015860,0.115777,0.125937,19.970448,19.003834,47.752809,,
itransformer,Exchange,720,0,retrain,2,0.019092,0.133732,0.138174,30.146700,26.291972,50.911641,,
itransformer,Exchange,720,0,retrain,3,0.042998,0.196530,0.207359,30.083933,34.900646,50.215827,,
itransformer,Exchange,720,0,retrain,4,0.037854,0.192354,0.194562,27.539655,31.898670,50.000000,,
itransformer,Exchange,720,0,retrain,5,0.006830,0.075901,0.082643,11.279551,11.632006,52.323838,,
itransformer,Exchange,720,0,retrain,6,0.015037,0.104855,0.122626,13.129961,14.141390,50.000000,,
itransformer,Exchange,720,0,retrain,7,0.013593,0.106455,0.116589,12.999645,13.879797,51.107595,,
itransformer,Weather,720,2,retrain,0,147.596613,9.850495,12.148935,2.298725,2.296943,50.539291,,
itransformer,Weather,720,2,retrain,1,41.097356,4.659457,6.410722,1.086210,1.082806,46.783626,,
itransformer,Weather,720,2,retrain,2,139.880581,9.402406,11.827112,2.175110,2.167240,53.023256,,
itransformer,Weather,720,2,retrain,3,408.931144,16.671666,20.222046,3.746637,3.774987,54.000000,,
itransformer,Weather,720,2,retrain,4,202.639539,14.010249,14.235152,3.340324,3.285612,49.824561,,
itransformer,Weather,720,2,retrain,5,46.188376,6.082692,6.796203,1.433757,1.426372,51.945854,,
itransformer,Weather,720,2,retrain,6,44.799027,6.181185,6.693208,1.463488,1.457724,51.295337,,
itransformer,Weather,720,2,retrain,7,18.158526,3.435914,4.261282,0.812846,0.811725,47.626582,,
itransformer,Weather,720,2,retrain,8,32.562551,4.332145,5.706361,1.026875,1.022325,51.756007,,
itransformer,Weather,720,2,retrain,9,17.531748,3.580258,4.187093,0.849865,0.846788,49.498328,,
itransformer,Exchange,720,2,retrain,0,0.011993,0.097832,0.109513,15.210387,16.254731,51.453488,,
itransformer,Exchange,720,2,retrain,1,0.015760,0.115273,0.125540,19.883508,18.930614,47.893258,,
itransformer,Exchange,720,2,retrain,2,0.019412,0.134446,0.139327,30.307562,26.395634,48.948107,,
itransformer,Exchange,720,2,retrain,3,0.046895,0.196030,0.216553,30.007290,34.914451,47.050360,,
itransformer,Exchange,720,2,retrain,4,0.036590,0.187799,0.191284,26.887519,30.883479,53.170029,,
itransformer,Exchange,720,2,retrain,5,0.004098,0.053070,0.064014,7.886569,8.129048,53.523238,,
itransformer,Exchange,720,2,retrain,6,0.034307,0.172712,0.185221,21.627019,24.389626,49.697885,,
itransformer,Exchange,720,2,retrain,7,0.015651,0.115639,0.125105,14.121097,15.149644,51.582278,,
itransformer,synth_stable,96,0,retrain,0,160.942295,10.226219,12.686303,2.025650,2.029177,66.315789,,
itransformer,synth_stable,96,0,retrain,1,203.649648,11.131009,14.270587,2.184018,2.192757,56.842105,,
itransformer,synth_stable,96,0,retrain,2,236.756633,12.552626,15.386898,2.434361,2.441994,62.105263,,
itransformer,synth_stable,96,0,retrain,3,163.095261,10.215871,12.770875,1.975944,1.979266,62.105263,,
itransformer,synth_stable,96,0,retrain,4,171.666743,10.342837,13.102166,1.979159,1.983057,56.842105,,
itransformer,synth_stable,96,0,retrain,5,166.412559,10.489723,12.900099,1.989859,1.990890,61.052632,,
itransformer,synth_stable,96,0,retrain,6,244.838104,13.047663,15.647303,2.457709,2.470165,57.894737,,
itransformer,synth_stable,96,0,retrain,7,261.872420,13.400985,16.182473,2.506117,2.506974,52.631579,,
itransformer,synth_stable,96,0,retrain,8,168.056665,10.291446,12.963667,1.915357,1.916390,56.842105,,
itransformer,synth_stable,96,0,retrain,9,212.207895,11.642250,14.567357,2.147669,2.144881,60.000000,,
itransformer,synth_stable,96,1,retrain,0,160.992416,10.309223,12.688279,2.042091,2.045578,62.105263,,
itransformer,synth_stable,96,1,retrain,1,202.681029,11.390882,14.236609,2.235008,2.245573,56.842105,,
itransformer,synth_stable,96,1,retrain,2,250.566242,12.987981,15.829284,2.518790,2.530408,58.947368,,
itransformer,synth_stable,96,1,retrain,3,157.595573,9.884995,12.553708,1.911947,1.912104,57.894737,,
itransformer,synth_stable,96,1,retrain,4,173.741216,10.344782,13.181093,1.979531,1.983469,53.684211,,
itransformer,synth_stable,96,1,retrain,5,165.548698,10.507313,12.866573,1.993195,1.994855,62.105263,,
itransformer,synth_stable,96,1,retrain,6,241.537843,13.150325,15.541488,2.477047,2.484625,61.052632,,
itransformer,synth_stable,96,1,retrain,7,285.009006,13.994398,16.882210,2.617091,2.619795,53.684211,,
itransformer,synth_stable,96,1,retrain,8,150.170649,9.766945,12.254413,1.817741,1.821307,60.000000,,
itransformer,synth_stable,96,1,retrain,9,220.502316,11.967566,14.849320,2.207680,2.203368,55.789474,,
itransformer,synth_stable,96,2,retrain,0,161.978354,10.374224,12.727072,2.054967,2.060054,66.315789,,
itransformer,synth_stable,96,2,retrain,1,201.133142,11.239413,14.182142,2.205288,2.215372,65.263158,,
itransformer,synth_stable,96,2,retrain,2,266.956449,13.372054,16.338802,2.593274,2.602269,53.684211,,
itransformer,synth_stable,96,2,retrain,3,150.274360,9.918714,12.258644,1.918469,1.920512,60.000000,,
itransformer,synth_stable,96,2,retrain,4,172.033924,10.004319,13.116170,1.914382,1.917971,58.947368,,
itransformer,synth_stable,96,2,retrain,5,160.611123,10.256427,12.673244,1.945603,1.948566,56.842105,,
itransformer,synth_stable,96,2,retrain,6,243.503838,13.010811,15.604610,2.450768,2.461845,53.684211,,
itransformer,synth_stable,96,2,retrain,7,259.048904,13.455548,16.094996,2.516321,2.516508,54.736842,,
itransformer,synth_stable,96,2,retrain,8,163.423532,10.182189,12.783721,1.895023,1.898032,57.894737,,
itransformer,synth_stable,96,2,retrain,9,237.412828,12.401201,15.408207,2.287674,2.285224,60.000000,,
itransformer,synth_stable,192,0,retrain,0,153.855876,9.752312,12.403865,1.932263,1.938477,65.968586,,
itransformer,synth_stable,192,0,retrain,1,208.047706,11.663998,14.423859,2.282502,2.288224,64.397906,,
itransformer,synth_stable,192,0,retrain,2,258.684560,13.316496,16.083674,2.584676,2.592586,62.303665,,
itransformer,synth_stable,192,0,retrain,3,168.993570,10.634091,12.999753,2.054159,2.057967,61.780105,,
itransformer,synth_stable,192,0,retrain,4,191.403893,11.257986,13.834880,2.157287,2.162984,60.209424,,
itransformer,synth_stable,192,0,retrain,5,176.455934,10.653745,13.283672,2.024538,2.025223,62.827225,,
itransformer,synth_stable,192,0,retrain,6,204.597430,11.768767,14.303756,2.224516,2.233868,58.638743,,
itransformer,synth_stable,192,0,retrain,7,237.984833,12.559158,15.426757,2.353016,2.353877,60.732984,,
itransformer,synth_stable,192,0,retrain,8,204.099682,11.552061,14.286346,2.150558,2.146941,58.115183,,
itransformer,synth_stable,192,0,retrain,9,227.988589,12.465680,15.099291,2.303184,2.299910,57.068063,,
itransformer,synth_stable,192,1,retrain,0,151.433482,9.612229,12.305831,1.904508,1.909750,63.874346,,
itransformer,synth_stable,192,1,retrain,1,200.595970,11.202356,14.163191,2.192164,2.196096,63.350785,,
itransformer,synth_stable,192,1,retrain,2,258.392436,13.529109,16.074590,2.625943,2.633895,62.827225,,
itransformer,synth_stable,192,1,retrain,3,169.080049,10.661022,13.003078,2.059361,2.062072,58.638743,,
itransformer,synth_stable,192,1,retrain,4,165.806400,10.532956,12.876583,2.018355,2.022497,61.256545,,
itransformer,synth_stable,192,1,retrain,5,174.505887,10.696282,13.210068,2.032621,2.035168,64.921466,,
itransformer,synth_stable,192,1,retrain,6,191.409631,11.307858,13.835087,2.137396,2.145965,58.638743,,
itransformer,synth_stable,192,1,retrain,7,244.523806,12.827490,15.637257,2.403289,2.404867,60.209424,,
itransformer,synth_stable,192,1,retrain,8,203.540644,11.510181,14.266767,2.142762,2.139004,60.732984,,
itransformer,synth_stable,192,1,retrain,9,222.041532,12.309593,14.901058,2.274345,2.269189,58.115183,,
itransformer,synth_stable,336,0,retrain,0,149.647056,9.551661,12.233031,1.890788,1.894679,62.985075,,
itransformer,synth_stable,336,0,retrain,1,173.232995,10.553440,13.161801,2.068704,2.068043,64.179104,,
itransformer,synth_stable,336,0,retrain,2,235.679690,12.682971,15.351863,2.465967,2.467929,61.194030,,
itransformer,synth_stable,336,0,retrain,3,159.930958,10.217583,12.646381,1.975082,1.979223,60.895522,,
itransformer,synth_stable,336,0,retrain,4,165.769256,10.417012,12.875141,1.997455,1.998867,60.597015,,
itransformer,synth_stable,336,0,retrain,5,165.614538,10.300446,12.869131,1.957725,1.957406,61.194030,,
itransformer,synth_stable,336,0,retrain,6,219.923408,12.053579,14.829815,2.277567,2.282310,62.089552,,
itransformer,synth_stable,336,0,retrain,7,252.857388,13.038815,15.901490,2.445647,2.451795,61.791045,,
itransformer,synth_stable,336,0,retrain,8,231.688406,12.514157,15.221314,2.328673,2.328832,60.895522,,
itransformer,synth_stable,336,0,retrain,9,239.307234,12.673023,15.469558,2.345405,2.345814,59.104478,,
itransformer,synth_stable,192,2,retrain,0,151.481966,9.639138,12.307801,1.909839,1.913934,63.350785,,
itransformer,synth_stable,192,2,retrain,1,208.828238,11.548887,14.450891,2.259976,2.263961,63.350785,,
itransformer,synth_stable,192,2,retrain,2,244.428069,12.804619,15.634195,2.485322,2.489723,59.162304,,
itransformer,synth_stable,192,2,retrain,3,166.815193,10.538154,12.915696,2.035627,2.041389,64.397906,,
itransformer,synth_stable,192,2,retrain,4,180.726435,10.899326,13.443453,2.088560,2.092805,58.638743,,
itransformer,synth_stable,192,2,retrain,5,166.430538,10.444380,12.900796,1.984752,1.985284,60.732984,,
itransformer,synth_stable,192,2,retrain,6,201.294915,11.610326,14.187844,2.194568,2.205573,60.732984,,
itransformer,synth_stable,192,2,retrain,7,232.716530,12.540519,15.255049,2.349524,2.350442,62.303665,,
itransformer,synth_stable,192,2,retrain,8,208.545925,12.001661,14.441119,2.234257,2.236389,64.397906,,
itransformer,synth_stable,192,2,retrain,9,219.119943,12.182006,14.802701,2.250772,2.247858,58.638743,,
itransformer,synth_stable,336,2,retrain,0,151.182675,9.640915,12.295636,1.908456,1.911444,60.895522,,
itransformer,synth_stable,336,2,retrain,1,174.544449,10.579162,13.211527,2.073746,2.076330,63.582090,,
itransformer,synth_stable,336,2,retrain,2,240.083383,12.651992,15.494624,2.459943,2.461648,62.089552,,
itransformer,synth_stable,336,2,retrain,3,152.515990,10.096001,12.349736,1.951580,1.953065,62.388060,,
itransformer,synth_stable,336,2,retrain,4,173.181088,10.660827,13.159829,2.044207,2.047071,62.686567,,
itransformer,synth_stable,336,2,retrain,5,167.869449,10.261478,12.956444,1.950318,1.949947,60.597015,,
itransformer,synth_stable,336,2,retrain,6,215.396154,11.885531,14.676381,2.245814,2.248761,61.791045,,
itransformer,synth_stable,336,2,retrain,7,224.201323,12.177615,14.973354,2.284115,2.288608,61.194030,,
itransformer,synth_stable,336,2,retrain,8,245.588177,12.821544,15.671253,2.385873,2.386946,59.701493,,
itransformer,synth_stable,336,2,retrain,9,221.091784,12.202396,14.869155,2.258305,2.252597,57.910448,,
itransformer,synth_stable,336,1,retrain,0,147.075692,9.509283,12.127477,1.882399,1.884699,62.686567,,
itransformer,synth_stable,336,1,retrain,1,174.444545,10.586004,13.207746,2.075087,2.075450,63.283582,,
itransformer,synth_stable,336,1,retrain,2,231.780237,12.548520,15.224330,2.439825,2.443349,60.895522,,
itransformer,synth_stable,336,1,retrain,3,149.264499,9.993437,12.217385,1.931754,1.932702,59.402985,,
itransformer,synth_stable,336,1,retrain,4,170.703972,10.574389,13.065373,2.027632,2.028980,62.388060,,
itransformer,synth_stable,336,1,retrain,5,191.085321,11.114928,13.823361,2.112527,2.118450,61.492537,,
itransformer,synth_stable,336,1,retrain,6,210.067086,11.714879,14.493691,2.213569,2.216193,62.686567,,
itransformer,synth_stable,336,1,retrain,7,226.877288,12.289313,15.062446,2.305065,2.307954,61.791045,,
itransformer,synth_stable,336,1,retrain,8,222.838902,12.216904,14.927790,2.273360,2.273630,62.388060,,
itransformer,synth_stable,336,1,retrain,9,216.165101,11.976640,14.702554,2.216525,2.211779,58.507463,,
itransformer,synth_trend_break,96,0,retrain,0,178.653925,10.818370,13.366148,2.138796,2.135976,62.105263,,
itransformer,synth_trend_break,96,0,retrain,1,162.027912,10.120107,12.729019,1.984864,1.994778,54.736842,,
itransformer,synth_trend_break,96,0,retrain,2,125.020737,8.949727,11.181267,1.744562,1.755872,63.157895,,
itransformer,synth_trend_break,96,0,retrain,3,96913.241668,308.908049,311.308917,38.885766,48.152848,45.263158,,
itransformer,synth_trend_break,96,0,retrain,4,555.712345,18.780747,23.573552,2.383132,2.391819,60.000000,,
itransformer,synth_trend_break,96,0,retrain,5,505.906211,18.001115,22.492359,2.302931,2.310706,61.052632,,
itransformer,synth_trend_break,96,0,retrain,6,483.227889,17.614345,21.982445,2.265149,2.249467,57.894737,,
itransformer,synth_trend_break,96,0,retrain,7,495.340075,18.372485,22.256237,2.378565,2.366637,60.000000,,
itransformer,synth_trend_break,96,0,retrain,8,751.164780,21.512385,27.407386,2.812648,2.792119,55.789474,,
itransformer,synth_trend_break,96,0,retrain,9,845.891597,24.462829,29.084216,3.219382,3.197797,57.894737,,
itransformer,synth_trend_break,96,1,retrain,0,183.712588,10.967734,13.554062,2.168325,2.164509,61.052632,,
itransformer,synth_trend_break,96,1,retrain,1,165.541206,10.063903,12.866282,1.973841,1.982341,61.052632,,
itransformer,synth_trend_break,96,1,retrain,2,125.933327,8.788669,11.222002,1.713167,1.724132,64.210526,,
itransformer,synth_trend_break,96,1,retrain,3,93247.473681,302.939760,305.364493,38.134470,47.006184,46.315789,,
itransformer,synth_trend_break,96,1,retrain,4,355.708229,14.453966,18.860229,1.834097,1.843248,56.842105,,
itransformer,synth_trend_break,96,1,retrain,5,489.850453,18.078655,22.132565,2.312850,2.317586,56.842105,,
itransformer,synth_trend_break,96,1,retrain,6,502.685084,17.710384,22.420640,2.277499,2.266111,64.210526,,
itransformer,synth_trend_break,96,1,retrain,7,503.048244,18.690986,22.428737,2.419800,2.412351,54.736842,,
itransformer,synth_trend_break,96,1,retrain,8,825.784364,23.215521,28.736464,3.035325,3.020424,56.842105,,
itransformer,synth_trend_break,96,1,retrain,9,937.488376,25.391310,30.618432,3.341573,3.328529,63.157895,,
itransformer,synth_stable,720,1,retrain,0,163.040801,10.086758,12.768743,1.995230,1.997766,59.944367,,
itransformer,synth_stable,720,1,retrain,1,165.683098,10.287506,12.871795,2.019022,2.023825,59.944367,,
itransformer,synth_stable,720,1,retrain,2,194.617919,11.401183,13.950553,2.220296,2.224007,62.726008,,
itransformer,synth_stable,720,1,retrain,3,205.629936,11.497895,14.339802,2.217424,2.222944,63.004172,,
itransformer,synth_stable,720,1,retrain,4,189.316056,11.174542,13.759217,2.141752,2.147314,60.639777,,
itransformer,synth_stable,720,1,retrain,5,175.588272,10.581438,13.250972,2.012609,2.014056,62.030598,,
itransformer,synth_stable,720,1,retrain,6,203.179435,11.466537,14.254102,2.167016,2.166724,60.361613,,
itransformer,synth_stable,720,1,retrain,7,200.693312,11.576938,14.166627,2.172686,2.172165,61.613352,,
itransformer,synth_stable,720,1,retrain,8,222.955943,12.074459,14.931709,2.250611,2.253209,60.917942,,
itransformer,synth_stable,720,1,retrain,9,223.774154,12.283458,14.959083,2.273102,2.267945,59.388039,,
itransformer,synth_stable,720,0,retrain,0,141.571153,9.508220,11.898368,1.880791,1.881550,60.778860,,
itransformer,synth_stable,720,0,retrain,1,164.637800,10.278089,12.831126,2.017174,2.021542,59.388039,,
itransformer,synth_stable,720,0,retrain,2,191.571519,11.310645,13.840936,2.202664,2.206776,63.560501,,
itransformer,synth_stable,720,0,retrain,3,203.081241,11.457766,14.250658,2.209686,2.215333,61.057024,,
itransformer,synth_stable,720,0,retrain,4,182.014337,10.940918,13.491269,2.096974,2.100014,59.805285,,
itransformer,synth_stable,720,0,retrain,5,186.460120,10.911670,13.655040,2.075420,2.079685,62.169680,,
itransformer,synth_stable,720,0,retrain,6,198.692169,11.339198,14.095821,2.142951,2.142685,60.500695,,
itransformer,synth_stable,720,0,retrain,7,191.480016,11.294922,13.837630,2.119759,2.119281,61.196106,,
itransformer,synth_stable,720,0,retrain,8,219.211324,11.945453,14.805787,2.226565,2.230933,59.944367,,
itransformer,synth_stable,720,0,retrain,9,213.800880,12.031049,14.621931,2.226393,2.221002,60.222531,,
itransformer,synth_trend_break,96,2,retrain,0,192.112612,10.949487,13.860469,2.164718,2.160246,62.105263,,
itransformer,synth_trend_break,96,2,retrain,1,150.860666,9.490949,12.282535,1.861467,1.867367,58.947368,,
itransformer,synth_trend_break,96,2,retrain,2,120.035616,8.662034,10.956077,1.688482,1.699015,61.052632,,
itransformer,synth_trend_break,96,2,retrain,3,92831.775028,302.394808,304.683073,38.065871,46.901911,51.578947,,
itransformer,synth_trend_break,96,2,retrain,4,460.454774,16.939832,21.458210,2.149534,2.158783,63.157895,,
itransformer,synth_trend_break,96,2,retrain,5,543.978806,18.436894,23.323353,2.358681,2.362970,61.052632,,
itransformer,synth_trend_break,96,2,retrain,6,486.906707,17.931566,22.065963,2.305943,2.293008,57.894737,,
itransformer,synth_trend_break,96,2,retrain,7,581.967206,20.275961,24.123996,2.624996,2.602774,58.947368,,
itransformer,synth_trend_break,96,2,retrain,8,761.152283,21.695520,27.588988,2.836592,2.827671,54.736842,,
itransformer,synth_trend_break,96,2,retrain,9,795.272795,22.996606,28.200581,3.026423,3.025303,54.736842,,
itransformer,synth_stable,720,2,retrain,0,144.820947,9.615925,12.034158,1.902096,1.903576,59.388039,,
itransformer,synth_stable,720,2,retrain,1,164.332426,10.254161,12.819221,2.012478,2.017263,60.222531,,
itransformer,synth_stable,720,2,retrain,2,202.405013,11.626319,14.226912,2.264139,2.268560,63.560501,,
itransformer,synth_stable,720,2,retrain,3,213.518042,11.774703,14.612257,2.270808,2.279753,61.057024,,
itransformer,synth_stable,720,2,retrain,4,188.652166,11.119489,13.735071,2.131200,2.135319,60.222531,,
itransformer,synth_stable,720,2,retrain,5,169.988092,10.419738,13.037948,1.981853,1.982822,61.474270,,
itransformer,synth_stable,720,2,retrain,6,199.827294,11.327543,14.136028,2.140748,2.138705,59.805285,,
itransformer,synth_stable,720,2,retrain,7,182.954848,11.102538,13.526080,2.083654,2.085739,60.917942,,
itransformer,synth_stable,720,2,retrain,8,228.300987,12.174217,15.109632,2.269205,2.273437,60.083449,,
itransformer,synth_stable,720,2,retrain,9,221.531149,12.309101,14.883922,2.277847,2.275811,59.805285,,
itransformer,synth_trend_break,192,2,retrain,0,150.808754,9.874651,12.280422,1.951338,1.949440,61.780105,,
itransformer,synth_trend_break,192,2,retrain,1,165.645290,10.266704,12.870326,2.014277,2.022245,62.303665,,
itransformer,synth_trend_break,192,2,retrain,2,186.956926,10.572463,13.673219,2.056175,2.062201,61.780105,,
itransformer,synth_trend_break,192,2,retrain,3,91038.127828,299.439338,301.725252,37.637310,46.246550,51.308901,,
itransformer,synth_trend_break,192,2,retrain,4,521.265857,17.994852,22.831247,2.285158,2.298417,61.256545,,
itransformer,synth_trend_break,192,2,retrain,5,465.939885,17.503923,21.585641,2.236649,2.241626,59.685864,,
itransformer,synth_trend_break,192,2,retrain,6,480.486596,17.755695,21.920004,2.281325,2.279965,60.732984,,
itransformer,synth_trend_break,192,2,retrain,7,665.587008,21.036671,25.798973,2.720616,2.713429,56.544503,,
itransformer,synth_trend_break,192,2,retrain,8,669.750665,20.786511,25.879541,2.719940,2.704009,57.068063,,
itransformer,synth_trend_break,192,2,retrain,9,714.910081,21.484056,26.737802,2.830556,2.819615,54.973822,,
itransformer,synth_trend_break,192,0,retrain,0,150.536241,9.971967,12.269321,1.970569,1.970065,61.256545,,
itransformer,synth_trend_break,192,0,retrain,1,161.353768,10.143849,12.702510,1.990173,1.999224,61.780105,,
itransformer,synth_trend_break,192,0,retrain,2,208.148387,11.565059,14.427349,2.249219,2.259224,61.780105,,
itransformer,synth_trend_break,192,0,retrain,3,91197.578879,299.816569,301.989369,37.684725,46.320452,42.931937,,
itransformer,synth_trend_break,192,0,retrain,4,490.100782,17.342184,22.138220,2.202276,2.212267,61.256545,,
itransformer,synth_trend_break,192,0,retrain,5,469.943422,17.253963,21.678178,2.204709,2.209793,59.685864,,
itransformer,synth_trend_break,192,0,retrain,6,467.184383,17.483587,21.614448,2.246364,2.246645,60.732984,,
itransformer,synth_trend_break,192,0,retrain,7,634.644774,20.546247,25.192157,2.657191,2.646934,57.591623,,
itransformer,synth_trend_break,192,0,retrain,8,878.223386,24.150082,29.634834,3.160067,3.146853,57.068063,,
itransformer,synth_trend_break,192,0,retrain,9,746.913757,22.469569,27.329723,2.960399,2.945615,56.020942,,
itransformer,synth_trend_break,192,1,retrain,0,159.164186,10.082198,12.616029,1.992351,1.989641,59.685864,,
itransformer,synth_trend_break,192,1,retrain,1,169.620928,10.380415,13.023860,2.036586,2.045472,63.350785,,
itransformer,synth_trend_break,192,1,retrain,2,216.734097,11.812650,14.721892,2.297371,2.310207,61.780105,,
itransformer,synth_trend_break,192,1,retrain,3,92359.850866,301.751971,303.907635,37.927991,46.690399,49.214660,,
itransformer,synth_trend_break,192,1,retrain,4,354.987357,15.019789,18.841108,1.907356,1.915683,63.350785,,
itransformer,synth_trend_break,192,1,retrain,5,440.120386,16.639602,20.979046,2.126206,2.129648,61.256545,,
itransformer,synth_trend_break,192,1,retrain,6,490.814528,17.616292,22.154334,2.263414,2.257643,61.780105,,
itransformer,synth_trend_break,192,1,retrain,7,781.490700,22.797552,27.955155,2.948346,2.938416,58.115183,,
itransformer,synth_trend_break,192,1,retrain,8,545.489760,18.579852,23.355722,2.431196,2.425581,56.544503,,
itransformer,synth_trend_break,192,1,retrain,9,1335.421836,30.430267,36.543424,4.009233,3.998399,55.497382,,
itransformer,synth_trend_break,336,0,retrain,0,159.417635,10.184075,12.626070,2.013188,2.015464,57.014925,,
itransformer,synth_trend_break,336,0,retrain,1,167.927243,10.253286,12.958674,2.012456,2.017598,60.597015,,
itransformer,synth_trend_break,336,0,retrain,2,204.357374,11.449792,14.295362,2.226271,2.237058,62.089552,,
itransformer,synth_trend_break,336,0,retrain,3,84861.364514,289.117253,291.309740,36.355776,44.317873,48.358209,,
itransformer,synth_trend_break,336,0,retrain,4,435.142599,16.571867,20.860072,2.100867,2.110450,59.402985,,
itransformer,synth_trend_break,336,0,retrain,5,444.953758,17.200240,21.093927,2.193072,2.192606,61.194030,,
itransformer,synth_trend_break,336,0,retrain,6,443.440319,16.664200,21.058023,2.139583,2.140836,60.895522,,
itransformer,synth_trend_break,336,0,retrain,7,486.234661,18.078108,22.050729,2.337867,2.335310,59.402985,,
itransformer,synth_trend_break,336,0,retrain,8,488.202035,17.694885,22.095294,2.308755,2.305815,57.313433,,
itransformer,synth_trend_break,336,0,retrain,9,950.527568,25.178200,30.830627,3.319009,3.314685,58.805970,,
itransformer,synth_trend_break,336,1,retrain,0,155.344337,10.102757,12.463721,1.997113,2.000014,56.417910,,
itransformer,synth_trend_break,336,1,retrain,1,164.898041,10.135620,12.841263,1.989361,1.993784,62.388060,,
itransformer,synth_trend_break,336,1,retrain,2,210.272439,11.735388,14.500774,2.281801,2.289644,61.492537,,
itransformer,synth_trend_break,336,1,retrain,3,85470.112218,290.058165,292.352719,36.474094,44.493168,44.776119,,
itransformer,synth_trend_break,336,1,retrain,4,468.762723,17.110666,21.650929,2.169172,2.178359,58.805970,,
itransformer,synth_trend_break,336,1,retrain,5,519.272538,18.520689,22.787552,2.361432,2.364472,61.492537,,
itransformer,synth_trend_break,336,1,retrain,6,484.718714,17.314401,22.016328,2.223064,2.221947,57.611940,,
itransformer,synth_trend_break,336,1,retrain,7,528.722713,18.885918,22.993971,2.442333,2.446168,58.208955,,
itransformer,synth_trend_break,336,1,retrain,8,556.736076,18.931879,23.595255,2.470153,2.467766,60.000000,,
itransformer,synth_trend_break,336,1,retrain,9,824.536235,23.261817,28.714739,3.066390,3.050413,58.507463,,
itransformer,synth_trend_break,720,2,retrain,0,146.766965,9.860306,12.114742,1.947521,1.951189,59.666203,,
itransformer,synth_trend_break,720,2,retrain,1,148.706847,9.795098,12.194542,1.921730,1.925555,61.335188,,
itransformer,synth_trend_break,720,2,retrain,2,11860.931420,58.638617,108.907903,10.437663,9.720010,61.002786,,
itransformer,synth_trend_break,720,2,retrain,3,78514.155253,279.202357,280.203775,35.088213,42.553018,59.109875,,
itransformer,synth_trend_break,720,2,retrain,4,1419.214736,30.790917,37.672467,3.899260,3.904536,48.678720,,
itransformer,synth_trend_break,720,2,retrain,5,954.620514,24.787856,30.896934,3.160587,3.174696,60.778860,,
itransformer,synth_trend_break,720,2,retrain,6,754.001568,22.514622,27.459089,2.893191,2.891448,58.414465,,
itransformer,synth_trend_break,720,2,retrain,7,816.681224,23.882628,28.577635,3.092813,3.088769,59.666203,,
itransformer,synth_trend_break,720,2,retrain,8,444.923218,16.793875,21.093203,2.189941,2.193445,59.527121,,
itransformer,synth_trend_break,720,2,retrain,9,461.600760,17.102605,21.484896,2.252001,2.255963,58.970793,,
itransformer,synth_trend_break,336,2,retrain,0,146.600359,9.901252,12.107864,1.957280,1.960310,56.417910,,
itransformer,synth_trend_break,336,2,retrain,1,161.378768,10.001273,12.703494,1.962992,1.967957,61.492537,,
itransformer,synth_trend_break,336,2,retrain,2,221.963932,11.812151,14.898454,2.296727,2.309038,62.686567,,
itransformer,synth_trend_break,336,2,retrain,3,86187.368300,291.183682,293.576852,36.615625,44.702571,52.537313,,
itransformer,synth_trend_break,336,2,retrain,4,608.751533,19.327732,24.672891,2.450237,2.463222,56.716418,,
itransformer,synth_trend_break,336,2,retrain,5,566.348171,19.499060,23.798071,2.486177,2.484865,60.895522,,
itransformer,synth_trend_break,336,2,retrain,6,536.086391,18.562035,23.153540,2.383253,2.376299,58.208955,,
itransformer,synth_trend_break,336,2,retrain,7,481.168642,17.697322,21.935557,2.288624,2.288824,57.014925,,
itransformer,synth_trend_break,336,2,retrain,8,516.422539,18.145248,22.724932,2.367517,2.366149,59.402985,,
itransformer,synth_trend_break,336,2,retrain,9,820.137684,23.137612,28.638046,3.050017,3.031021,59.104478,,
itransformer,synth_slow_drift,96,1,retrain,0,280.717887,13.240194,16.754638,2.427774,2.421357,69.473684,,
itransformer,synth_slow_drift,96,1,retrain,1,274.672962,13.348739,16.573260,2.365220,2.356713,61.052632,,
itransformer,synth_slow_drift,96,1,retrain,2,467.233476,17.955751,21.615584,3.047692,3.048981,52.631579,,
itransformer,synth_slow_drift,96,1,retrain,3,633.260966,20.637705,25.164677,3.358667,3.353230,52.631579,,
itransformer,synth_slow_drift,96,1,retrain,4,840.748977,23.738888,28.995672,3.730742,3.725197,50.526316,,
itransformer,synth_slow_drift,96,1,retrain,5,1141.028702,28.518859,33.779116,4.335121,4.344671,62.105263,,
itransformer,synth_slow_drift,96,1,retrain,6,1254.559321,29.741050,35.419759,4.371540,4.395009,51.578947,,
itransformer,synth_slow_drift,96,1,retrain,7,1674.529285,36.758226,40.921013,5.220792,5.293001,51.578947,,
itransformer,synth_slow_drift,96,1,retrain,8,2747.482526,46.418053,52.416434,6.372625,6.488010,62.105263,,
itransformer,synth_slow_drift,96,1,retrain,9,2729.464826,47.899225,52.244280,6.385921,6.526249,50.526316,,
itransformer,synth_trend_break,720,0,retrain,0,148.920325,9.949988,12.203292,1.965234,1.967724,61.196106,,
itransformer,synth_trend_break,720,0,retrain,1,157.604000,10.004668,12.554043,1.962846,1.966640,61.057024,,
itransformer,synth_trend_break,720,0,retrain,2,11789.389569,57.708422,108.578955,10.272088,9.531842,59.888579,,
itransformer,synth_trend_break,720,0,retrain,3,79397.610528,280.760562,281.775816,35.284037,42.838148,58.553547,,
itransformer,synth_trend_break,720,0,retrain,4,938.416293,24.625905,30.633581,3.118543,3.130517,55.076495,,
itransformer,synth_trend_break,720,0,retrain,5,1013.331489,26.362127,31.832868,3.361315,3.365099,59.944367,,
itransformer,synth_trend_break,720,0,retrain,6,706.382499,21.486384,26.577857,2.761060,2.770641,58.275382,,
itransformer,synth_trend_break,720,0,retrain,7,858.878046,24.186322,29.306621,3.132141,3.143025,57.023644,,
itransformer,synth_trend_break,720,0,retrain,8,702.706233,21.401503,26.508607,2.790781,2.793038,59.666203,,
itransformer,synth_trend_break,720,0,retrain,9,640.228905,20.264600,25.302745,2.668360,2.666809,58.692629,,
itransformer,synth_trend_break,720,1,retrain,0,150.100776,9.912621,12.251562,1.957854,1.961531,59.248957,,
itransformer,synth_trend_break,720,1,retrain,1,154.894705,9.925722,12.445670,1.947357,1.950736,62.169680,,
itransformer,synth_trend_break,720,1,retrain,2,11927.171296,58.497121,109.211590,10.412476,9.690532,60.863510,,
itransformer,synth_trend_break,720,1,retrain,3,77018.880661,276.568468,277.522757,34.757204,42.073353,58.831711,,
itransformer,synth_trend_break,720,1,retrain,4,1257.612693,28.722806,35.462835,3.637361,3.644140,51.877608,,
itransformer,synth_trend_break,720,1,retrain,5,604.818841,19.917036,24.593065,2.539531,2.553764,56.745480,,
itransformer,synth_trend_break,720,1,retrain,6,755.479216,22.428331,27.485982,2.882102,2.876463,58.136300,,
itransformer,synth_trend_break,720,1,retrain,7,869.929713,24.352446,29.494571,3.153655,3.156070,60.222531,,
itransformer,synth_trend_break,720,1,retrain,8,1017.460522,26.204007,31.897657,3.417033,3.416662,59.109875,,
itransformer,synth_trend_break,720,1,retrain,9,531.534934,18.275242,23.055041,2.406409,2.413071,58.970793,,
itransformer,synth_slow_drift,96,0,retrain,0,263.011270,13.097835,16.217622,2.401670,2.403072,62.105263,,
itransformer,synth_slow_drift,96,0,retrain,1,287.275721,13.808742,16.949210,2.446727,2.439442,66.315789,,
itransformer,synth_slow_drift,96,0,retrain,2,427.419773,17.309426,20.674133,2.937989,2.930172,56.842105,,
itransformer,synth_slow_drift,96,0,retrain,3,660.786581,21.099225,25.705769,3.433776,3.429319,53.684211,,
itransformer,synth_slow_drift,96,0,retrain,4,930.851647,25.635143,30.509861,4.028753,4.034906,60.000000,,
itransformer,synth_slow_drift,96,0,retrain,5,1015.347675,26.140724,31.864521,3.973624,3.966462,61.052632,,
itransformer,synth_slow_drift,96,0,retrain,6,1218.390763,29.178744,34.905455,4.288888,4.305970,57.894737,,
itransformer,synth_slow_drift,96,0,retrain,7,1758.291762,37.328451,41.931990,5.301781,5.374668,50.526316,,
itransformer,synth_slow_drift,96,0,retrain,8,3314.230516,52.608636,57.569354,7.222516,7.402344,62.105263,,
itransformer,synth_slow_drift,96,0,retrain,9,2580.328636,46.904647,50.796935,6.253324,6.387350,66.315789,,
itransformer,synth_slow_drift,336,0,retrain,0,324.882007,14.570870,18.024484,2.696678,2.703903,60.597015,,
itransformer,synth_slow_drift,336,0,retrain,1,348.514785,15.065281,18.668551,2.679144,2.677100,61.791045,,
itransformer,synth_slow_drift,336,0,retrain,2,627.509418,21.234955,25.050138,3.620471,3.641146,60.895522,,
itransformer,synth_slow_drift,336,0,retrain,3,558.773794,19.571883,23.638397,3.206158,3.202502,59.701493,,
itransformer,synth_slow_drift,336,0,retrain,4,841.022183,24.408532,29.000382,3.851903,3.856898,60.597015,,
itransformer,synth_slow_drift,336,0,retrain,5,1139.606616,28.812466,33.758060,4.393061,4.409720,62.388060,,
itransformer,synth_slow_drift,336,0,retrain,6,1292.295749,31.195196,35.948515,4.604818,4.642955,58.507463,,
itransformer,synth_slow_drift,336,0,retrain,7,1653.924793,36.800852,40.668474,5.244082,5.328232,53.731343,,
itransformer,synth_slow_drift,336,0,retrain,8,2390.740756,44.423183,48.895202,6.118579,6.232221,61.492537,,
itransformer,synth_slow_drift,336,0,retrain,9,2218.275969,42.210487,47.098577,5.648614,5.737997,62.089552,,
itransformer,synth_slow_drift,96,2,retrain,0,252.311314,12.651410,15.884310,2.319812,2.318581,63.157895,,
itransformer,synth_slow_drift,96,2,retrain,1,293.975019,13.723437,17.145700,2.431612,2.422759,62.105263,,
itransformer,synth_slow_drift,96,2,retrain,2,475.767951,18.279137,21.812106,3.102582,3.107372,60.000000,,
itransformer,synth_slow_drift,96,2,retrain,3,694.976997,21.550836,26.362416,3.507274,3.505306,61.052632,,
itransformer,synth_slow_drift,96,2,retrain,4,878.484243,24.062352,29.639235,3.781577,3.771989,48.421053,,
itransformer,synth_slow_drift,96,2,retrain,5,1072.956411,27.211989,32.756013,4.136465,4.136204,58.947368,,
itransformer,synth_slow_drift,96,2,retrain,6,1203.384746,29.242150,34.689836,4.298208,4.319433,61.052632,,
itransformer,synth_slow_drift,96,2,retrain,7,1722.386021,36.929578,41.501639,5.245129,5.316491,51.578947,,
itransformer,synth_slow_drift,96,2,retrain,8,2842.498804,47.690804,53.315090,6.547358,6.677593,54.736842,,
itransformer,synth_slow_drift,96,2,retrain,9,3054.432841,50.234919,55.266924,6.697315,6.854913,55.789474,,
itransformer,synth_slow_drift,192,0,retrain,0,332.051124,14.706024,18.222270,2.711468,2.719932,62.303665,,
itransformer,synth_slow_drift,192,0,retrain,1,286.682448,13.513943,16.931699,2.392929,2.382613,59.685864,,
itransformer,synth_slow_drift,192,0,retrain,2,558.352729,20.120726,23.629489,3.415961,3.427283,60.209424,,
itransformer,synth_slow_drift,192,0,retrain,3,580.349536,19.639768,24.090445,3.202216,3.191929,64.397906,,
itransformer,synth_slow_drift,192,0,retrain,4,807.821446,23.657575,28.422200,3.726192,3.724480,63.350785,,
itransformer,synth_slow_drift,192,0,retrain,5,1265.757467,30.180016,35.577485,4.585490,4.604072,64.397906,,
itransformer,synth_slow_drift,192,0,retrain,6,1286.290504,31.360999,35.864892,4.625984,4.665066,60.732984,,
itransformer,synth_slow_drift,192,0,retrain,7,1698.633603,35.972982,41.214483,5.119086,5.175683,56.020942,,
itransformer,synth_slow_drift,192,0,retrain,8,2326.736445,42.696215,48.236257,5.863696,5.950515,61.780105,,
itransformer,synth_slow_drift,192,0,retrain,9,2421.418542,44.201075,49.207911,5.895853,6.000064,59.162304,,
itransformer,synth_slow_drift,192,1,retrain,0,379.575118,15.938303,19.482688,2.938673,2.954162,61.780105,,
itransformer,synth_slow_drift,192,1,retrain,1,346.002910,14.788561,18.601153,2.618627,2.608937,63.874346,,
itransformer,synth_slow_drift,192,1,retrain,2,542.305677,19.655084,23.287457,3.336907,3.341082,60.209424,,
itransformer,synth_slow_drift,192,1,retrain,3,572.631079,19.270079,23.929711,3.141939,3.126824,56.544503,,
itransformer,synth_slow_drift,192,1,retrain,4,1029.027056,28.268676,32.078452,4.452465,4.494344,65.968586,,
itransformer,synth_slow_drift,192,1,retrain,5,1323.397614,31.419370,36.378532,4.773795,4.806006,63.874346,,
itransformer,synth_slow_drift,192,1,retrain,6,1189.506622,30.056538,34.489225,4.433566,4.467422,58.115183,,
itransformer,synth_slow_drift,192,1,retrain,7,1540.161974,34.661706,39.244897,4.932487,4.987857,58.638743,,
itransformer,synth_slow_drift,192,1,retrain,8,2531.485984,45.103387,50.313875,6.194286,6.304332,58.638743,,
itransformer,synth_slow_drift,192,1,retrain,9,2749.598554,48.462471,52.436615,6.464269,6.611650,56.544503,,
itransformer,synth_slow_drift,192,2,retrain,0,336.659777,14.889576,18.348291,2.745311,2.756581,63.874346,,
itransformer,synth_slow_drift,192,2,retrain,1,297.656841,13.645487,17.252734,2.416222,2.403828,63.874346,,
itransformer,synth_slow_drift,192,2,retrain,2,557.641678,20.089104,23.614438,3.410592,3.419118,58.115183,,
itransformer,synth_slow_drift,192,2,retrain,3,636.502274,20.756445,25.228997,3.384287,3.378783,62.303665,,
itransformer,synth_slow_drift,192,2,retrain,4,1043.598320,28.043669,32.304772,4.417025,4.448027,60.209424,,
itransformer,synth_slow_drift,192,2,retrain,5,1357.467299,31.855487,36.843823,4.840058,4.875453,66.492147,,
itransformer,synth_slow_drift,192,2,retrain,6,1274.310630,31.282887,35.697488,4.614462,4.655020,59.685864,,
itransformer,synth_slow_drift,192,2,retrain,7,1956.782072,40.012667,44.235530,5.693948,5.788832,59.162304,,
itransformer,synth_slow_drift,192,2,retrain,8,2316.945431,41.998493,48.134659,5.767875,5.844520,56.020942,,
itransformer,synth_slow_drift,192,2,retrain,9,2692.609727,46.957647,51.890363,6.263545,6.390025,60.732984,,
itransformer,synth_slow_drift,336,1,retrain,0,351.889944,15.278905,18.758730,2.827716,2.841127,62.089552,,
itransformer,synth_slow_drift,336,1,retrain,1,407.294684,16.416337,20.181543,2.919410,2.925266,60.895522,,
itransformer,synth_slow_drift,336,1,retrain,2,700.287569,22.271791,26.462947,3.797247,3.820469,60.597015,,
itransformer,synth_slow_drift,336,1,retrain,3,581.390703,20.058797,24.112045,3.285922,3.286549,60.298507,,
itransformer,synth_slow_drift,336,1,retrain,4,941.251296,25.977253,30.679819,4.099463,4.112479,61.194030,,
itransformer,synth_slow_drift,336,1,retrain,5,1192.526363,29.930622,34.532975,4.563547,4.591001,62.388060,,
itransformer,synth_slow_drift,336,1,retrain,6,1077.756603,28.248430,32.829204,4.169837,4.194005,62.089552,,
itransformer,synth_slow_drift,336,1,retrain,7,1440.282291,33.191424,37.951051,4.729743,4.776939,54.925373,,
itransformer,synth_slow_drift,336,1,retrain,8,2724.931792,48.225181,52.200879,6.642243,6.794655,61.194030,,
itransformer,synth_slow_drift,336,1,retrain,9,2459.862654,45.024492,49.597002,6.025185,6.138704,60.298507,,
itransformer,synth_slow_drift,720,2,retrain,0,725.991115,23.128451,26.944222,4.283003,4.335173,62.447844,,
itransformer,synth_slow_drift,720,2,retrain,1,569.852630,20.030419,23.871586,3.560110,3.603019,61.335188,,
itransformer,synth_slow_drift,720,2,retrain,2,774.454997,24.234437,27.829032,4.132764,4.186545,61.474270,,
itransformer,synth_slow_drift,720,2,retrain,3,825.406119,25.177262,28.729882,4.126352,4.173003,61.335188,,
itransformer,synth_slow_drift,720,2,retrain,4,965.420938,27.028442,31.071224,4.271470,4.304582,62.169680,,
itransformer,synth_slow_drift,720,2,retrain,5,1327.368515,32.864404,36.433069,5.005732,5.073021,63.838665,,
itransformer,synth_slow_drift,720,2,retrain,6,1307.031458,31.764446,36.152890,4.685717,4.731715,59.248957,,
itransformer,synth_slow_drift,720,2,retrain,7,1556.736156,35.570378,39.455496,5.064550,5.135205,59.805285,,
itransformer,synth_slow_drift,720,2,retrain,8,2367.752868,44.861889,48.659561,6.190744,6.325550,59.666203,,
itransformer,synth_slow_drift,720,2,retrain,9,2635.278049,47.131138,51.334959,6.304502,6.443342,61.752434,,
itransformer,synth_slow_drift,336,2,retrain,0,357.133138,15.376860,18.897967,2.845845,2.864039,61.791045,,
itransformer,synth_slow_drift,336,2,retrain,1,333.348865,14.621198,18.257844,2.600170,2.595103,62.985075,,
itransformer,synth_slow_drift,336,2,retrain,2,659.507796,21.767884,25.680884,3.711333,3.728109,61.492537,,
itransformer,synth_slow_drift,336,2,retrain,3,530.486232,18.832144,23.032287,3.084978,3.075901,61.492537,,
itransformer,synth_slow_drift,336,2,retrain,4,869.015036,24.682784,29.479061,3.895183,3.896960,60.895522,,
itransformer,synth_slow_drift,336,2,retrain,5,1142.450598,29.394745,33.800157,4.481841,4.510602,64.477612,,
itransformer,synth_slow_drift,336,2,retrain,6,1359.759261,32.727365,36.874914,4.830986,4.887823,60.895522,,
itransformer,synth_slow_drift,336,2,retrain,7,1745.921048,37.793983,41.784220,5.385602,5.473010,58.208955,,
itransformer,synth_slow_drift,336,2,retrain,8,2281.908450,42.518586,47.769325,5.856251,5.945716,58.208955,,
itransformer,synth_slow_drift,336,2,retrain,9,2991.187497,50.448808,54.691750,6.751067,6.913744,57.611940,,
itransformer,synth_fast_switch,96,0,retrain,0,161.885897,9.587568,12.723439,1.890947,1.891401,62.105263,,
itransformer,synth_fast_switch,96,0,retrain,1,94111.906046,292.482328,306.776639,36.800732,44.355655,44.210526,,
itransformer,synth_fast_switch,96,0,retrain,2,2754.142256,40.231632,52.479922,4.419658,4.442293,65.263158,,
itransformer,synth_fast_switch,96,0,retrain,3,2058.664764,36.621063,45.372511,4.033190,4.042673,56.842105,,
itransformer,synth_fast_switch,96,0,retrain,4,17520.436018,129.475177,132.364784,16.176654,15.017727,54.736842,,
itransformer,synth_fast_switch,96,0,retrain,5,10101.642320,85.277489,100.506927,10.728020,9.866805,58.947368,,
itransformer,synth_fast_switch,96,0,retrain,6,567.102811,19.232841,23.813921,2.446453,2.436745,53.684211,,
itransformer,synth_fast_switch,96,0,retrain,7,259.006734,13.452785,16.093686,2.678018,2.687895,60.000000,,
itransformer,synth_fast_switch,96,0,retrain,8,223.260140,12.230653,14.941892,2.424448,2.438743,61.052632,,
itransformer,synth_fast_switch,96,0,retrain,9,209.214451,11.302916,14.464247,2.213947,2.205717,60.000000,,
itransformer,synth_slow_drift,720,0,retrain,0,912.799616,26.484221,30.212574,4.904435,4.964893,62.308762,,
itransformer,synth_slow_drift,720,0,retrain,1,589.070121,20.465913,24.270767,3.637513,3.680452,61.335188,,
itransformer,synth_slow_drift,720,0,retrain,2,672.565296,22.351317,25.933864,3.811630,3.849174,62.308762,,
itransformer,synth_slow_drift,720,0,retrain,3,781.918676,24.475324,27.962809,4.011310,4.056048,61.057024,,
itransformer,synth_slow_drift,720,0,retrain,4,1014.055594,28.005696,31.844240,4.425912,4.469255,62.586926,,
itransformer,synth_slow_drift,720,0,retrain,5,1205.016091,30.496543,34.713342,4.645072,4.685771,61.891516,,
itransformer,synth_slow_drift,720,0,retrain,6,1208.980648,30.871757,34.770399,4.554032,4.609648,58.414465,,
itransformer,synth_slow_drift,720,0,retrain,7,1538.888975,35.219695,39.228675,5.014619,5.081380,59.109875,,
itransformer,synth_slow_drift,720,0,retrain,8,2201.856532,43.627552,46.923944,6.020410,6.155375,61.196106,,
itransformer,synth_slow_drift,720,0,retrain,9,2343.247770,44.145148,48.407105,5.905080,6.016974,59.666203,,
itransformer,synth_slow_drift,720,1,retrain,0,708.542500,22.940828,26.618462,4.248258,4.305522,62.865090,,
itransformer,synth_slow_drift,720,1,retrain,1,626.365599,21.240926,25.027297,3.775260,3.832261,61.613352,,
itransformer,synth_slow_drift,720,1,retrain,2,800.804544,24.799527,28.298490,4.229130,4.288314,61.752434,,
itransformer,synth_slow_drift,720,1,retrain,3,876.588579,26.099683,29.607239,4.277530,4.336798,61.335188,,
itransformer,synth_slow_drift,720,1,retrain,4,953.762634,27.059147,30.883048,4.276323,4.313820,63.143255,,
itransformer,synth_slow_drift,720,1,retrain,5,1179.093230,30.462602,34.337927,4.639903,4.684935,62.169680,,
itransformer,synth_slow_drift,720,1,retrain,6,1317.463654,32.440991,36.296882,4.785517,4.851258,59.805285,,
itransformer,synth_slow_drift,720,1,retrain,7,1712.407903,37.838901,41.381251,5.387545,5.479830,60.222531,,
itransformer,synth_slow_drift,720,1,retrain,8,2057.177165,40.800380,45.356115,5.630273,5.716309,60.778860,,
itransformer,synth_slow_drift,720,1,retrain,9,2163.916315,41.768903,46.517914,5.587222,5.676248,61.474270,,
itransformer,synth_fast_switch,336,0,retrain,0,150.183294,9.763418,12.254929,1.923311,1.931528,60.895522,,
itransformer,synth_fast_switch,336,0,retrain,1,28111.199676,95.497869,167.663949,16.026497,14.931400,53.293413,,
itransformer,synth_fast_switch,336,0,retrain,2,134023.641616,356.844292,366.092395,39.154420,48.306165,53.731343,,
itransformer,synth_fast_switch,336,0,retrain,3,2189.413049,38.340522,46.791164,4.215674,4.240553,62.089552,,
itransformer,synth_fast_switch,336,0,retrain,4,13940.378293,93.218408,118.069379,11.005354,10.634756,40.119760,,
itransformer,synth_fast_switch,336,0,retrain,5,15161.706067,119.600508,123.132880,15.073087,14.046220,52.238806,,
itransformer,synth_fast_switch,336,0,retrain,6,497.702592,17.909672,22.309249,2.274515,2.278880,59.402985,,
itransformer,synth_fast_switch,336,0,retrain,7,72336.429272,265.040828,268.954326,52.001553,41.305552,41.492537,,
itransformer,synth_fast_switch,336,0,retrain,8,810.725430,23.129158,28.473241,4.569872,4.559929,50.746269,,
itransformer,synth_fast_switch,336,0,retrain,9,369.711566,15.456685,19.227885,3.035856,3.026998,60.298507,,
itransformer,synth_fast_switch,336,2,retrain,0,154.014078,9.886616,12.410241,1.947580,1.956057,61.194030,,
itransformer,synth_fast_switch,336,2,retrain,1,28143.464757,95.836732,167.760141,16.083365,14.995954,50.898204,,
itransformer,synth_fast_switch,336,2,retrain,2,148668.729430,376.140728,385.575841,41.271704,51.586315,49.850746,,
itransformer,synth_fast_switch,336,2,retrain,3,2449.115264,40.950750,49.488537,4.502677,4.525549,61.194030,,
itransformer,synth_fast_switch,336,2,retrain,4,13206.113568,90.962253,114.917856,10.738993,10.378967,44.011976,,
itransformer,synth_fast_switch,336,2,retrain,5,13363.021740,111.087315,115.598537,14.000181,13.039322,58.208955,,
itransformer,synth_fast_switch,336,2,retrain,6,744.497402,21.908545,27.285480,2.782369,2.800544,56.716418,,
itransformer,synth_fast_switch,336,2,retrain,7,73514.914476,266.926855,271.136339,52.371596,41.522465,44.179104,,
itransformer,synth_fast_switch,336,2,retrain,8,682.138606,21.643636,26.117783,4.276362,4.280170,57.313433,,
itransformer,synth_fast_switch,336,2,retrain,9,288.265926,13.681745,16.978396,2.687239,2.681043,58.208955,,
itransformer,synth_fast_switch,96,1,retrain,0,170.593090,10.066727,13.061129,1.985452,1.990907,62.105263,,
itransformer,synth_fast_switch,96,1,retrain,1,94544.580797,289.604030,307.481025,36.438578,43.826046,49.473684,,
itransformer,synth_fast_switch,96,1,retrain,2,2686.161645,39.725927,51.828194,4.364103,4.385625,60.000000,,
itransformer,synth_fast_switch,96,1,retrain,3,1907.983848,34.457208,43.680474,3.794878,3.801170,64.210526,,
itransformer,synth_fast_switch,96,1,retrain,4,1341.654286,29.949823,36.628599,3.741937,3.759903,51.578947,,
itransformer,synth_fast_switch,96,1,retrain,5,8710.606067,85.369520,93.330628,10.739597,10.122093,56.842105,,
itransformer,synth_fast_switch,96,1,retrain,6,529.885486,18.890836,23.019242,2.402950,2.402160,50.526316,,
itransformer,synth_fast_switch,96,1,retrain,7,232.757290,12.417960,15.256385,2.472018,2.483430,49.473684,,
itransformer,synth_fast_switch,96,1,retrain,8,251.572589,12.732136,15.861040,2.523856,2.541300,55.789474,,
itransformer,synth_fast_switch,96,1,retrain,9,254.297889,12.402495,15.946720,2.429326,2.425389,63.157895,,
itransformer,synth_fast_switch,96,2,retrain,0,156.304143,9.561575,12.502166,1.885821,1.887613,60.000000,,
itransformer,synth_fast_switch,96,2,retrain,1,92851.004757,291.350141,304.714628,36.658277,44.149077,51.578947,,
itransformer,synth_fast_switch,96,2,retrain,2,2854.634793,42.186745,53.428782,4.634437,4.650743,57.894737,,
itransformer,synth_fast_switch,96,2,retrain,3,1933.654485,35.892217,43.973338,3.952920,3.967529,60.000000,,
itransformer,synth_fast_switch,96,2,retrain,4,20124.801099,137.944406,141.861909,17.234801,18.924107,64.210526,,
itransformer,synth_fast_switch,96,2,retrain,5,5425.770981,65.161210,73.659833,8.197365,7.817083,60.000000,,
itransformer,synth_fast_switch,96,2,retrain,6,750.029554,22.704575,27.386667,2.888064,2.920860,49.473684,,
itransformer,synth_fast_switch,96,2,retrain,7,259.579862,13.029136,16.111482,2.593683,2.598768,49.473684,,
itransformer,synth_fast_switch,96,2,retrain,8,240.383322,12.618742,15.504300,2.501378,2.514832,54.736842,,
itransformer,synth_fast_switch,96,2,retrain,9,191.310555,11.189217,13.831506,2.191677,2.183142,55.789474,,
itransformer,synth_fast_switch,192,0,retrain,0,159.219106,9.868990,12.618205,1.943953,1.949002,61.780105,,
itransformer,synth_fast_switch,192,0,retrain,1,49267.486952,160.418790,221.962805,24.240887,24.791635,50.000000,,
itransformer,synth_fast_switch,192,0,retrain,2,10271.696490,83.533097,101.349378,9.178436,9.325596,61.780105,,
itransformer,synth_fast_switch,192,0,retrain,3,2197.521560,39.217323,46.877730,4.311311,4.328593,61.780105,,
itransformer,synth_fast_switch,192,0,retrain,4,19707.144076,111.656531,140.382136,13.836075,12.858591,40.314136,,
itransformer,synth_fast_switch,192,0,retrain,5,7180.562438,70.724193,84.738199,8.882878,8.262228,56.020942,,
itransformer,synth_fast_switch,192,0,retrain,6,592.928061,19.748441,24.350114,2.511593,2.498673,54.973822,,
itransformer,synth_fast_switch,192,0,retrain,7,4436.836912,55.068915,66.609586,10.947049,10.442347,43.455497,,
itransformer,synth_fast_switch,192,0,retrain,8,311.138796,13.887055,17.639127,2.749579,2.746639,61.256545,,
itransformer,synth_fast_switch,192,0,retrain,9,217.842166,11.802046,14.759477,2.310578,2.303744,61.256545,,
itransformer,synth_fast_switch,192,1,retrain,0,155.298727,9.744661,12.461891,1.919463,1.923506,63.350785,,
itransformer,synth_fast_switch,192,1,retrain,1,48973.643667,160.088290,221.299895,24.190946,24.730955,45.263158,,
itransformer,synth_fast_switch,192,1,retrain,2,10231.925467,82.686038,101.152981,9.085363,9.228161,54.450262,,
itransformer,synth_fast_switch,192,1,retrain,3,2075.273416,37.439180,45.555169,4.115833,4.130442,63.874346,,
itransformer,synth_fast_switch,192,1,retrain,4,19845.057166,113.127180,140.872485,14.018312,13.021314,41.884817,,
itransformer,synth_fast_switch,192,1,retrain,5,13709.615498,112.368211,117.088067,14.113320,13.107881,51.308901,,
itransformer,synth_fast_switch,192,1,retrain,6,558.888664,18.759715,23.640826,2.385848,2.389847,58.115183,,
itransformer,synth_fast_switch,192,1,retrain,7,2022.709847,35.583949,44.974547,7.073668,6.939464,49.214660,,
itransformer,synth_fast_switch,192,1,retrain,8,308.895738,13.744691,17.575430,2.721392,2.725317,55.497382,,
itransformer,synth_fast_switch,192,1,retrain,9,224.740712,12.091202,14.991355,2.367188,2.360096,59.685864,,
itransformer,synth_fast_switch,192,2,retrain,0,161.472093,9.923910,12.707167,1.954771,1.959140,62.827225,,
itransformer,synth_fast_switch,192,2,retrain,1,49436.051846,161.455773,222.342195,24.397586,24.986904,46.315789,,
itransformer,synth_fast_switch,192,2,retrain,2,12992.532738,91.690813,113.984792,10.074788,10.323085,50.785340,,
itransformer,synth_fast_switch,192,2,retrain,3,1937.154379,35.859954,44.013116,3.942223,3.948086,61.256545,,
itransformer,synth_fast_switch,192,2,retrain,4,18735.250749,108.659303,136.876772,13.464669,12.549665,41.884817,,
itransformer,synth_fast_switch,192,2,retrain,5,12427.650605,106.631530,111.479373,13.392799,12.469519,59.162304,,
itransformer,synth_fast_switch,192,2,retrain,6,521.322244,18.370628,22.832482,2.336364,2.336873,56.020942,,
itransformer,synth_fast_switch,192,2,retrain,7,2204.333994,37.726356,46.950335,7.499553,7.336601,50.261780,,
itransformer,synth_fast_switch,192,2,retrain,8,293.800084,13.410442,17.140598,2.655212,2.654922,61.256545,,
itransformer,synth_fast_switch,192,2,retrain,9,385.046301,15.993583,19.622597,3.131187,3.120721,59.685864,,
itransformer,synth_fast_switch,336,1,retrain,0,158.041924,10.037251,12.571473,1.977253,1.986843,59.701493,,
itransformer,synth_fast_switch,336,1,retrain,1,27611.274053,94.140592,166.166405,15.798718,14.676509,55.089820,,
itransformer,synth_fast_switch,336,1,retrain,2,153915.893902,383.502915,392.321162,42.079513,52.876280,51.343284,,
itransformer,synth_fast_switch,336,1,retrain,3,2073.807310,37.037329,45.539075,4.072383,4.091763,60.895522,,
itransformer,synth_fast_switch,336,1,retrain,4,13787.950289,92.453878,117.422103,10.915094,10.544964,45.209581,,
itransformer,synth_fast_switch,336,1,retrain,5,13721.354789,112.064259,117.138187,14.123304,13.129181,58.507463,,
itransformer,synth_fast_switch,336,1,retrain,6,452.137717,17.183422,21.263530,2.182282,2.184100,56.716418,,
itransformer,synth_fast_switch,336,1,retrain,7,88531.580450,292.147294,297.542569,57.319898,44.513564,42.388060,,
itransformer,synth_fast_switch,336,1,retrain,8,843.844971,23.158378,29.049010,4.575645,4.519714,54.925373,,
itransformer,synth_fast_switch,336,1,retrain,9,388.430594,16.014115,19.708643,3.145341,3.133158,54.328358,,
itransformer,synth_fast_switch,720,2,retrain,0,148.447810,9.803930,12.183916,1.934458,1.939214,59.666203,,
itransformer,synth_fast_switch,720,2,retrain,1,56259.183769,158.738932,237.190185,24.259142,23.591758,49.303621,,
itransformer,synth_fast_switch,720,2,retrain,2,131964.972438,353.039407,363.269834,38.799362,47.888628,50.208623,,
itransformer,synth_fast_switch,720,2,retrain,3,2109.453393,36.808184,45.928786,4.046752,4.066223,60.917942,,
itransformer,synth_fast_switch,720,2,retrain,4,11807.361723,83.642592,108.661685,9.827109,9.589180,46.239554,,
itransformer,synth_fast_switch,720,2,retrain,5,18585.338918,110.614599,136.328056,13.961776,12.968735,38.386648,,
itransformer,synth_fast_switch,720,2,retrain,6,1868.737414,35.164681,43.228896,4.470608,4.322607,57.719054,,
itransformer,synth_fast_switch,720,2,retrain,7,55588.228349,214.307095,235.771560,38.060660,33.288808,51.114206,,
itransformer,synth_fast_switch,720,2,retrain,8,73367.689962,266.582987,270.864708,52.772107,41.746920,41.446453,,
itransformer,synth_fast_switch,720,2,retrain,9,2595.942086,39.527599,50.950388,7.686040,7.366558,57.103064,,
itransformer,synth_fast_switch,720,0,retrain,0,146.552691,9.746012,12.105895,1.923030,1.927496,59.805285,,
itransformer,synth_fast_switch,720,0,retrain,1,56294.797748,159.274553,237.265248,24.340997,23.698259,48.885794,,
itransformer,synth_fast_switch,720,0,retrain,2,134138.439601,354.746400,366.249150,38.986962,48.270278,49.791377,,
itransformer,synth_fast_switch,720,0,retrain,3,2134.827551,37.239821,46.204194,4.094207,4.122179,60.222531,,
itransformer,synth_fast_switch,720,0,retrain,4,11851.912729,83.058275,108.866490,9.758458,9.520062,46.796657,,
itransformer,synth_fast_switch,720,0,retrain,5,20973.261273,125.910512,144.821481,15.892426,14.695522,38.942976,,
itransformer,synth_fast_switch,720,0,retrain,6,13674.663672,112.384862,116.938718,14.287877,13.277736,57.858136,,
itransformer,synth_fast_switch,720,0,retrain,7,63507.668088,230.076292,252.007278,40.861249,35.243323,53.621170,,
itransformer,synth_fast_switch,720,0,retrain,8,83771.976704,284.006888,289.433890,56.221299,43.822801,38.525730,,
itransformer,synth_fast_switch,720,0,retrain,9,2379.176521,37.078174,48.776803,7.209755,6.917838,51.114206,,
itransformer,synth_fast_switch,720,1,retrain,0,146.436404,9.741100,12.101091,1.922061,1.926691,59.666203,,
itransformer,synth_fast_switch,720,1,retrain,1,56321.191310,158.888352,237.320862,24.281977,23.620188,51.671309,,
itransformer,synth_fast_switch,720,1,retrain,2,133963.667329,355.724582,366.010474,39.094465,48.335722,52.851182,,
itransformer,synth_fast_switch,720,1,retrain,3,2323.925804,38.814993,48.207114,4.267384,4.290675,60.083449,,
itransformer,synth_fast_switch,720,1,retrain,4,10672.742335,82.001352,103.308965,9.634281,9.433917,49.582173,,
itransformer,synth_fast_switch,720,1,retrain,5,15680.118667,119.534122,125.220281,15.087598,14.115324,50.347705,,
itransformer,synth_fast_switch,720,1,retrain,6,17154.734709,128.768360,130.976084,16.370768,15.158494,58.692629,,
itransformer,synth_fast_switch,720,1,retrain,7,58921.607919,218.920230,242.737735,38.879947,33.829789,44.011142,,
itransformer,synth_fast_switch,720,1,retrain,8,78269.763517,275.764052,279.767338,54.589567,42.882077,39.916551,,
itransformer,synth_fast_switch,720,1,retrain,9,2024.672525,33.148877,44.996361,6.445714,6.197636,57.938719,,
itransformer,synth_recurring,96,0,retrain,0,164.487270,10.314550,12.825259,2.036420,2.046080,56.842105,,
itransformer,synth_recurring,96,0,retrain,1,144557.885903,372.725902,380.207688,42.307454,53.307944,44.210526,,
itransformer,synth_recurring,96,0,retrain,2,2040.127329,35.500810,45.167769,3.912778,3.914402,61.052632,,
itransformer,synth_recurring,96,0,retrain,3,2691.382633,42.462984,51.878537,4.595246,4.595541,60.000000,,
itransformer,synth_recurring,96,0,retrain,4,6337.343870,77.650240,79.607436,12.943470,13.921779,53.684211,,
itransformer,synth_recurring,96,0,retrain,5,5017.285344,69.363012,70.832799,11.535032,12.230228,47.368421,,
itransformer,synth_recurring,96,0,retrain,6,109.522801,8.256704,10.465314,1.372596,1.362784,53.684211,,
itransformer,synth_recurring,96,0,retrain,7,200.387254,11.455299,14.155821,2.271330,2.272908,60.000000,,
itransformer,synth_recurring,96,0,retrain,8,232.163018,12.432754,15.236897,2.456019,2.454839,45.263158,,
itransformer,synth_recurring,96,0,retrain,9,9937.968907,80.483875,99.689362,9.058061,9.195859,51.578947,,
itransformer,synth_recurring,336,0,retrain,0,153.892091,9.671150,12.405325,1.908916,1.909021,62.686567,,
itransformer,synth_recurring,336,0,retrain,1,67019.526429,193.942072,258.881298,27.996601,28.974625,53.293413,,
itransformer,synth_recurring,336,0,retrain,2,9901.560205,81.099046,99.506584,8.929207,9.078183,48.358209,,
itransformer,synth_recurring,336,0,retrain,3,2489.899483,39.387948,49.898893,4.285594,4.312670,56.119403,,
itransformer,synth_recurring,336,0,retrain,4,95718.312979,302.276765,309.383763,50.027162,39.776901,48.656716,,
itransformer,synth_recurring,336,0,retrain,5,2464.564820,45.525647,49.644384,7.572702,7.944559,57.313433,,
itransformer,synth_recurring,336,0,retrain,6,105.105945,8.307483,10.252119,1.380582,1.381613,55.223881,,
itransformer,synth_recurring,336,0,retrain,7,4025.409024,60.488275,63.446111,12.014676,11.436675,61.492537,,
itransformer,synth_recurring,336,0,retrain,8,483.975227,18.424993,21.999437,3.640567,3.639044,57.910448,,
itransformer,synth_recurring,336,0,retrain,9,67928.760196,202.027707,260.631464,28.243903,29.490084,49.101796,,
itransformer,synth_recurring,96,1,retrain,0,165.891090,10.279216,12.879872,2.029444,2.039984,61.052632,,
itransformer,synth_recurring,96,1,retrain,1,144811.995754,372.682199,380.541714,42.302493,53.311804,51.578947,,
itransformer,synth_recurring,96,1,retrain,2,2409.447951,38.988490,49.086128,4.297178,4.299393,56.842105,,
itransformer,synth_recurring,96,1,retrain,3,2564.928684,41.742214,50.645125,4.517246,4.514718,60.000000,,
itransformer,synth_recurring,96,1,retrain,4,6175.199063,74.713518,78.582435,12.453950,13.447045,58.947368,,
itransformer,synth_recurring,96,1,retrain,5,6033.802912,76.567063,77.677557,12.733061,13.593303,41.052632,,
itransformer,synth_recurring,96,1,retrain,6,263.203536,13.542832,16.223549,2.251364,2.217488,56.842105,,
itransformer,synth_recurring,96,1,retrain,7,215.311545,11.660125,14.673498,2.311942,2.318379,58.947368,,
itransformer,synth_recurring,96,1,retrain,8,249.043226,12.568909,15.781103,2.482915,2.475850,58.947368,,
itransformer,synth_recurring,96,1,retrain,9,8051.450543,72.992516,89.729875,8.214946,8.298370,49.473684,,
itransformer,synth_recurring,336,1,retrain,0,158.616377,9.770506,12.594299,1.928527,1.928680,62.985075,,
itransformer,synth_recurring,336,1,retrain,1,68116.128894,196.243058,260.990668,28.328761,29.398405,50.000000,,
itransformer,synth_recurring,336,1,retrain,2,8341.739460,74.782052,91.333124,8.233690,8.323012,48.059701,,
itransformer,synth_recurring,336,1,retrain,3,2410.060544,39.250475,49.092367,4.270636,4.300767,57.014925,,
itransformer,synth_recurring,336,1,retrain,4,89236.960937,296.872737,298.725561,49.132789,39.416425,46.865672,,
itransformer,synth_recurring,336,1,retrain,5,3173.744694,53.052566,56.335998,8.824724,9.285111,59.104478,,
itransformer,synth_recurring,336,1,retrain,6,244.122852,12.625742,15.624431,2.098213,2.089183,60.597015,,
itransformer,synth_recurring,336,1,retrain,7,3964.295493,60.171675,62.962652,11.951790,11.381077,52.835821,,
itransformer,synth_recurring,336,1,retrain,8,356.026627,15.205112,18.868668,3.004355,2.996531,59.402985,,
itransformer,synth_recurring,336,1,retrain,9,64650.619312,197.452208,254.264861,27.604238,28.704755,47.904192,,
itransformer,synth_recurring,96,2,retrain,0,164.380841,10.251333,12.821109,2.023939,2.033396,64.210526,,
itransformer,synth_recurring,96,2,retrain,1,146079.296980,376.468147,382.203214,42.732229,54.013772,63.157895,,
itransformer,synth_recurring,96,2,retrain,2,2266.033800,38.280155,47.602876,4.219107,4.223838,57.894737,,
itransformer,synth_recurring,96,2,retrain,3,2444.724337,40.240293,49.444154,4.354712,4.350867,53.684211,,
itransformer,synth_recurring,96,2,retrain,4,4451.345855,53.945615,66.718407,8.992161,9.794398,63.157895,,
itransformer,synth_recurring,96,2,retrain,5,5717.053857,74.430548,75.611202,12.377760,13.173848,46.315789,,
itransformer,synth_recurring,96,2,retrain,6,73.913074,6.859510,8.597271,1.140327,1.138511,54.736842,,
itransformer,synth_recurring,96,2,retrain,7,235.945350,12.315502,15.360513,2.441889,2.450398,62.105263,,
itransformer,synth_recurring,96,2,retrain,8,352.043850,14.844567,18.762832,2.932458,2.923251,54.736842,,
itransformer,synth_recurring,96,2,retrain,9,6968.428477,67.419592,83.477113,7.587741,7.649811,53.684211,,
itransformer,synth_recurring,192,0,retrain,0,173.555289,10.268390,13.174038,2.025288,2.024658,62.303665,,
itransformer,synth_recurring,192,0,retrain,1,116296.251936,325.369243,341.022363,39.257724,47.931722,53.926702,,
itransformer,synth_recurring,192,0,retrain,2,2666.136500,41.514123,51.634644,4.577064,4.599935,60.209424,,
itransformer,synth_recurring,192,0,retrain,3,2307.224886,38.485620,48.033581,4.177194,4.202999,56.020942,,
itransformer,synth_recurring,192,0,retrain,4,1710.122039,35.562426,41.353622,5.918814,5.710802,59.162304,,
itransformer,synth_recurring,192,0,retrain,5,3547.264042,55.633409,59.558912,9.255600,9.824515,58.638743,,
itransformer,synth_recurring,192,0,retrain,6,68.430257,6.625828,8.272258,1.102015,1.100667,60.732984,,
itransformer,synth_recurring,192,0,retrain,7,211.229720,11.566436,14.533744,2.299345,2.300110,64.921466,,
itransformer,synth_recurring,192,0,retrain,8,447.212780,16.363647,21.147406,3.225104,3.229922,58.115183,,
itransformer,synth_recurring,192,0,retrain,9,121299.068631,335.281997,348.280158,39.410408,48.427286,40.837696,,
itransformer,synth_recurring,192,1,retrain,0,167.904592,10.135004,12.957800,1.998980,2.000541,59.162304,,
itransformer,synth_recurring,192,1,retrain,1,116313.110290,325.674606,341.047079,39.294568,47.993095,57.591623,,
itransformer,synth_recurring,192,1,retrain,2,2740.698218,42.064539,52.351678,4.637749,4.662344,61.780105,,
itransformer,synth_recurring,192,1,retrain,3,2389.301857,39.451455,48.880485,4.282025,4.311261,58.115183,,
itransformer,synth_recurring,192,1,retrain,4,379.342034,15.835857,19.476705,2.635633,2.634185,48.167539,,
itransformer,synth_recurring,192,1,retrain,5,4123.329914,62.245720,64.213160,10.355675,10.986558,59.685864,,
itransformer,synth_recurring,192,1,retrain,6,98.268571,8.153097,9.913051,1.356032,1.354813,50.785340,,
itransformer,synth_recurring,192,1,retrain,7,177.837890,10.593694,13.335587,2.105969,2.110283,59.685864,,
itransformer,synth_recurring,192,1,retrain,8,295.029646,14.038763,17.176427,2.766893,2.766334,58.115183,,
itransformer,synth_recurring,192,1,retrain,9,119972.323574,333.156748,346.370212,39.160598,48.018622,45.549738,,
itransformer,synth_recurring,192,2,retrain,0,166.070942,10.183673,12.886852,2.008579,2.010978,61.780105,,
itransformer,synth_recurring,192,2,retrain,1,116168.489713,325.396885,340.834989,39.261060,47.940680,59.162304,,
itransformer,synth_recurring,192,2,retrain,2,2856.437110,43.770194,53.445646,4.825803,4.852769,58.638743,,
itransformer,synth_recurring,192,2,retrain,3,2455.784948,39.009143,49.555877,4.234017,4.270003,57.068063,,
itransformer,synth_recurring,192,2,retrain,4,2116.272449,38.239499,46.002961,6.364371,6.605848,52.356021,,
itransformer,synth_recurring,192,2,retrain,5,4761.073583,67.467492,69.000533,11.224409,11.934522,57.068063,,
itransformer,synth_recurring,192,2,retrain,6,71.589988,6.928643,8.461087,1.152379,1.152507,59.685864,,
itransformer,synth_recurring,192,2,retrain,7,248.676747,12.829940,15.769488,2.550522,2.552354,65.968586,,
itransformer,synth_recurring,192,2,retrain,8,292.685632,13.656932,17.108058,2.691638,2.698810,58.115183,,
itransformer,synth_recurring,192,2,retrain,9,111228.359303,319.815869,333.509159,37.592457,45.644661,48.691099,,
itransformer,synth_recurring,336,2,retrain,0,153.517798,9.685044,12.390230,1.911659,1.913183,61.791045,,
itransformer,synth_recurring,336,2,retrain,1,68391.164225,196.465369,261.517044,28.360853,29.440193,52.994012,,
itransformer,synth_recurring,336,2,retrain,2,10917.921047,84.833849,104.488856,9.340418,9.517874,44.477612,,
itransformer,synth_recurring,336,2,retrain,3,2361.663032,38.791566,48.596945,4.220705,4.249164,57.611940,,
itransformer,synth_recurring,336,2,retrain,4,88775.095725,289.819182,297.951499,47.965418,38.406278,49.552239,,
itransformer,synth_recurring,336,2,retrain,5,1786.353113,36.642682,42.265271,6.095116,6.300815,52.238806,,
itransformer,synth_recurring,336,2,retrain,6,185.182193,11.045541,13.608166,1.835607,1.822610,56.119403,,
itransformer,synth_recurring,336,2,retrain,7,5023.322572,68.172325,70.875402,13.540945,12.788169,59.402985,,
itransformer,synth_recurring,336,2,retrain,8,436.222371,17.103969,20.885937,3.379548,3.381331,54.328358,,
itransformer,synth_recurring,336,2,retrain,9,65130.466320,198.200044,255.206713,27.708787,28.806823,48.802395,,
itransformer,synth_recurring,720,0,retrain,0,154.045779,9.870502,12.411518,1.949818,1.954014,61.613352,,
itransformer,synth_recurring,720,0,retrain,1,75102.931073,204.942979,274.049140,29.232771,30.041742,51.392758,,
itransformer,synth_recurring,720,0,retrain,2,119470.062653,333.367537,345.644416,36.743250,44.924009,52.573018,,
itransformer,synth_recurring,720,0,retrain,3,2280.772852,38.816037,47.757438,4.237632,4.258072,58.831711,,
itransformer,synth_recurring,720,0,retrain,4,75585.735084,254.928070,274.928600,39.075818,33.418146,48.189415,,
itransformer,synth_recurring,720,0,retrain,5,82967.496178,286.207107,288.040789,47.630333,38.426465,47.566064,,
itransformer,synth_recurring,720,0,retrain,6,2865.454264,35.213122,53.529938,6.011876,6.070753,56.128134,,
itransformer,synth_recurring,720,0,retrain,7,8379.534707,87.070150,91.539798,17.300170,16.008153,48.400556,,
itransformer,synth_recurring,720,0,retrain,8,3555.040840,48.912977,59.624163,9.667245,9.121465,60.500695,,
itransformer,synth_recurring,720,0,retrain,9,56440.647254,177.864190,237.572404,24.939056,24.815646,53.481894,,
itransformer,synth_recurring,720,2,retrain,0,150.596155,9.733909,12.271762,1.922836,1.926355,61.891516,,
itransformer,synth_recurring,720,2,retrain,1,77046.397098,203.486674,277.572328,29.025046,29.733221,51.949861,,
itransformer,synth_recurring,720,2,retrain,2,118630.243509,333.516926,344.427414,36.759716,44.823681,51.182197,,
itransformer,synth_recurring,720,2,retrain,3,2388.113144,39.753872,48.868325,4.340018,4.357900,58.831711,,
itransformer,synth_recurring,720,2,retrain,4,85356.635606,272.835211,292.158580,41.820655,35.389283,48.189415,,
itransformer,synth_recurring,720,2,retrain,5,80947.063223,276.269248,284.511974,45.976483,37.104866,46.870654,,
itransformer,synth_recurring,720,2,retrain,6,2768.080451,31.898687,52.612550,5.446009,5.500874,54.317549,,
itransformer,synth_recurring,720,2,retrain,7,8101.309697,85.985307,90.007276,17.084620,15.842554,47.009736,,
itransformer,synth_recurring,720,2,retrain,8,2768.462804,42.975504,52.616184,8.493753,8.072368,59.388039,,
itransformer,synth_recurring,720,2,retrain,9,56550.242387,178.854573,237.802949,25.077921,25.007268,51.810585,,
itransformer,synth_recurring,720,1,retrain,0,150.570837,9.732168,12.270731,1.922492,1.925965,61.474270,,
itransformer,synth_recurring,720,1,retrain,1,75114.649592,205.892392,274.070519,29.368194,30.231492,53.899721,,
itransformer,synth_recurring,720,1,retrain,2,120823.932957,336.906603,347.597372,37.133321,45.375616,51.460362,,
itransformer,synth_recurring,720,1,retrain,3,2256.704960,38.732486,47.504789,4.228511,4.252950,58.970793,,
itransformer,synth_recurring,720,1,retrain,4,71377.096908,254.652719,267.164925,39.033611,33.617431,52.785515,,
itransformer,synth_recurring,720,1,retrain,5,82996.684347,279.988593,288.091451,46.595453,37.510513,46.731572,,
itransformer,synth_recurring,720,1,retrain,6,4144.911624,45.623080,64.380988,7.789151,7.819984,56.406685,,
itransformer,synth_recurring,720,1,retrain,7,5892.905672,71.270273,76.765263,14.160856,13.304247,50.904033,,
itransformer,synth_recurring,720,1,retrain,8,3003.280166,46.524870,54.802191,9.195255,8.768853,53.129346,,
itransformer,synth_recurring,720,1,retrain,9,58304.876052,180.563235,241.464026,25.317500,25.260852,53.064067,,
itransformer,synth_volatility,96,1,retrain,0,25.404766,4.137247,5.040314,0.588598,0.587905,84.210526,,
itransformer,synth_volatility,96,1,retrain,1,5864.985327,59.186631,76.583192,8.274555,8.292998,48.421053,,
itransformer,synth_volatility,96,1,retrain,2,7255.428473,65.969513,85.178803,9.569529,9.826925,58.947368,,
itransformer,synth_volatility,96,1,retrain,3,38.001081,5.052391,6.164502,0.719705,0.723563,83.157895,,
itransformer,synth_volatility,96,1,retrain,4,38.400970,5.155867,6.196852,0.732455,0.733003,82.105263,,
itransformer,synth_volatility,96,1,retrain,5,5229.281225,58.282924,72.313769,8.272343,8.337919,53.684211,,
itransformer,synth_volatility,96,1,retrain,6,5490.269406,63.201933,74.096352,8.904076,8.951459,55.789474,,
itransformer,synth_volatility,96,1,retrain,7,26.774481,3.999236,5.174406,0.570035,0.570664,85.263158,,
itransformer,synth_volatility,96,1,retrain,8,44.237887,5.330203,6.651157,0.758523,0.763522,78.947368,,
itransformer,synth_volatility,96,1,retrain,9,7200.239799,69.996424,84.854227,10.149076,10.221079,50.526316,,
itransformer,synth_volatility,96,0,retrain,0,23.830392,4.044690,4.881638,0.575430,0.574968,83.157895,,
itransformer,synth_volatility,96,0,retrain,1,5711.464200,58.303375,75.574230,8.151071,8.170487,44.210526,,
itransformer,synth_volatility,96,0,retrain,2,7314.749783,66.926585,85.526310,9.708362,9.951397,40.000000,,
itransformer,synth_volatility,96,0,retrain,3,44.741965,5.517756,6.688943,0.785995,0.786769,83.157895,,
itransformer,synth_volatility,96,0,retrain,4,23.972804,3.872941,4.896203,0.550200,0.550111,86.315789,,
itransformer,synth_volatility,96,0,retrain,5,5581.534750,60.019901,74.709670,8.518879,8.576601,44.210526,,
itransformer,synth_volatility,96,0,retrain,6,5641.695339,63.005197,75.111220,8.876359,8.918366,47.368421,,
itransformer,synth_volatility,96,0,retrain,7,30.514819,4.305595,5.524022,0.613703,0.615504,83.157895,,
itransformer,synth_volatility,96,0,retrain,8,32.988066,4.580317,5.743524,0.651809,0.659606,85.263158,,
itransformer,synth_volatility,96,0,retrain,9,7561.265002,71.474829,86.955535,10.363436,10.424603,40.000000,,
itransformer,synth_volatility,96,2,retrain,0,25.149045,4.132111,5.014882,0.587868,0.587031,83.157895,,
itransformer,synth_volatility,96,2,retrain,1,6001.266611,60.041982,77.467842,8.394136,8.424135,49.473684,,
itransformer,synth_volatility,96,2,retrain,2,7517.250936,67.134149,86.702081,9.738471,9.983596,49.473684,,
itransformer,synth_volatility,96,2,retrain,3,37.122453,4.927609,6.092820,0.701930,0.705031,81.052632,,
itransformer,synth_volatility,96,2,retrain,4,38.549920,4.971598,6.208858,0.706278,0.704895,83.157895,,
itransformer,synth_volatility,96,2,retrain,5,5526.816574,59.812108,74.342562,8.489386,8.532109,50.526316,,
itransformer,synth_volatility,96,2,retrain,6,6015.924047,66.367323,77.562388,9.350026,9.396257,51.578947,,
itransformer,synth_volatility,96,2,retrain,7,44.356965,5.516646,6.660102,0.786321,0.793940,80.000000,,
itransformer,synth_volatility,96,2,retrain,8,31.526297,4.501099,5.614828,0.640536,0.647413,83.157895,,
itransformer,synth_volatility,96,2,retrain,9,7851.468115,73.815934,88.608510,10.702883,10.748942,48.421053,,
itransformer,synth_volatility,336,2,retrain,0,28.794401,4.239085,5.366041,0.603441,0.603323,85.074627,,
itransformer,synth_volatility,336,2,retrain,1,7861.150292,70.897777,88.663128,10.111836,10.200048,58.805970,,
itransformer,synth_volatility,336,2,retrain,2,6748.614626,63.777111,82.149952,9.172000,9.315965,53.432836,,
itransformer,synth_volatility,336,2,retrain,3,753.646603,24.487058,27.452625,3.492567,3.498212,65.074627,,
itransformer,synth_volatility,336,2,retrain,4,88.351000,7.388808,9.399521,1.050834,1.048788,86.268657,,
itransformer,synth_volatility,336,2,retrain,5,7118.488983,68.448239,84.371138,9.715170,9.806803,55.223881,,
itransformer,synth_volatility,336,2,retrain,6,6024.316453,62.523636,77.616470,8.961547,9.008933,51.641791,,
itransformer,synth_volatility,336,2,retrain,7,1221.291842,31.189588,34.946986,4.449093,4.453464,52.835821,,
itransformer,synth_volatility,336,2,retrain,8,91.910365,7.618415,9.586989,1.083852,1.077605,77.313433,,
itransformer,synth_volatility,336,2,retrain,9,6452.087752,64.490046,80.324889,9.285482,9.356972,49.850746,,
itransformer,synth_volatility,192,0,retrain,0,23.947930,3.987814,4.893662,0.567547,0.566446,84.293194,,
itransformer,synth_volatility,192,0,retrain,1,7248.309447,69.220044,85.137004,9.820278,9.881233,46.073298,,
itransformer,synth_volatility,192,0,retrain,2,6642.915735,63.424584,81.504084,9.151958,9.335583,58.638743,,
itransformer,synth_volatility,192,0,retrain,3,44.648947,5.393841,6.681987,0.768785,0.770734,85.863874,,
itransformer,synth_volatility,192,0,retrain,4,45.684789,5.407955,6.759052,0.768879,0.764643,83.769634,,
itransformer,synth_volatility,192,0,retrain,5,6099.683271,64.100671,78.100469,9.089669,9.157831,49.738220,,
itransformer,synth_volatility,192,0,retrain,6,6647.003901,66.735925,81.529160,9.512842,9.540880,44.502618,,
itransformer,synth_volatility,192,0,retrain,7,56.293306,6.004020,7.502886,0.856173,0.852741,86.910995,,
itransformer,synth_volatility,192,0,retrain,8,49.495733,5.707800,7.035320,0.811863,0.809538,81.675393,,
itransformer,synth_volatility,192,0,retrain,9,6475.109448,65.119556,80.468065,9.434376,9.523202,51.308901,,
itransformer,synth_volatility,192,1,retrain,0,23.399438,3.922714,4.837297,0.558282,0.557694,84.293194,,
itransformer,synth_volatility,192,1,retrain,1,6851.612366,66.251771,82.774467,9.399168,9.453611,52.879581,,
itransformer,synth_volatility,192,1,retrain,2,7000.792830,65.245001,83.670741,9.414638,9.597124,56.020942,,
itransformer,synth_volatility,192,1,retrain,3,48.165438,5.647240,6.940132,0.804902,0.807131,81.151832,,
itransformer,synth_volatility,192,1,retrain,4,43.182646,5.241214,6.571350,0.745172,0.741586,85.863874,,
itransformer,synth_volatility,192,1,retrain,5,5967.447435,63.467466,77.249255,8.999879,9.066467,48.691099,,
itransformer,synth_volatility,192,1,retrain,6,5978.543630,63.075242,77.321043,8.991032,9.021741,50.261780,,
itransformer,synth_volatility,192,1,retrain,7,49.386894,5.521454,7.027581,0.787359,0.786903,83.246073,,
itransformer,synth_volatility,192,1,retrain,8,50.345270,5.727216,7.095440,0.814625,0.811245,81.151832,,
itransformer,synth_volatility,192,1,retrain,9,6226.204419,62.550380,78.906302,9.062160,9.157831,57.591623,,
itransformer,synth_volatility,192,2,retrain,0,24.086819,3.954760,4.907832,0.562842,0.562117,84.816754,,
itransformer,synth_volatility,192,2,retrain,1,7133.024861,67.459866,84.457237,9.570561,9.632265,52.356021,,
itransformer,synth_volatility,192,2,retrain,2,7014.462484,65.251772,83.752388,9.415615,9.601575,49.738220,,
itransformer,synth_volatility,192,2,retrain,3,41.861611,5.108337,6.470055,0.728092,0.729670,85.340314,,
itransformer,synth_volatility,192,2,retrain,4,55.621860,6.175110,7.458006,0.877950,0.873725,85.340314,,
itransformer,synth_volatility,192,2,retrain,5,6170.514303,64.489283,78.552621,9.144776,9.209267,53.926702,,
itransformer,synth_volatility,192,2,retrain,6,6095.858068,63.775000,78.075976,9.090778,9.117374,51.832461,,
itransformer,synth_volatility,192,2,retrain,7,47.456988,5.475417,6.888903,0.780794,0.779489,84.816754,,
itransformer,synth_volatility,192,2,retrain,8,45.685127,5.383914,6.759077,0.765794,0.764054,82.722513,,
itransformer,synth_volatility,192,2,retrain,9,6150.556146,62.685480,78.425481,9.081733,9.180932,56.020942,,
itransformer,synth_volatility,336,0,retrain,0,25.406452,3.962380,5.040481,0.564052,0.563411,85.074627,,
itransformer,synth_volatility,336,0,retrain,1,7498.206213,68.380168,86.592183,9.752761,9.844538,46.567164,,
itransformer,synth_volatility,336,0,retrain,2,6743.415631,63.964815,82.118303,9.198994,9.347381,57.313433,,
itransformer,synth_volatility,336,0,retrain,3,1415.300119,33.834857,37.620475,4.825835,4.828999,47.761194,,
itransformer,synth_volatility,336,0,retrain,4,82.090183,7.077926,9.060363,1.006621,1.004775,85.373134,,
itransformer,synth_volatility,336,0,retrain,5,6554.948526,66.378533,80.962637,9.421407,9.514584,48.358209,,
itransformer,synth_volatility,336,0,retrain,6,5982.453107,62.520619,77.346319,8.961115,9.005063,50.746269,,
itransformer,synth_volatility,336,0,retrain,7,998.330364,28.328687,31.596366,4.040995,4.045123,65.373134,,
itransformer,synth_volatility,336,0,retrain,8,94.887112,7.777979,9.741002,1.106553,1.100782,80.895522,,
itransformer,synth_volatility,336,0,retrain,9,6520.207801,64.795718,80.747804,9.329494,9.397773,54.328358,,
itransformer,synth_volatility,336,1,retrain,0,31.922892,4.465213,5.650035,0.635631,0.635656,85.074627,,
itransformer,synth_volatility,336,1,retrain,1,8144.995093,71.946539,90.249627,10.261416,10.346426,51.940299,,
itransformer,synth_volatility,336,1,retrain,2,6533.127394,63.509392,80.827764,9.133498,9.284990,53.731343,,
itransformer,synth_volatility,336,1,retrain,3,405.066216,17.509493,20.126257,2.497363,2.505441,77.611940,,
itransformer,synth_volatility,336,1,retrain,4,91.811476,7.580262,9.581831,1.078063,1.076107,86.865672,,
itransformer,synth_volatility,336,1,retrain,5,6458.471330,64.783244,80.364615,9.194980,9.284763,54.029851,,
itransformer,synth_volatility,336,1,retrain,6,6146.300537,63.090807,78.398345,9.042840,9.090634,50.447761,,
itransformer,synth_volatility,336,1,retrain,7,626.427610,21.906440,25.028536,3.124882,3.140740,68.656716,,
itransformer,synth_volatility,336,1,retrain,8,103.688704,8.291568,10.182765,1.179620,1.176141,77.313433,,
itransformer,synth_volatility,336,1,retrain,9,7063.574946,67.870245,84.045077,9.772174,9.836560,50.746269,,
itransformer,synth_volatility,720,1,retrain,0,3221.707852,25.449780,56.760090,3.596573,3.560007,74.512535,,
itransformer,synth_volatility,720,1,retrain,1,9573.013475,79.108848,97.841778,11.337905,11.381965,49.235049,,
itransformer,synth_volatility,720,1,retrain,2,5955.083325,60.087766,77.169186,8.561334,8.679074,50.417827,,
itransformer,synth_volatility,720,1,retrain,3,2986.095263,48.817360,54.645176,6.962916,6.960835,20.166898,,
itransformer,synth_volatility,720,1,retrain,4,2854.700706,29.693722,53.429399,4.284649,4.424358,71.587744,,
itransformer,synth_volatility,720,1,retrain,5,9773.571245,80.064118,98.861374,11.460574,11.516970,46.592490,,
itransformer,synth_volatility,720,1,retrain,6,5307.564557,57.595447,72.853034,8.215715,8.292990,48.328691,,
itransformer,synth_volatility,720,1,retrain,7,2437.186242,43.717506,49.367866,6.235296,6.241626,33.796940,,
itransformer,synth_volatility,720,1,retrain,8,1828.742657,24.759191,42.763801,3.541378,3.572967,72.980501,,
itransformer,synth_volatility,720,1,retrain,9,9845.007552,79.748768,99.222011,11.480072,11.539539,46.870654,,
itransformer,synth_volatility,720,0,retrain,0,3188.648883,25.692427,56.468123,3.630864,3.594491,74.791086,,
itransformer,synth_volatility,720,0,retrain,1,9520.179028,78.663007,97.571405,11.274007,11.324410,50.208623,,
itransformer,synth_volatility,720,0,retrain,2,6034.275827,60.023151,77.680601,8.552127,8.667587,48.746518,,
itransformer,synth_volatility,720,0,retrain,3,2604.149766,45.580716,51.030871,6.501267,6.500045,23.365786,,
itransformer,synth_volatility,720,0,retrain,4,2924.067973,29.532189,54.074652,4.261340,4.398993,65.598886,,
itransformer,synth_volatility,720,0,retrain,5,9643.738115,79.435799,98.202536,11.370635,11.429536,50.069541,,
itransformer,synth_volatility,720,0,retrain,6,4990.066468,55.644782,70.640403,7.937462,8.015864,50.696379,,
itransformer,synth_volatility,720,0,retrain,7,2305.513125,42.668577,48.015759,6.085691,6.093815,38.386648,,
itransformer,synth_volatility,720,0,retrain,8,1849.921912,25.109302,43.010719,3.591456,3.624025,70.752089,,
itransformer,synth_volatility,720,0,retrain,9,9662.300698,78.887989,98.297002,11.356160,11.416566,49.791377,,
itransformer,synth_shock_recovery,96,1,retrain,0,192.059896,11.296249,13.858568,2.219991,2.232198,69.473684,,
itransformer,synth_shock_recovery,96,1,retrain,1,145.546603,9.729693,12.064270,1.910306,1.911986,63.157895,,
itransformer,synth_shock_recovery,96,1,retrain,2,2313176.452750,1509.127764,1520.913033,76.059435,122.365616,53.684211,,
itransformer,synth_shock_recovery,96,1,retrain,3,24758.361332,131.430266,157.347899,6.617934,6.651820,54.736842,,
itransformer,synth_shock_recovery,96,1,retrain,4,12185.004122,86.686260,110.385706,4.372586,4.385582,57.894737,,
itransformer,synth_shock_recovery,96,1,retrain,5,153898.966341,343.703283,392.299587,28.488255,36.473272,56.842105,,
itransformer,synth_shock_recovery,96,1,retrain,6,107822.076987,315.685898,328.362722,25.998111,22.914661,51.578947,,
itransformer,synth_shock_recovery,96,1,retrain,7,13800.819578,109.984125,117.476890,17.547203,16.088465,41.052632,,
itransformer,synth_shock_recovery,96,1,retrain,8,5932.005458,75.199572,77.019513,12.534492,13.400118,62.105263,,
itransformer,synth_shock_recovery,96,1,retrain,9,9151.844423,93.738575,95.665273,15.597230,16.933867,52.631579,,
itransformer,synth_shock_recovery,96,0,retrain,0,195.026247,11.449537,13.965180,2.250116,2.264864,64.210526,,
itransformer,synth_shock_recovery,96,0,retrain,1,148.701302,9.947519,12.194314,1.953073,1.955669,62.105263,,
itransformer,synth_shock_recovery,96,0,retrain,2,2319617.707918,1511.850280,1523.029122,76.196649,122.794559,45.263158,,
itransformer,synth_shock_recovery,96,0,retrain,3,19673.217792,112.529078,140.261248,5.666199,5.722939,61.052632,,
itransformer,synth_shock_recovery,96,0,retrain,4,11071.452710,82.928742,105.220971,4.183051,4.191773,61.052632,,
itransformer,synth_shock_recovery,96,0,retrain,5,327937.449379,565.905864,572.658231,46.905780,62.747118,57.894737,,
itransformer,synth_shock_recovery,96,0,retrain,6,9272.502990,79.404331,96.293837,6.539293,6.358941,56.842105,,
itransformer,synth_shock_recovery,96,0,retrain,7,115898.523711,339.223214,340.438722,54.120706,42.553039,51.578947,,
itransformer,synth_shock_recovery,96,0,retrain,8,8784.631016,91.142774,93.726362,15.191953,16.521812,56.842105,,
itransformer,synth_shock_recovery,96,0,retrain,9,4552.038352,65.429329,67.468795,10.886834,11.560740,48.421053,,
itransformer,synth_shock_recovery,96,2,retrain,0,195.568719,11.377769,13.984589,2.236012,2.250987,61.052632,,
itransformer,synth_shock_recovery,96,2,retrain,1,147.843857,9.832756,12.159106,1.930541,1.931670,68.421053,,
itransformer,synth_shock_recovery,96,2,retrain,2,2332659.122222,1515.711057,1527.304528,76.391230,123.305835,55.789474,,
itransformer,synth_shock_recovery,96,2,retrain,3,14189.093379,96.256393,119.117981,4.846817,4.900115,58.947368,,
itransformer,synth_shock_recovery,96,2,retrain,4,14376.832227,96.731600,119.903429,4.879288,4.909464,54.736842,,
itransformer,synth_shock_recovery,96,2,retrain,5,58390.982864,218.548457,241.642262,18.114649,18.454932,56.842105,,
itransformer,synth_shock_recovery,96,2,retrain,6,16722.073155,106.553200,129.313855,8.775121,8.343043,44.210526,,
itransformer,synth_shock_recovery,96,2,retrain,7,2695.662899,43.805115,51.919774,6.988802,6.699458,54.736842,,
itransformer,synth_shock_recovery,96,2,retrain,8,7087.209462,83.581808,84.185566,13.931668,14.975122,52.631579,,
itransformer,synth_shock_recovery,96,2,retrain,9,9249.693385,93.766353,96.175326,15.601852,16.948322,43.157895,,
itransformer,synth_shock_recovery,336,1,retrain,0,162.050124,10.188108,12.729891,2.011650,2.022201,62.089552,,
itransformer,synth_shock_recovery,336,1,retrain,1,168.755869,10.269094,12.990607,2.011796,2.016687,62.985075,,
itransformer,synth_shock_recovery,336,1,retrain,2,2219745.511182,1479.135745,1489.881039,74.869290,119.239988,51.343284,,
itransformer,synth_shock_recovery,336,1,retrain,3,35478.214174,154.603536,188.356614,7.773447,7.803733,51.940299,,
itransformer,synth_shock_recovery,336,1,retrain,4,10645.157551,81.102310,103.175373,4.092994,4.095119,56.716418,,
itransformer,synth_shock_recovery,336,1,retrain,5,33072.416243,150.832921,181.858231,12.476238,13.559726,54.029851,,
itransformer,synth_shock_recovery,336,1,retrain,6,44147.449459,183.035595,210.112945,15.081336,16.414199,62.388060,,
itransformer,synth_shock_recovery,336,1,retrain,7,147216.638474,303.204791,383.688205,32.853315,31.793155,49.700599,,
itransformer,synth_shock_recovery,336,1,retrain,8,3360.427618,48.113160,57.969195,8.006833,8.361749,48.059701,,
itransformer,synth_shock_recovery,336,1,retrain,9,7793.212700,75.205873,88.279175,12.495575,13.607060,49.552239,,
itransformer,synth_shock_recovery,192,0,retrain,0,168.058952,10.617071,12.963755,2.094218,2.096199,61.780105,,
itransformer,synth_shock_recovery,192,0,retrain,1,148.897776,9.707504,12.202368,1.903660,1.897370,63.350785,,
itransformer,synth_shock_recovery,192,0,retrain,2,2271774.218137,1497.101313,1507.240597,75.279187,120.394487,52.356021,,
itransformer,synth_shock_recovery,192,0,retrain,3,31597.192873,144.025442,177.755993,7.280040,7.310629,49.214660,,
itransformer,synth_shock_recovery,192,0,retrain,4,12803.758291,89.759030,113.153693,4.532276,4.546549,54.450262,,
itransformer,synth_shock_recovery,192,0,retrain,5,231413.201404,459.550117,481.054260,37.989062,49.311326,59.162304,,
itransformer,synth_shock_recovery,192,0,retrain,6,157434.883654,388.891086,396.780649,32.051203,38.226241,47.120419,,
itransformer,synth_shock_recovery,192,0,retrain,7,270911.286227,505.110431,520.491389,71.610897,53.360902,44.502618,,
itransformer,synth_shock_recovery,192,0,retrain,8,4545.671273,60.085948,67.421594,10.004697,10.622342,49.738220,,
itransformer,synth_shock_recovery,192,0,retrain,9,3734.971942,55.020853,61.114417,9.143098,9.681073,51.832461,,
itransformer,synth_volatility,720,2,retrain,0,3212.783425,25.472283,56.681420,3.599753,3.562995,74.512535,,
itransformer,synth_volatility,720,2,retrain,1,9489.138328,79.043898,97.412208,11.328597,11.376097,49.513213,,
itransformer,synth_volatility,720,2,retrain,2,6218.636361,61.350294,78.858331,8.741219,8.859500,47.771588,,
itransformer,synth_volatility,720,2,retrain,3,2554.703438,45.273196,50.544074,6.457404,6.456773,23.504868,,
itransformer,synth_volatility,720,2,retrain,4,2868.346882,29.798494,53.556950,4.299767,4.437834,71.448468,,
itransformer,synth_volatility,720,2,retrain,5,9868.022698,80.507942,99.337922,11.524104,11.581282,47.009736,,
itransformer,synth_volatility,720,2,retrain,6,5108.316871,56.435894,71.472490,8.050311,8.128960,49.721448,,
itransformer,synth_volatility,720,2,retrain,7,2614.132048,45.451112,51.128583,6.482555,6.494940,30.458971,,
itransformer,synth_volatility,720,2,retrain,8,1862.477255,25.960040,43.156428,3.713139,3.746287,72.562674,,
itransformer,synth_volatility,720,2,retrain,9,9761.700467,79.254940,98.801318,11.408984,11.468739,51.877608,,
itransformer,synth_shock_recovery,192,1,retrain,0,168.053348,10.720793,12.963539,2.114677,2.116430,61.780105,,
itransformer,synth_shock_recovery,192,1,retrain,1,156.813532,10.115617,12.522521,1.983692,1.978701,62.827225,,
itransformer,synth_shock_recovery,192,1,retrain,2,2285568.045425,1500.940081,1511.809527,75.472212,120.815313,47.120419,,
itransformer,synth_shock_recovery,192,1,retrain,3,23226.857579,124.044757,152.403601,6.270078,6.307482,51.308901,,
itransformer,synth_shock_recovery,192,1,retrain,4,11577.876011,83.166085,107.600539,4.199373,4.191326,57.068063,,
itransformer,synth_shock_recovery,192,1,retrain,5,281450.993160,528.534490,530.519550,43.691708,56.272637,56.020942,,
itransformer,synth_shock_recovery,192,1,retrain,6,240243.432941,486.394496,490.146338,40.087134,33.465010,51.832461,,
itransformer,synth_shock_recovery,192,1,retrain,7,208420.124888,444.621619,456.530530,63.035231,48.689228,46.073298,,
itransformer,synth_shock_recovery,192,1,retrain,8,4053.186029,58.336577,63.664637,9.713415,10.277341,54.450262,,
itransformer,synth_shock_recovery,192,1,retrain,9,1227.973703,28.250209,35.042456,4.694483,4.799974,44.502618,,
itransformer,synth_shock_recovery,720,0,retrain,0,156.121926,10.011784,12.494876,1.977488,1.984904,62.308762,,
itransformer,synth_shock_recovery,720,0,retrain,1,170.565152,10.317311,13.060059,2.020949,2.025021,63.004172,,
itransformer,synth_shock_recovery,720,0,retrain,2,1808292.818960,1260.185172,1344.727786,71.065026,103.576828,49.513213,,
itransformer,synth_shock_recovery,720,0,retrain,3,1690119.719306,1282.416379,1300.046045,64.626776,95.618200,51.043115,,
itransformer,synth_shock_recovery,720,0,retrain,4,100496.334561,237.987676,317.011568,12.748959,13.107613,47.771588,,
itransformer,synth_shock_recovery,720,0,retrain,5,617555.603650,783.549566,785.847061,64.814228,49.034368,50.625869,,
itransformer,synth_shock_recovery,720,0,retrain,6,371923.536878,604.363893,609.855341,49.779244,39.766775,59.805285,,
itransformer,synth_shock_recovery,720,0,retrain,7,168652.216120,314.024527,410.672882,34.312839,33.674072,52.785515,,
itransformer,synth_shock_recovery,720,0,retrain,8,267718.816442,516.088212,517.415516,85.930122,60.059658,52.155772,,
itransformer,synth_shock_recovery,720,0,retrain,9,10825.919338,91.618810,104.047678,15.224063,15.159918,50.486787,,
itransformer,synth_shock_recovery,336,0,retrain,0,161.537747,10.172770,12.709750,2.008621,2.018916,63.880597,,
itransformer,synth_shock_recovery,336,0,retrain,1,167.735480,10.228407,12.951273,2.003825,2.008530,62.985075,,
itransformer,synth_shock_recovery,336,0,retrain,2,2215839.381033,1477.814480,1488.569575,74.802412,119.068935,47.164179,,
itransformer,synth_shock_recovery,336,0,retrain,3,36434.915389,156.666715,190.879322,7.877183,7.922791,52.537313,,
itransformer,synth_shock_recovery,336,0,retrain,4,11798.733196,86.726099,108.621974,4.376810,4.373169,56.417910,,
itransformer,synth_shock_recovery,336,0,retrain,5,257772.310421,486.737565,507.712823,40.260797,33.131314,58.208955,,
itransformer,synth_shock_recovery,336,0,retrain,6,449001.459755,667.106488,670.075712,54.966671,43.078871,62.388060,,
itransformer,synth_shock_recovery,336,0,retrain,7,150083.277039,301.083042,387.405830,32.623416,31.582161,52.395210,,
itransformer,synth_shock_recovery,336,0,retrain,8,9757.435247,88.372819,98.779731,14.706712,16.213644,54.925373,,
itransformer,synth_shock_recovery,336,0,retrain,9,4503.714284,55.889872,67.109718,9.286191,9.899723,46.567164,,
itransformer,synth_shock_recovery,192,2,retrain,0,168.198231,10.685252,12.969126,2.107666,2.112438,59.685864,,
itransformer,synth_shock_recovery,192,2,retrain,1,145.394235,9.579304,12.057953,1.878520,1.874122,64.397906,,
itransformer,synth_shock_recovery,192,2,retrain,2,2290837.081875,1503.055475,1513.551149,75.578581,121.154559,46.596859,,
itransformer,synth_shock_recovery,192,2,retrain,3,25484.000898,130.092205,159.637091,6.575758,6.608651,59.162304,,
itransformer,synth_shock_recovery,192,2,retrain,4,12834.057311,89.680193,113.287498,4.528295,4.533100,52.879581,,
itransformer,synth_shock_recovery,192,2,retrain,5,213405.530428,420.024580,461.958364,34.721653,28.545051,57.591623,,
itransformer,synth_shock_recovery,192,2,retrain,6,207117.488309,439.921107,455.101624,36.256940,30.300574,64.397906,,
itransformer,synth_shock_recovery,192,2,retrain,7,247314.329034,484.117419,497.307077,68.634659,51.806311,47.120419,,
itransformer,synth_shock_recovery,192,2,retrain,8,6958.611310,73.151925,83.418291,12.180266,13.197766,46.073298,,
itransformer,synth_shock_recovery,192,2,retrain,9,8288.159009,82.670238,91.039327,13.737739,14.927023,48.167539,,
itransformer,synth_shock_recovery,336,2,retrain,0,159.689189,10.121466,12.636819,1.998491,2.008264,63.582090,,
itransformer,synth_shock_recovery,336,2,retrain,1,170.026766,10.321020,13.039431,2.021969,2.027463,64.179104,,
itransformer,synth_shock_recovery,336,2,retrain,2,2212679.577169,1476.714813,1487.507841,74.746750,118.990582,53.432836,,
itransformer,synth_shock_recovery,336,2,retrain,3,32296.996891,146.613347,179.713652,7.371701,7.406555,54.328358,,
itransformer,synth_shock_recovery,336,2,retrain,4,12166.429355,88.283799,110.301538,4.455423,4.471664,58.805970,,
itransformer,synth_shock_recovery,336,2,retrain,5,138266.607867,363.050576,371.842181,30.029952,35.817959,56.716418,,
itransformer,synth_shock_recovery,336,2,retrain,6,351327.521851,589.427146,592.728877,48.566231,39.051099,54.328358,,
itransformer,synth_shock_recovery,336,2,retrain,7,148191.709284,300.616227,384.956763,32.572835,31.564959,52.095808,,
itransformer,synth_shock_recovery,336,2,retrain,8,6365.115130,66.809966,79.781672,11.118293,12.048393,53.731343,,
itransformer,synth_shock_recovery,336,2,retrain,9,3039.848460,45.853036,55.134821,7.618555,7.943277,52.835821,,
itransformer,synth_multi_regime,96,0,retrain,0,196.953865,11.595438,14.034025,2.292376,2.295138,57.894737,,
itransformer,synth_multi_regime,96,0,retrain,1,145893.223106,374.765273,381.959714,42.314509,53.350325,41.052632,,
itransformer,synth_multi_regime,96,0,retrain,2,2271.071928,38.367122,47.655765,4.217308,4.233252,65.263158,,
itransformer,synth_multi_regime,96,0,retrain,3,2146.338453,39.563495,46.328592,6.461442,6.555182,45.263158,,
itransformer,synth_multi_regime,96,0,retrain,4,5607.784775,74.196465,74.885144,12.359093,13.200209,58.947368,,
itransformer,synth_multi_regime,96,0,retrain,5,337214.564129,566.290438,580.701786,38.237759,46.864630,53.684211,,
itransformer,synth_multi_regime,96,0,retrain,6,883917.057222,934.706088,940.168632,61.823540,89.293110,48.421053,,
itransformer,synth_multi_regime,96,0,retrain,7,213838.302749,456.750206,462.426538,55.332743,43.320415,45.263158,,
itransformer,synth_multi_regime,96,0,retrain,8,1393.285038,31.722387,37.326734,4.019944,3.990900,57.894737,,
itransformer,synth_multi_regime,96,0,retrain,9,20582.181495,141.039004,143.464914,27.544221,24.318433,56.842105,,
itransformer,synth_multi_regime,192,1,retrain,0,178.504759,10.766438,13.360567,2.124691,2.123596,62.827225,,
itransformer,synth_multi_regime,192,1,retrain,1,121901.899201,333.174774,349.144525,39.811759,48.930149,45.026178,,
itransformer,synth_multi_regime,192,1,retrain,2,2692.445158,41.673870,51.888777,4.581038,4.608672,64.921466,,
itransformer,synth_multi_regime,192,1,retrain,3,70725.732342,252.038089,265.943100,39.082389,32.655437,41.884817,,
itransformer,synth_multi_regime,192,1,retrain,4,4024.751707,59.795872,63.440931,9.951848,10.585469,59.685864,,
itransformer,synth_multi_regime,192,1,retrain,5,632611.509631,774.935318,795.368788,56.093246,76.958608,38.743455,,
itransformer,synth_multi_regime,192,1,retrain,6,803187.871371,888.077364,896.207493,58.746908,82.914290,50.785340,,
itransformer,synth_multi_regime,192,1,retrain,7,386568.283660,600.459459,621.746157,65.677930,49.975431,49.214660,,
itransformer,synth_multi_regime,192,1,retrain,8,3259.689170,53.386341,57.093688,6.744776,6.580667,61.256545,,
itransformer,synth_multi_regime,192,1,retrain,9,77257.742829,268.909370,277.952771,49.461147,39.865969,36.649215,,
itransformer,synth_shock_recovery,720,1,retrain,0,155.494073,9.975543,12.469726,1.970330,1.978021,62.447844,,
itransformer,synth_shock_recovery,720,1,retrain,1,165.745438,10.180240,12.874216,1.994099,1.997095,60.917942,,
itransformer,synth_shock_recovery,720,1,retrain,2,1809479.601728,1260.556500,1345.168986,71.085966,103.642038,47.844228,,
itransformer,synth_shock_recovery,720,1,retrain,3,1810213.487913,1327.523589,1345.441745,66.899933,100.795826,49.374131,,
itransformer,synth_shock_recovery,720,1,retrain,4,93779.967594,233.130697,306.235151,12.488772,12.872357,50.696379,,
itransformer,synth_shock_recovery,720,1,retrain,5,588125.267419,747.092225,766.893257,61.798523,46.958219,46.314325,,
itransformer,synth_shock_recovery,720,1,retrain,6,173451.119959,401.010164,416.474633,33.029741,40.040327,52.851182,,
itransformer,synth_shock_recovery,720,1,retrain,7,149677.480443,304.049299,386.881740,33.222865,32.972272,53.481894,,
itransformer,synth_shock_recovery,720,1,retrain,8,300647.063152,547.893282,548.312924,91.225754,62.654804,47.426982,,
itransformer,synth_shock_recovery,720,1,retrain,9,7069.348599,66.032171,84.079418,10.972396,10.769665,48.261474,,
itransformer,synth_shock_recovery,720,2,retrain,0,158.213985,10.047853,12.578314,1.984612,1.992050,61.057024,,
itransformer,synth_shock_recovery,720,2,retrain,1,167.040445,10.214711,12.924413,2.000852,2.004984,62.308762,,
itransformer,synth_shock_recovery,720,2,retrain,2,1816734.050788,1263.297840,1347.862771,71.240557,104.011385,50.208623,,
itransformer,synth_shock_recovery,720,2,retrain,3,1814103.147916,1330.447651,1346.886464,67.047290,100.963082,51.321280,,
itransformer,synth_shock_recovery,720,2,retrain,4,103958.525120,241.915475,322.425999,12.959371,13.297748,45.543175,,
itransformer,synth_shock_recovery,720,2,retrain,5,577446.371190,752.209332,759.898922,62.221804,47.448729,46.731572,,
itransformer,synth_shock_recovery,720,2,retrain,6,78076.530610,260.798019,279.421779,21.480979,24.292278,53.407510,,
itransformer,synth_shock_recovery,720,2,retrain,7,170275.874693,314.574859,412.644974,34.372973,33.722822,51.532033,,
itransformer,synth_shock_recovery,720,2,retrain,8,341120.350287,583.652414,584.055092,97.179749,65.405221,47.844228,,
itransformer,synth_shock_recovery,720,2,retrain,9,14163.343072,102.933981,119.009844,17.104275,16.916413,55.215577,,
itransformer,synth_multi_regime,96,1,retrain,0,203.498832,11.855060,14.265302,2.343703,2.345375,55.789474,,
itransformer,synth_multi_regime,96,1,retrain,1,147106.456918,372.179487,383.544596,42.022549,52.849516,41.052632,,
itransformer,synth_multi_regime,96,1,retrain,2,1940.220398,35.479285,44.047933,3.899877,3.920560,66.315789,,
itransformer,synth_multi_regime,96,1,retrain,3,48272.472863,212.979832,219.709974,34.783499,29.478056,37.894737,,
itransformer,synth_multi_regime,96,1,retrain,4,5025.905739,58.731759,70.893623,9.783098,10.648418,54.736842,,
itransformer,synth_multi_regime,96,1,retrain,5,327590.328524,559.153731,572.355072,37.755865,46.140210,55.789474,,
itransformer,synth_multi_regime,96,1,retrain,6,664697.601005,806.401266,815.289888,53.337174,72.494348,49.473684,,
itransformer,synth_multi_regime,96,1,retrain,7,214333.275630,452.094824,462.961419,54.768769,42.838981,45.263158,,
itransformer,synth_multi_regime,96,1,retrain,8,2186.948630,40.336864,46.764823,5.111593,5.063628,64.210526,,
itransformer,synth_multi_regime,96,1,retrain,9,19573.797608,135.689443,139.906389,26.499479,23.496498,51.578947,,
itransformer,synth_multi_regime,96,2,retrain,0,192.967341,11.347950,13.891269,2.243449,2.244048,57.894737,,
itransformer,synth_multi_regime,96,2,retrain,1,146027.528563,376.665374,382.135485,42.529048,53.754428,53.684211,,
itransformer,synth_multi_regime,96,2,retrain,2,2057.674667,36.618108,45.361599,4.025056,4.029597,65.263158,,
itransformer,synth_multi_regime,96,2,retrain,3,725.302491,22.649564,26.931441,3.699088,3.661625,46.315789,,
itransformer,synth_multi_regime,96,2,retrain,4,4917.894491,65.109571,70.127701,10.845466,11.630595,48.421053,,
itransformer,synth_multi_regime,96,2,retrain,5,350726.003020,578.708310,592.221245,39.076254,48.151821,50.526316,,
itransformer,synth_multi_regime,96,2,retrain,6,678291.206857,813.864012,823.584365,53.830777,73.461190,44.210526,,
itransformer,synth_multi_regime,96,2,retrain,7,76713.145967,267.519193,276.971381,32.408460,27.862431,45.263158,,
itransformer,synth_multi_regime,96,2,retrain,8,1655.110041,34.956982,40.683044,4.429840,4.403484,54.736842,,
itransformer,synth_multi_regime,96,2,retrain,9,25043.756638,154.693790,158.252193,30.210934,26.337827,40.000000,,
itransformer,synth_multi_regime,192,0,retrain,0,182.293022,10.784983,13.501593,2.128351,2.126682,61.780105,,
itransformer,synth_multi_regime,192,0,retrain,1,120388.260499,331.794042,346.970115,39.646772,48.694777,46.073298,,
itransformer,synth_multi_regime,192,0,retrain,2,3627.296640,48.913677,60.227042,5.376881,5.448503,58.115183,,
itransformer,synth_multi_regime,192,0,retrain,3,80170.990374,271.269549,283.144822,42.064523,34.727755,43.455497,,
itransformer,synth_multi_regime,192,0,retrain,4,3844.780184,57.614861,62.006291,9.588861,10.188862,57.068063,,
itransformer,synth_multi_regime,192,0,retrain,5,582361.559467,741.793160,763.126175,53.694270,72.413927,46.073298,,
itransformer,synth_multi_regime,192,0,retrain,6,605519.700166,768.607935,778.151464,50.843926,67.891390,45.549738,,
itransformer,synth_multi_regime,192,0,retrain,7,364064.273757,589.044554,603.377389,64.429374,49.364918,43.979058,,
itransformer,synth_multi_regime,192,0,retrain,8,2133.117246,41.080950,46.185682,5.190125,5.122894,57.591623,,
itransformer,synth_multi_regime,192,0,retrain,9,68085.765637,251.901125,260.932492,46.332780,37.854562,36.649215,,
itransformer,synth_multi_regime,192,2,retrain,0,179.986146,10.900304,13.415892,2.151109,2.152510,62.827225,,
itransformer,synth_multi_regime,192,2,retrain,1,122715.557642,335.175560,350.307804,40.050837,49.302009,42.408377,,
itransformer,synth_multi_regime,192,2,retrain,2,3136.513576,45.471832,56.004585,4.998533,5.019256,57.591623,,
itransformer,synth_multi_regime,192,2,retrain,3,74445.426335,258.327456,272.846892,40.057652,33.300319,45.026178,,
itransformer,synth_multi_regime,192,2,retrain,4,3321.186864,55.521758,57.629739,9.240505,9.735771,56.020942,,
itransformer,synth_multi_regime,192,2,retrain,5,627870.107558,772.344516,792.382551,55.905713,76.604710,30.890052,,
itransformer,synth_multi_regime,192,2,retrain,6,660522.303951,802.865195,812.725233,53.110067,72.077804,46.596859,,
itransformer,synth_multi_regime,192,2,retrain,7,362681.112612,582.151099,602.230116,63.675372,48.861567,41.361257,,
itransformer,synth_multi_regime,192,2,retrain,8,3513.677743,54.659765,59.276283,6.905659,6.752138,53.926702,,
itransformer,synth_multi_regime,192,2,retrain,9,63852.513404,241.182039,252.690549,44.361193,36.509518,36.125654,,
itransformer,synth_multi_regime,336,1,retrain,0,160.755861,10.123052,12.678953,1.998530,2.001500,60.597015,,
itransformer,synth_multi_regime,336,1,retrain,1,70026.748713,201.080515,264.625677,28.609997,29.914112,44.910180,,
itransformer,synth_multi_regime,336,1,retrain,2,9691.335257,81.800273,98.444580,8.994943,9.131619,51.641791,,
itransformer,synth_multi_regime,336,1,retrain,3,45302.582428,171.916858,212.844033,22.813613,21.754969,47.005988,,
itransformer,synth_multi_regime,336,1,retrain,4,2524.464154,41.071932,50.244046,6.829967,7.258319,58.208955,,
itransformer,synth_multi_regime,336,1,retrain,5,369527.993444,469.765270,607.888142,44.000686,47.743658,49.401198,,
itransformer,synth_multi_regime,336,1,retrain,6,588710.489355,756.473318,767.274716,50.149078,66.582150,47.761194,,
itransformer,synth_multi_regime,336,1,retrain,7,217568.521420,368.221180,466.442410,31.524615,33.626271,48.203593,,
itransformer,synth_multi_regime,336,1,retrain,8,2550.914502,44.755196,50.506579,5.643481,5.553945,52.835821,,
itransformer,synth_multi_regime,336,1,retrain,9,47476.910626,177.766416,217.891970,27.617453,25.841129,44.610778,,
itransformer,synth_multi_regime,336,0,retrain,0,157.889303,9.968282,12.565401,1.967974,1.969804,58.805970,,
itransformer,synth_multi_regime,336,0,retrain,1,68748.637121,198.510947,262.199613,28.244396,29.440644,52.994012,,
itransformer,synth_multi_regime,336,0,retrain,2,14933.219888,101.151100,122.201554,11.122803,11.470772,46.865672,,
itransformer,synth_multi_regime,336,0,retrain,3,38742.521766,158.326941,196.831201,21.010212,20.225146,48.802395,,
itransformer,synth_multi_regime,336,0,retrain,4,2124.199172,38.143945,46.089035,6.343064,6.666601,55.223881,,
itransformer,synth_multi_regime,336,0,retrain,5,389216.708443,492.603117,623.872349,46.139798,51.329215,51.497006,,
itransformer,synth_multi_regime,336,0,retrain,6,627311.749983,782.346853,792.030145,51.864319,69.675848,48.358209,,
itransformer,synth_multi_regime,336,0,retrain,7,208284.365881,341.305167,456.381820,29.220247,30.112923,48.802395,,
itransformer,synth_multi_regime,336,0,retrain,8,8493.012767,89.308283,92.157543,11.261477,10.710924,55.223881,,
itransformer,synth_multi_regime,336,0,retrain,9,53529.394675,193.485847,231.364204,30.059594,27.656599,43.712575,,
itransformer,synth_multi_regime,720,0,retrain,0,149.476786,9.908027,12.226070,1.955290,1.958795,59.805285,,
itransformer,synth_multi_regime,720,0,retrain,1,77343.383780,208.969116,278.106785,29.557382,30.512321,50.000000,,
itransformer,synth_multi_regime,720,0,retrain,2,120225.960203,333.826734,346.736154,36.730460,44.878233,52.016690,,
itransformer,synth_multi_regime,720,0,retrain,3,48135.464126,172.441091,219.397958,22.864240,22.090695,49.582173,,
itransformer,synth_multi_regime,720,0,retrain,4,87324.287398,286.741534,295.506831,47.729344,38.254626,41.029207,,
itransformer,synth_multi_regime,720,0,retrain,5,395823.751960,479.078968,629.145255,44.885786,47.831837,50.417827,,
itransformer,synth_multi_regime,720,0,retrain,6,898429.390868,939.670002,947.855153,62.105799,89.752710,48.122392,,
itransformer,synth_multi_regime,720,0,retrain,7,318013.341338,445.750599,563.926716,38.318903,42.094074,50.278552,,
itransformer,synth_multi_regime,720,0,retrain,8,516571.071224,716.734095,718.728788,90.306903,62.243410,49.930459,,
itransformer,synth_multi_regime,720,0,retrain,9,31638.078710,143.779477,177.870961,22.338701,22.085097,50.417827,,
itransformer,synth_multi_regime,336,2,retrain,0,159.174776,10.160269,12.616449,2.005877,2.008827,62.089552,,
itransformer,synth_multi_regime,336,2,retrain,1,70378.347708,201.352095,265.289178,28.648638,29.958658,44.610778,,
itransformer,synth_multi_regime,336,2,retrain,2,13639.599369,96.701610,116.788695,10.633527,10.939805,56.417910,,
itransformer,synth_multi_regime,336,2,retrain,3,43507.995432,166.724605,208.585703,22.124594,21.153569,49.401198,,
itransformer,synth_multi_regime,336,2,retrain,4,2883.244251,47.225693,53.695849,7.853293,8.309119,56.119403,,
itransformer,synth_multi_regime,336,2,retrain,5,405633.922950,505.897203,636.893965,47.384992,53.376375,47.604790,,
itransformer,synth_multi_regime,336,2,retrain,6,583534.088151,754.050663,763.894029,49.988473,66.318352,53.134328,,
itransformer,synth_multi_regime,336,2,retrain,7,197097.430355,331.718163,443.956564,28.399473,29.071536,47.904192,,
itransformer,synth_multi_regime,336,2,retrain,8,1368.825233,31.248247,36.997638,3.940300,3.907217,56.716418,,
itransformer,synth_multi_regime,336,2,retrain,9,41319.723967,164.916799,203.272536,25.621161,24.349612,51.497006,,
itransformer,synth_multi_regime,720,1,retrain,0,159.790230,10.220033,12.640816,2.016862,2.020670,58.970793,,
itransformer,synth_multi_regime,720,1,retrain,1,77302.117512,209.771034,278.032584,29.670809,30.673595,52.089136,,
itransformer,synth_multi_regime,720,1,retrain,2,121779.274450,337.080799,348.968873,37.088500,45.344911,53.685675,,
itransformer,synth_multi_regime,720,1,retrain,3,47143.788789,170.763600,217.126205,22.641819,21.906644,48.328691,,
itransformer,synth_multi_regime,720,1,retrain,4,76911.020202,272.334564,277.328362,45.331243,36.817139,45.897079,,
itransformer,synth_multi_regime,720,1,retrain,5,380845.476738,472.952956,617.126791,44.311829,47.159450,46.518106,,
itransformer,synth_multi_regime,720,1,retrain,6,856920.373611,916.729342,925.699937,60.589577,86.592731,50.486787,,
itransformer,synth_multi_regime,720,1,retrain,7,244721.480501,372.317112,494.693320,32.006201,33.062747,52.089136,,
itransformer,synth_multi_regime,720,1,retrain,8,528915.054841,726.170871,727.265464,91.495916,62.827709,48.678720,,
itransformer,synth_multi_regime,720,1,retrain,9,33061.056072,152.983879,181.826995,23.768768,23.207711,50.696379,,
itransformer,synth_multi_regime,720,2,retrain,0,149.709442,9.882711,12.235581,1.950294,1.953604,60.778860,,
itransformer,synth_multi_regime,720,2,retrain,1,77227.991667,208.563179,277.899247,29.499965,30.433190,53.481894,,
itransformer,synth_multi_regime,720,2,retrain,2,119706.332339,333.815556,345.986029,36.729231,44.810671,53.129346,,
itransformer,synth_multi_regime,720,2,retrain,3,49113.258661,175.484228,221.615114,23.267735,22.461022,49.582173,,
itransformer,synth_multi_regime,720,2,retrain,4,84534.768192,281.965403,290.748634,46.934337,37.737545,41.168289,,
itransformer,synth_multi_regime,720,2,retrain,5,378560.911072,457.045370,615.273038,42.821418,44.368529,49.164345,,
itransformer,synth_multi_regime,720,2,retrain,6,861151.271385,919.803183,927.982366,60.792737,87.017361,53.268428,,
itransformer,synth_multi_regime,720,2,retrain,7,259847.559311,391.283747,509.752449,33.636665,35.364528,51.810585,,
itransformer,synth_multi_regime,720,2,retrain,8,522441.039399,721.335402,722.800830,90.886658,62.538885,45.757997,,
itransformer,synth_multi_regime,720,2,retrain,9,35889.832110,156.783224,189.446119,24.359064,23.706996,51.114206,,
patchtst,ETTh1,96,0,retrain,0,77.737700,8.530888,8.816899,32.989831,28.616913,63.529412,,
patchtst,ETTh1,96,0,retrain,1,132.895038,10.420560,11.528011,62.894989,51.052543,42.857143,,
patchtst,ETTh1,96,0,retrain,2,37.371497,5.465185,6.113223,47.826815,40.281683,57.142857,,
patchtst,ETTh1,96,0,retrain,3,95.912812,8.444734,9.793509,63.354659,99.228645,50.537634,,
patchtst,ETTh1,96,0,retrain,4,30.039076,5.062688,5.480792,44.005274,37.488368,47.761194,,
patchtst,ETTh1,96,0,retrain,5,4.089524,1.617606,2.022257,27.222646,26.996500,47.761194,,
patchtst,ETTh1,96,0,retrain,6,304.026791,17.142639,17.436364,165.200401,200.000000,51.612903,,
patchtst,ETTh1,96,0,retrain,7,159.547009,11.881722,12.631192,84.525554,141.467011,47.311828,,
patchtst,ETTh1,96,0,retrain,8,63.962276,7.114647,7.997642,42.742966,57.141368,55.434783,,
patchtst,ETTh1,96,0,retrain,9,200.522344,13.482838,14.160591,89.740695,63.326473,50.000000,,
patchtst,ETTh1,96,1,retrain,0,79.168960,8.522647,8.897694,32.957962,28.579511,42.352941,,
patchtst,ETTh1,96,1,retrain,1,122.458711,9.993048,11.066106,60.314674,49.630739,50.549451,,
patchtst,ETTh1,96,1,retrain,2,54.292083,6.887984,7.368316,60.277981,48.012097,50.000000,,
patchtst,ETTh1,96,1,retrain,3,91.682726,8.714766,9.575110,65.380514,102.241631,49.462366,,
patchtst,ETTh1,96,1,retrain,4,26.805106,4.629287,5.177365,40.238122,34.862560,47.761194,,
patchtst,ETTh1,96,1,retrain,5,10.485297,2.639475,3.238101,44.419630,58.443364,46.268657,,
patchtst,ETTh1,96,1,retrain,6,398.147411,19.777215,19.953632,190.589311,200.000000,48.387097,,
patchtst,ETTh1,96,1,retrain,7,160.115232,12.109818,12.653665,86.148209,148.487800,47.311828,,
patchtst,ETTh1,96,1,retrain,8,68.054755,6.806556,8.249531,40.892035,56.645224,40.217391,,
patchtst,ETTh1,96,1,retrain,9,217.007839,13.864287,14.731186,92.279589,64.122043,50.000000,,
patchtst,ETTh1,96,2,retrain,0,96.382222,9.459609,9.817445,36.581288,31.173801,51.764706,,
patchtst,ETTh1,96,2,retrain,1,114.800990,9.553735,10.714522,57.663127,48.055498,63.736264,,
patchtst,ETTh1,96,2,retrain,2,69.098666,7.896672,8.312561,69.105196,52.992116,52.857143,,
patchtst,ETTh1,96,2,retrain,3,19.849620,3.446935,4.455291,25.859829,29.592779,49.462366,,
patchtst,ETTh1,96,2,retrain,4,46.631198,6.439246,6.828704,55.970424,44.979786,41.791045,,
patchtst,ETTh1,96,2,retrain,5,19.667182,3.858725,4.434770,64.938350,99.798685,37.313433,,
patchtst,ETTh1,96,2,retrain,6,324.782525,17.758257,18.021724,171.132994,200.000000,47.311828,,
patchtst,ETTh1,96,2,retrain,7,156.289360,11.863421,12.501574,84.395366,142.743412,50.537634,,
patchtst,ETTh1,96,2,retrain,8,53.875773,6.250553,7.340012,37.551710,48.815425,39.130435,,
patchtst,ETTh1,96,2,retrain,9,207.264260,13.712584,14.396675,91.269866,64.136694,54.444444,,
patchtst,ETTh1,192,1,retrain,0,150.719889,11.899232,12.276803,43.803047,36.380951,51.396648,,
patchtst,ETTh1,192,1,retrain,1,104.357589,8.969648,10.215556,44.258428,39.262886,50.273224,,
patchtst,ETTh1,192,1,retrain,2,122.158091,10.704826,11.052515,88.399701,62.884655,47.878788,,
patchtst,ETTh1,192,1,retrain,3,28.069068,4.088811,5.298025,33.833679,31.998264,46.808511,,
patchtst,ETTh1,192,1,retrain,4,469.752499,21.310741,21.673774,225.528390,106.925016,50.000000,,
patchtst,ETTh1,192,1,retrain,5,94.245568,9.269326,9.708016,127.586144,81.097018,52.201258,,
patchtst,ETTh1,192,1,retrain,6,38.865983,5.666637,6.234259,54.801632,75.924364,62.365591,,
patchtst,ETTh1,192,1,retrain,7,34.728957,4.917159,5.893128,40.693043,47.399022,53.987730,,
patchtst,ETTh1,192,1,retrain,8,100.429107,7.988693,10.021432,50.877824,40.378366,52.432432,,
patchtst,ETTh1,192,1,retrain,9,44.066369,5.184421,6.638250,30.218299,28.546162,57.558140,,
patchtst,ETTh1,192,0,retrain,0,145.340540,11.693356,12.055726,43.045181,35.872208,60.893855,,
patchtst,ETTh1,192,0,retrain,1,107.887895,8.985936,10.386910,44.338797,39.248036,50.819672,,
patchtst,ETTh1,192,0,retrain,2,111.935533,10.147965,10.579959,83.801184,60.559720,44.242424,,
patchtst,ETTh1,192,0,retrain,3,32.227928,4.536950,5.676965,37.541899,34.598659,55.319149,,
patchtst,ETTh1,192,0,retrain,4,268.254793,16.016260,16.378486,169.497687,93.145138,56.875000,,
patchtst,ETTh1,192,0,retrain,5,80.206505,8.409865,8.955808,115.756229,76.611236,45.283019,,
patchtst,ETTh1,192,0,retrain,6,40.750423,5.782719,6.383606,55.924252,78.332208,48.924731,,
patchtst,ETTh1,192,0,retrain,7,41.169443,5.475837,6.416342,45.316514,53.932434,52.147239,,
patchtst,ETTh1,192,0,retrain,8,84.703593,7.638421,9.203455,48.647040,39.893507,52.432432,,
patchtst,ETTh1,192,0,retrain,9,48.745587,5.490878,6.981804,32.004535,29.225975,58.139535,,
patchtst,ETTh1,192,2,retrain,0,149.262840,11.826427,12.217317,43.535040,36.195208,46.368715,,
patchtst,ETTh1,192,2,retrain,1,109.128261,9.079976,10.446447,44.802815,39.558117,57.923497,,
patchtst,ETTh1,192,2,retrain,2,113.837014,10.217293,10.669443,84.373687,60.740922,46.060606,,
patchtst,ETTh1,192,2,retrain,3,18.462673,3.218348,4.296821,26.630862,26.922373,46.276596,,
patchtst,ETTh1,192,2,retrain,4,458.133702,21.059225,21.404058,222.866630,106.422630,52.500000,,
patchtst,ETTh1,192,2,retrain,5,85.520635,8.785231,9.247737,120.922898,78.708513,53.459119,,
patchtst,ETTh1,192,2,retrain,6,62.677578,7.516198,7.916917,72.688601,115.587124,47.849462,,
patchtst,ETTh1,192,2,retrain,7,30.615861,4.852437,5.533160,40.157425,45.842338,57.055215,,
patchtst,ETTh1,192,2,retrain,8,74.730959,7.090420,8.644707,45.156966,37.208312,53.513514,,
patchtst,ETTh1,192,2,retrain,9,46.543905,5.359751,6.822309,31.240240,28.981857,48.837209,,
patchtst,ETTh1,336,1,retrain,0,116.203876,9.912012,10.779790,34.208068,29.787245,55.312500,,
patchtst,ETTh1,336,1,retrain,1,118.711306,10.089639,10.895472,46.983884,39.996826,50.155763,,
patchtst,ETTh1,336,1,retrain,2,204.323862,13.958298,14.294190,99.226543,68.285448,48.184818,,
patchtst,ETTh1,336,1,retrain,3,48.940161,5.324171,6.995724,46.511136,45.228117,51.975684,,
patchtst,ETTh1,336,1,retrain,4,219.136107,14.245608,14.803246,159.992125,197.856253,47.474747,,
patchtst,ETTh1,336,1,retrain,5,135.733240,11.323810,11.650461,155.170530,89.722951,53.020134,,
patchtst,ETTh1,336,1,retrain,6,128.712634,10.742225,11.345159,118.995211,78.829481,49.693252,,
patchtst,ETTh1,336,1,retrain,7,59.577140,6.342393,7.718623,54.496244,76.943507,48.829431,,
patchtst,ETTh1,336,1,retrain,8,45.702769,5.276817,6.760382,33.165381,36.349834,43.167702,,
patchtst,ETTh1,336,1,retrain,9,76.974679,7.045933,8.773521,37.814854,32.400156,49.494949,,
patchtst,ETTh1,336,0,retrain,0,115.639128,9.978917,10.753563,34.438970,29.961127,50.000000,,
patchtst,ETTh1,336,0,retrain,1,117.146331,10.004463,10.823416,46.587249,39.736137,50.778816,,
patchtst,ETTh1,336,0,retrain,2,203.690353,13.925910,14.272013,98.996303,68.165367,52.475248,,
patchtst,ETTh1,336,0,retrain,3,43.733511,5.022830,6.613132,43.878668,43.829445,53.191489,,
patchtst,ETTh1,336,0,retrain,4,243.805021,14.742379,15.614257,165.571350,196.356441,52.525253,,
patchtst,ETTh1,336,0,retrain,5,115.133517,10.362637,10.730029,141.999558,85.461089,52.684564,,
patchtst,ETTh1,336,0,retrain,6,124.404090,10.500846,11.153658,116.321367,77.710836,48.466258,,
patchtst,ETTh1,336,0,retrain,7,58.400397,6.297957,7.642015,54.114434,76.024914,53.511706,,
patchtst,ETTh1,336,0,retrain,8,25.346219,4.086766,5.034503,25.685781,24.857824,54.968944,,
patchtst,ETTh1,336,0,retrain,9,84.884970,7.543663,9.213304,40.486127,34.266121,47.811448,,
patchtst,ETTh1,336,2,retrain,0,118.762504,10.126910,10.897821,34.949721,30.330661,47.500000,,
patchtst,ETTh1,336,2,retrain,1,119.341517,10.045425,10.924354,46.777992,39.837461,49.532710,,
patchtst,ETTh1,336,2,retrain,2,199.292786,13.769462,14.117110,97.884147,67.675554,52.475248,,
patchtst,ETTh1,336,2,retrain,3,46.983156,5.149717,6.854426,44.987131,44.273974,47.720365,,
patchtst,ETTh1,336,2,retrain,4,274.864819,15.762286,16.579048,177.025897,196.236918,57.912458,,
patchtst,ETTh1,336,2,retrain,5,115.777903,10.308418,10.760014,141.256587,84.884026,48.657718,,
patchtst,ETTh1,336,2,retrain,6,116.190077,10.115195,10.779150,112.049386,76.111108,47.546012,,
patchtst,ETTh1,336,2,retrain,7,59.860602,6.355460,7.736963,54.608522,74.214009,51.170569,,
patchtst,ETTh1,336,2,retrain,8,40.363340,5.031641,6.353215,31.624428,34.886986,51.242236,,
patchtst,ETTh1,336,2,retrain,9,70.362262,6.781324,8.388222,36.394727,31.719074,49.831650,,
patchtst,ETTh1,720,0,retrain,0,214.637550,13.968815,14.650514,48.431392,39.622280,51.351351,,
patchtst,ETTh1,720,0,retrain,1,177.711681,12.717657,13.330854,58.852587,46.502858,50.512445,,
patchtst,ETTh1,720,0,retrain,2,192.439700,13.384632,13.872264,87.205121,62.605733,51.501502,,
patchtst,ETTh1,720,0,retrain,3,158.710235,11.330150,12.598025,92.623558,70.717674,48.206600,,
patchtst,ETTh1,720,0,retrain,4,71.796084,7.739950,8.473257,83.856161,61.472955,49.082569,,
patchtst,ETTh1,720,0,retrain,5,95.275219,9.202822,9.760903,127.398383,79.882564,51.885370,,
patchtst,ETTh1,720,0,retrain,6,123.598198,10.196883,11.117473,104.415177,71.209914,47.694524,,
patchtst,ETTh1,720,0,retrain,7,84.075925,7.184800,9.169293,65.916416,77.249923,50.890208,,
patchtst,ETTh1,720,0,retrain,8,216.068444,12.083756,14.699267,72.801118,98.007581,52.813853,,
patchtst,ETTh1,720,0,retrain,9,343.171550,18.158540,18.524890,101.167214,185.213697,47.234679,,
patchtst,ETTh2,96,0,retrain,0,130.541951,10.511183,11.425496,28.166680,25.674947,62.500000,,
patchtst,ETTh2,96,0,retrain,1,120.060106,9.726532,10.957194,35.763664,32.260362,55.555556,,
patchtst,ETTh2,96,0,retrain,2,407.069418,20.023281,20.175961,105.778446,69.588393,68.852459,,
patchtst,ETTh2,96,0,retrain,3,46.166981,6.038176,6.794629,34.020908,29.376926,61.904762,,
patchtst,ETTh2,96,0,retrain,4,385.118965,18.978922,19.624448,129.044211,80.836943,51.562500,,
patchtst,ETTh2,96,0,retrain,5,756.087816,27.379855,27.497051,289.668776,119.133840,56.603774,,
patchtst,ETTh2,96,0,retrain,6,36.688853,4.979601,6.057132,25.611431,24.843810,52.808989,,
patchtst,ETTh2,96,0,retrain,7,29.366846,4.889993,5.419119,18.700394,17.783832,54.054054,,
patchtst,ETTh2,96,0,retrain,8,97.485455,8.555121,9.873472,28.534060,25.555051,49.397590,,
patchtst,ETTh2,96,0,retrain,9,355.283472,17.879255,18.848965,57.346352,45.731488,52.808989,,
patchtst,ETTh2,96,1,retrain,0,142.104159,10.931745,11.920745,29.293654,26.534963,57.954545,,
patchtst,ETTh2,96,1,retrain,1,139.131935,10.355421,11.795420,38.076037,33.807722,58.333333,,
patchtst,ETTh2,96,1,retrain,2,436.162283,20.735597,20.884499,109.541450,71.134028,45.901639,,
patchtst,ETTh2,96,1,retrain,3,16.922409,3.518260,4.113686,19.822939,18.801073,63.095238,,
patchtst,ETTh2,96,1,retrain,4,390.521696,19.133344,19.761622,130.094181,81.229817,59.375000,,
patchtst,ETTh2,96,1,retrain,5,901.723400,29.933605,30.028710,316.686507,123.378812,67.924528,,
patchtst,ETTh2,96,1,retrain,6,37.662456,5.063060,6.136974,26.040682,25.431936,52.808989,,
patchtst,ETTh2,96,1,retrain,7,43.521590,6.021213,6.597090,23.026423,21.433441,54.054054,,
patchtst,ETTh2,96,1,retrain,8,104.270324,8.930105,10.211284,29.784754,26.366735,46.987952,,
patchtst,ETTh2,96,1,retrain,9,375.326241,18.293742,19.373338,58.675788,46.468428,58.426966,,
patchtst,ETTh2,96,2,retrain,0,140.951590,10.879736,11.872303,29.154288,26.428636,60.227273,,
patchtst,ETTh2,96,2,retrain,1,115.122021,9.481884,10.729493,34.864112,31.532524,61.111111,,
patchtst,ETTh2,96,2,retrain,2,402.538280,19.885913,20.063357,105.052761,69.242401,67.213115,,
patchtst,ETTh2,96,2,retrain,3,51.021851,6.436396,7.142958,36.264602,31.295106,50.000000,,
patchtst,ETTh2,96,2,retrain,4,349.385367,17.987170,18.691853,122.300945,78.305569,56.250000,,
patchtst,ETTh2,96,2,retrain,5,814.575701,28.410800,28.540773,300.575799,120.867417,49.056604,,
patchtst,ETTh2,96,2,retrain,6,47.334938,5.748190,6.880039,29.564490,28.106409,48.314607,,
patchtst,ETTh2,96,2,retrain,7,40.281970,5.791351,6.346808,22.147380,20.735764,67.567568,,
patchtst,ETTh2,96,2,retrain,8,107.730215,9.294373,10.379317,30.999703,27.527762,48.192771,,
patchtst,ETTh2,96,2,retrain,9,370.124767,17.968126,19.238627,57.631399,45.789045,46.067416,,
patchtst,ETTh1,720,1,retrain,0,216.793568,14.083970,14.723911,48.830643,39.894210,48.648649,,
patchtst,ETTh1,720,1,retrain,1,178.784632,12.790636,13.371037,59.190308,46.738707,51.976574,,
patchtst,ETTh1,720,1,retrain,2,185.853712,13.128693,13.632817,85.537599,61.784580,46.846847,,
patchtst,ETTh1,720,1,retrain,3,146.837521,10.875540,12.117653,88.907143,69.210350,50.645624,,
patchtst,ETTh1,720,1,retrain,4,81.594838,8.202247,9.032986,88.864773,63.385872,47.400612,,
patchtst,ETTh1,720,1,retrain,5,80.784162,8.394167,8.988001,116.203841,75.650715,49.321267,,
patchtst,ETTh1,720,1,retrain,6,114.400717,9.927560,10.695827,101.657333,70.561797,51.296830,,
patchtst,ETTh1,720,1,retrain,7,78.507215,7.127644,8.860430,65.392042,74.500345,47.922849,,
patchtst,ETTh1,720,1,retrain,8,185.480716,11.023110,13.619131,66.411036,90.875341,48.773449,,
patchtst,ETTh1,720,1,retrain,9,326.638380,17.648632,18.073140,98.326351,176.758814,49.775785,,
patchtst,ETTh2,192,0,retrain,0,52.526905,5.996108,7.247545,14.866392,14.800873,54.189944,,
patchtst,ETTh2,192,0,retrain,1,71.645271,6.463526,8.464353,20.179202,20.442704,61.349693,,
patchtst,ETTh2,192,0,retrain,2,346.580833,18.343903,18.616682,89.479406,62.262235,52.985075,,
patchtst,ETTh2,192,0,retrain,3,45.678382,5.887612,6.758578,36.669571,33.226484,51.176471,,
patchtst,ETTh2,192,0,retrain,4,247.665537,14.958818,15.737393,113.048895,74.873785,50.694444,,
patchtst,ETTh2,192,0,retrain,5,67.333106,7.258569,8.205675,60.826408,49.680511,54.074074,,
patchtst,ETTh2,192,0,retrain,6,84.051947,7.802861,9.167985,40.400876,36.164312,48.633880,,
patchtst,ETTh2,192,0,retrain,7,375.715468,18.493537,19.383381,79.650471,58.995701,58.865248,,
patchtst,ETTh2,192,0,retrain,8,436.524520,16.902135,20.893169,57.544765,83.683513,48.502994,,
patchtst,ETTh2,192,0,retrain,9,314.808789,16.115517,17.742852,46.116734,38.504961,52.352941,,
patchtst,ETTh1,720,2,retrain,0,215.183193,14.070977,14.669124,48.785598,39.866406,52.252252,,
patchtst,ETTh1,720,2,retrain,1,192.841591,13.281194,13.886742,61.460430,48.029611,50.366032,,
patchtst,ETTh1,720,2,retrain,2,191.423889,13.344972,13.835602,86.946721,62.462740,50.450450,,
patchtst,ETTh1,720,2,retrain,3,169.113166,11.784102,13.004352,96.334603,72.237926,48.637016,,
patchtst,ETTh1,720,2,retrain,4,78.835887,8.136024,8.878958,88.147301,63.400989,50.000000,,
patchtst,ETTh1,720,2,retrain,5,85.743907,8.722988,9.259801,120.755849,77.620051,53.092006,,
patchtst,ETTh1,720,2,retrain,6,111.863998,9.521563,10.576578,97.499960,67.843540,52.017291,,
patchtst,ETTh1,720,2,retrain,7,149.505614,11.020107,12.227249,101.103164,166.416064,53.115727,,
patchtst,ETTh1,720,2,retrain,8,195.308544,11.294496,13.975283,68.046054,96.252156,49.350649,,
patchtst,ETTh1,720,2,retrain,9,309.250720,17.241901,17.585526,96.060316,177.234781,49.626308,,
patchtst,ETTh2,192,2,retrain,0,69.987435,6.919018,8.365849,17.154599,16.787400,49.720670,,
patchtst,ETTh2,192,2,retrain,1,73.420630,6.381492,8.568584,19.923092,20.102371,60.122699,,
patchtst,ETTh2,192,2,retrain,2,343.947657,18.285999,18.545826,89.196957,62.076705,52.238806,,
patchtst,ETTh2,192,2,retrain,3,65.560762,7.215557,8.096960,44.940356,39.179252,59.411765,,
patchtst,ETTh2,192,2,retrain,4,143.805930,10.959496,11.991911,82.824652,61.488257,50.694444,,
patchtst,ETTh2,192,2,retrain,5,133.861487,10.704882,11.569852,89.706321,65.149316,47.407407,,
patchtst,ETTh2,192,2,retrain,6,79.752146,7.622794,8.930406,39.468543,35.601586,48.633880,,
patchtst,ETTh2,192,2,retrain,7,371.928568,18.432604,19.285450,79.388039,58.891664,48.226950,,
patchtst,ETTh2,192,2,retrain,8,441.848446,17.491408,21.020191,59.550995,87.697580,50.898204,,
patchtst,ETTh2,192,2,retrain,9,311.487703,16.030324,17.649014,45.872944,38.356135,49.411765,,
patchtst,ETTh2,192,1,retrain,0,63.290026,6.585932,7.955503,16.328766,16.036082,53.631285,,
patchtst,ETTh2,192,1,retrain,1,77.478313,6.630417,8.802177,20.700238,20.792318,58.895706,,
patchtst,ETTh2,192,1,retrain,2,355.462145,18.578734,18.853704,90.624888,62.836896,55.970149,,
patchtst,ETTh2,192,1,retrain,3,44.601092,5.651297,6.678405,35.197739,32.080576,60.588235,,
patchtst,ETTh2,192,1,retrain,4,241.805092,14.663677,15.550083,110.818415,73.793257,52.083333,,
patchtst,ETTh2,192,1,retrain,5,229.754793,14.277500,15.157665,119.644667,77.381446,53.333333,,
patchtst,ETTh2,192,1,retrain,6,80.998053,7.732965,8.999892,40.038977,36.042240,53.551913,,
patchtst,ETTh2,192,1,retrain,7,373.238191,18.417092,19.319373,79.321229,58.835704,56.028369,,
patchtst,ETTh2,192,1,retrain,8,447.831767,17.754365,21.162036,60.446254,88.412674,56.886228,,
patchtst,ETTh2,192,1,retrain,9,302.424905,15.693447,17.390368,44.908925,37.746988,50.000000,,
patchtst,ETTh2,336,0,retrain,0,147.090963,10.385437,12.128106,24.689525,22.798601,48.874598,,
patchtst,ETTh2,336,0,retrain,1,142.891950,10.399829,11.953742,31.992882,29.258193,56.291391,,
patchtst,ETTh2,336,0,retrain,2,238.377862,14.892922,15.439490,63.659619,49.414230,52.208835,,
patchtst,ETTh2,336,0,retrain,3,75.873863,6.785343,8.710560,40.876989,40.391164,50.000000,,
patchtst,ETTh2,336,0,retrain,4,305.516815,17.059300,17.479039,119.132298,76.760147,55.691057,,
patchtst,ETTh2,336,0,retrain,5,83.531999,8.176027,9.139584,69.247039,55.521641,46.296296,,
patchtst,ETTh2,336,0,retrain,6,893.386568,29.289655,29.889573,174.173851,95.579905,53.225806,,
patchtst,ETTh2,336,0,retrain,7,64.859438,6.702823,8.053536,29.880879,28.601310,49.248120,,
patchtst,ETTh2,336,0,retrain,8,234.508185,13.100995,15.313660,44.154939,36.213031,49.174917,,
patchtst,ETTh2,336,0,retrain,9,122.813438,9.086184,11.082122,25.493750,23.434329,47.777778,,
patchtst,ETTh2,336,1,retrain,0,145.326366,10.358869,12.055139,24.626366,22.742470,52.090032,,
patchtst,ETTh2,336,1,retrain,1,130.070243,9.939747,11.404834,30.577537,28.196198,53.642384,,
patchtst,ETTh2,336,1,retrain,2,241.436437,15.024503,15.538225,64.222059,49.788735,50.602410,,
patchtst,ETTh2,336,1,retrain,3,67.370872,6.459114,8.207976,38.911686,39.099732,48.872180,,
patchtst,ETTh2,336,1,retrain,4,302.755055,16.953802,17.399858,118.395558,76.451565,47.967480,,
patchtst,ETTh2,336,1,retrain,5,81.881339,8.106324,9.048831,68.656694,55.204291,51.851852,,
patchtst,ETTh2,336,1,retrain,6,1045.761374,31.796756,32.338234,189.082572,99.540526,54.838710,,
patchtst,ETTh2,336,1,retrain,7,66.617374,6.749157,8.161947,30.087434,28.695392,48.496241,,
patchtst,ETTh2,336,1,retrain,8,169.582103,10.881255,13.022369,36.673639,46.512157,47.194719,,
patchtst,ETTh2,336,1,retrain,9,109.175354,8.623728,10.448701,24.196202,22.460103,53.703704,,
patchtst,ETTh2,336,2,retrain,0,149.160741,10.560409,12.213138,25.105490,23.127382,49.517685,,
patchtst,ETTh2,336,2,retrain,1,137.393681,10.189360,11.721505,31.345416,28.776151,53.973510,,
patchtst,ETTh2,336,2,retrain,2,237.739205,14.892248,15.418794,63.656736,49.478640,51.004016,,
patchtst,ETTh2,336,2,retrain,3,71.380389,6.651200,8.448692,40.068869,39.808470,52.631579,,
patchtst,ETTh2,336,2,retrain,4,298.460936,16.800103,17.276022,117.322216,75.963178,52.032520,,
patchtst,ETTh2,336,2,retrain,5,83.870518,8.215310,9.158085,69.579747,55.664405,50.740741,,
patchtst,ETTh2,336,2,retrain,6,1025.864890,31.484550,32.029126,187.226008,99.071981,49.677419,,
patchtst,ETTh2,336,2,retrain,7,64.924430,6.717547,8.057570,29.946518,28.679320,48.872180,,
patchtst,ETTh2,336,2,retrain,8,166.043789,10.681038,12.885798,35.998838,45.329345,53.795380,,
patchtst,ETTh2,336,2,retrain,9,111.117108,8.573069,10.541210,24.054065,22.386317,47.777778,,
patchtst,ETTm1,96,0,retrain,0,76.068758,7.495886,8.721741,27.533026,25.172575,57.777778,,
patchtst,ETTm1,96,0,retrain,1,12.580414,3.024325,3.546888,7.848160,8.132157,48.275862,,
patchtst,ETTm1,96,0,retrain,2,15.950502,3.769985,3.993808,9.855994,9.342123,33.333333,,
patchtst,ETTm1,96,0,retrain,3,2.280347,1.173101,1.510082,3.411298,3.387617,61.111111,,
patchtst,ETTm1,96,0,retrain,4,13.665545,3.286369,3.696694,10.147742,9.822805,53.012048,,
patchtst,ETTm1,96,0,retrain,5,23.062556,4.454548,4.802349,15.148567,14.261385,46.913580,,
patchtst,ETTm1,96,0,retrain,6,27.397379,5.162091,5.234251,20.507145,18.563448,46.666667,,
patchtst,ETTm1,96,0,retrain,7,21.337437,4.292912,4.619246,17.567943,16.456968,53.658537,,
patchtst,ETTm1,96,0,retrain,8,305.636564,17.234446,17.482464,105.975792,70.248363,59.770115,,
patchtst,ETTm1,96,0,retrain,9,5.871198,2.065418,2.423056,8.863536,8.751146,44.186047,,
patchtst,ETTm1,96,1,retrain,0,71.967485,7.378114,8.483365,27.100438,24.876152,56.666667,,
patchtst,ETTm1,96,1,retrain,1,13.925527,3.290406,3.731692,8.538646,8.890917,51.724138,,
patchtst,ETTm1,96,1,retrain,2,14.311315,3.559738,3.783030,9.306339,8.843729,66.666667,,
patchtst,ETTm1,96,1,retrain,3,2.370263,1.276087,1.539566,3.710775,3.682087,54.444444,,
patchtst,ETTm1,96,1,retrain,4,21.135898,4.099432,4.597379,12.658339,12.067977,51.807229,,
patchtst,ETTm1,96,1,retrain,5,18.935476,3.954921,4.351491,13.449486,12.765792,46.913580,,
patchtst,ETTm1,96,1,retrain,6,22.294866,4.687482,4.721744,18.621695,17.026282,40.000000,,
patchtst,ETTm1,96,1,retrain,7,19.006971,3.988321,4.359699,16.321462,15.393378,47.560976,,
patchtst,ETTm1,96,1,retrain,8,326.975929,17.843302,18.082476,109.719691,71.812115,49.425287,,
patchtst,ETTm1,96,1,retrain,9,7.090515,2.291250,2.662802,9.832670,9.661213,48.837209,,
patchtst,ETTm1,96,2,retrain,0,72.596891,7.482722,8.520381,27.484673,25.168641,51.111111,,
patchtst,ETTm1,96,2,retrain,1,13.794733,3.339129,3.714126,8.665082,9.006055,50.574713,,
patchtst,ETTm1,96,2,retrain,2,15.134579,3.696940,3.890319,9.665032,9.175801,66.666667,,
patchtst,ETTm1,96,2,retrain,3,3.538920,1.572099,1.881202,4.571557,4.521744,51.111111,,
patchtst,ETTm1,96,2,retrain,4,22.342527,4.248992,4.726788,13.120154,12.485824,55.421687,,
patchtst,ETTm1,96,2,retrain,5,15.049327,3.405738,3.879346,11.581881,11.124745,49.382716,,
patchtst,ETTm1,96,2,retrain,6,15.147073,3.815627,3.891924,15.158126,14.065531,33.333333,,
patchtst,ETTm1,96,2,retrain,7,12.051389,3.018365,3.471511,12.352097,11.913634,57.317073,,
patchtst,ETTm1,96,2,retrain,8,298.362694,17.015423,17.273178,104.629006,69.665387,56.321839,,
patchtst,ETTm1,96,2,retrain,9,6.235176,2.223160,2.497033,9.540471,9.400908,52.325581,,
patchtst,ETTh2,720,0,retrain,0,178.340872,11.504334,13.354433,27.628698,25.134411,50.842266,,
patchtst,ETTh2,720,0,retrain,1,214.875036,13.503052,14.658616,41.978324,35.885118,49.275362,,
patchtst,ETTh2,720,0,retrain,2,133.413281,10.630678,11.550467,44.658598,38.087168,50.088496,,
patchtst,ETTh2,720,0,retrain,3,212.985608,13.279001,14.594026,70.753389,55.900901,49.413735,,
patchtst,ETTh2,720,0,retrain,4,146.250638,10.993679,12.093413,74.741279,56.105439,50.929368,,
patchtst,ETTh2,720,0,retrain,5,193.791857,13.144121,13.920914,108.457798,72.653039,50.936968,,
patchtst,ETTh2,720,0,retrain,6,210.296750,12.698058,14.501612,70.402720,54.989682,48.396947,,
patchtst,ETTh2,720,0,retrain,7,89.621919,8.126238,9.466885,39.499317,36.509070,50.694444,,
patchtst,ETTh2,720,0,retrain,8,154.265839,9.966853,12.420380,31.844461,34.763764,50.542636,,
patchtst,ETTh2,720,0,retrain,9,728.961815,22.484282,26.999293,64.444286,95.311506,49.596123,,
patchtst,ETTh2,720,1,retrain,0,179.552270,11.557601,13.399712,27.756624,25.234760,49.464012,,
patchtst,ETTh2,720,1,retrain,1,215.187372,13.564919,14.669266,42.170653,36.036407,50.080515,,
patchtst,ETTh2,720,1,retrain,2,129.376296,10.509447,11.374370,44.149316,37.802269,49.026549,,
patchtst,ETTh2,720,1,retrain,3,206.247427,13.094281,14.361317,69.769160,55.442003,51.926298,,
patchtst,ETTh2,720,1,retrain,4,145.689852,11.061468,12.070205,75.202149,56.509217,51.486989,,
patchtst,ETTh2,720,1,retrain,5,204.587557,13.575763,14.303411,112.019465,74.187939,51.618399,,
patchtst,ETTh2,720,1,retrain,6,185.711585,12.012931,13.627604,66.604126,53.248335,49.923664,,
patchtst,ETTh2,720,1,retrain,7,129.261932,9.629527,11.369342,46.806375,40.940306,52.256944,,
patchtst,ETTh2,720,1,retrain,8,183.756871,10.990046,13.555695,35.113600,39.978924,52.558140,,
patchtst,ETTh2,720,1,retrain,9,779.674296,23.017059,27.922648,65.971329,95.192880,50.726979,,
patchtst,ETTm1,192,0,retrain,0,46.957168,5.211656,6.852530,17.205712,16.947268,49.171271,,
patchtst,ETTm1,192,0,retrain,1,12.183087,3.010051,3.490428,7.910233,8.200206,46.111111,,
patchtst,ETTm1,192,0,retrain,2,13.930242,3.248919,3.732324,8.148927,7.979861,40.000000,,
patchtst,ETTm1,192,0,retrain,3,18.511787,4.065112,4.302533,11.760798,11.180702,50.282486,,
patchtst,ETTm1,192,0,retrain,4,9.963006,2.807187,3.156423,8.652049,8.450983,53.977273,,
patchtst,ETTm1,192,0,retrain,5,63.187782,7.724412,7.949074,27.074255,23.980224,50.595238,,
patchtst,ETTm1,192,0,retrain,6,17.654987,3.887585,4.201784,14.958960,14.089698,45.454545,,
patchtst,ETTm1,192,0,retrain,7,125.848414,10.891209,11.218218,47.311287,38.823180,52.352941,,
patchtst,ETTm1,192,0,retrain,8,142.596890,11.557925,11.941394,63.431907,49.204746,45.977011,,
patchtst,ETTm1,192,0,retrain,9,24.260868,4.502802,4.925532,19.800596,18.409931,49.122807,,
patchtst,ETTh2,720,2,retrain,0,175.628584,11.448784,13.252494,27.495289,25.027255,50.689127,,
patchtst,ETTh2,720,2,retrain,1,213.288074,13.423559,14.604385,41.731193,35.684717,49.597424,,
patchtst,ETTh2,720,2,retrain,2,122.532674,10.198905,11.069448,42.844755,36.955450,52.566372,,
patchtst,ETTh2,720,2,retrain,3,204.447856,13.017884,14.298526,69.362103,55.146241,51.926298,,
patchtst,ETTh2,720,2,retrain,4,153.105095,11.426161,12.373564,77.681538,57.875761,48.698885,,
patchtst,ETTh2,720,2,retrain,5,187.340008,12.917924,13.687221,106.591345,71.871871,50.085179,,
patchtst,ETTh2,720,2,retrain,6,192.665788,12.319853,13.880410,68.305810,54.277137,49.312977,,
patchtst,ETTh2,720,2,retrain,7,105.657873,8.574138,10.279002,41.676429,38.113352,46.875000,,
patchtst,ETTh2,720,2,retrain,8,130.620735,9.213924,11.428943,29.438826,32.433354,49.767442,,
patchtst,ETTh2,720,2,retrain,9,758.232232,22.740984,27.536017,65.180043,94.746355,48.949919,,
patchtst,ETTm1,192,1,retrain,0,47.642534,5.344306,6.902357,17.643640,17.332875,46.408840,,
patchtst,ETTm1,192,1,retrain,1,12.306567,2.982473,3.508072,7.837760,8.124380,52.777778,,
patchtst,ETTm1,192,1,retrain,2,10.732781,2.804918,3.276092,7.035284,6.915086,40.000000,,
patchtst,ETTm1,192,1,retrain,3,17.545952,3.955636,4.188789,11.444074,10.896197,51.977401,,
patchtst,ETTm1,192,1,retrain,4,10.280818,2.887317,3.206371,8.899018,8.684091,51.704545,,
patchtst,ETTm1,192,1,retrain,5,64.766529,7.819564,8.047765,27.407766,24.253400,54.166667,,
patchtst,ETTm1,192,1,retrain,6,20.638857,4.234367,4.543001,16.293335,15.246770,56.818182,,
patchtst,ETTm1,192,1,retrain,7,126.962535,10.947640,11.267765,47.556426,38.983923,60.000000,,
patchtst,ETTm1,192,1,retrain,8,119.063657,10.467814,10.911629,57.449190,45.711922,53.448276,,
patchtst,ETTm1,192,1,retrain,9,23.209421,4.353651,4.817616,19.144719,17.875033,53.801170,,
patchtst,ETTm1,192,2,retrain,0,44.559168,5.078938,6.675265,16.767560,16.572223,52.486188,,
patchtst,ETTm1,192,2,retrain,1,10.832866,2.802959,3.291332,7.366008,7.628179,49.444444,,
patchtst,ETTm1,192,2,retrain,2,11.185494,2.866190,3.344472,7.188968,7.061442,54.736842,,
patchtst,ETTm1,192,2,retrain,3,13.774947,3.442671,3.711462,9.960010,9.558983,49.152542,,
patchtst,ETTm1,192,2,retrain,4,10.388464,2.883371,3.223114,8.886855,8.661279,49.431818,,
patchtst,ETTm1,192,2,retrain,5,62.466942,7.670200,7.903603,26.884240,23.850773,48.809524,,
patchtst,ETTm1,192,2,retrain,6,20.361198,4.200099,4.512338,16.161474,15.142281,52.272727,,
patchtst,ETTm1,192,2,retrain,7,125.911875,10.881149,11.221046,47.267590,38.792456,45.882353,,
patchtst,ETTm1,192,2,retrain,8,148.674874,11.794116,12.193231,64.728165,49.943633,56.321839,,
patchtst,ETTm1,192,2,retrain,9,18.001461,3.750257,4.242813,16.491358,15.636874,46.783626,,
patchtst,ETTm2,96,0,retrain,0,20.242986,4.179530,4.499221,11.438850,11.217580,65.217391,,
patchtst,ETTm2,96,0,retrain,1,26.435132,4.376542,5.141511,9.207265,9.199945,49.350649,,
patchtst,ETTm2,96,0,retrain,2,13.242015,3.097868,3.638958,6.542859,6.279414,50.000000,,
patchtst,ETTm2,96,0,retrain,3,1.948600,1.094818,1.395923,2.469274,2.502313,53.448276,,
patchtst,ETTm2,96,0,retrain,4,30.508321,4.204188,5.523434,8.939512,8.916766,53.947368,,
patchtst,ETTm2,96,0,retrain,5,59.618958,6.637296,7.721331,14.575632,13.937129,54.545455,,
patchtst,ETTm2,96,0,retrain,6,55.770740,6.642690,7.467981,19.637175,17.588392,62.500000,,
patchtst,ETTm2,96,0,retrain,7,58.725232,7.116206,7.663239,20.055715,21.794310,47.457627,,
patchtst,ETTm2,96,0,retrain,8,243.179954,15.359189,15.594228,59.482939,45.668030,63.333333,,
patchtst,ETTm2,96,0,retrain,9,12.820706,3.013197,3.580601,8.610999,8.342835,56.060606,,
patchtst,ETTm2,96,1,retrain,0,18.414939,3.930093,4.291263,10.756174,10.587749,58.695652,,
patchtst,ETTm2,96,1,retrain,1,22.797863,4.073548,4.774711,8.569834,8.554908,50.649351,,
patchtst,ETTm2,96,1,retrain,2,9.674931,2.534796,3.110455,5.353622,5.151462,50.000000,,
patchtst,ETTm2,96,1,retrain,3,3.664472,1.648900,1.914281,3.718963,3.781093,48.275862,,
patchtst,ETTm2,96,1,retrain,4,25.240415,3.871851,5.023984,8.232853,8.204287,48.684211,,
patchtst,ETTm2,96,1,retrain,5,77.653551,7.886160,8.812125,17.318161,16.282293,46.969697,,
patchtst,ETTm2,96,1,retrain,6,66.675191,7.723645,8.165488,22.832703,20.354463,50.000000,,
patchtst,ETTm2,96,1,retrain,7,20.485832,3.904908,4.526128,11.005264,10.985293,52.542373,,
patchtst,ETTm2,96,1,retrain,8,224.090314,14.629513,14.969646,56.657058,43.882972,56.666667,,
patchtst,ETTm2,96,1,retrain,9,7.255340,2.249297,2.693574,6.427957,6.321907,53.030303,,
patchtst,ETTm1,336,0,retrain,0,44.519031,4.817835,6.672258,14.793273,14.727841,48.407643,,
patchtst,ETTm1,336,0,retrain,1,8.060695,2.285640,2.839136,6.175027,6.285587,47.949527,,
patchtst,ETTm1,336,0,retrain,2,17.176127,3.527494,4.144409,8.758929,8.508828,48.917749,,
patchtst,ETTm1,336,0,retrain,3,7.552810,2.470309,2.748238,7.066238,6.928641,47.619048,,
patchtst,ETTm1,336,0,retrain,4,30.648533,5.087519,5.536112,15.763632,14.756425,46.511628,,
patchtst,ETTm1,336,0,retrain,5,38.262445,5.912079,6.185665,20.737008,18.916731,50.819672,,
patchtst,ETTm1,336,0,retrain,6,72.782328,8.272469,8.531256,31.898036,27.715453,47.906977,,
patchtst,ETTm1,336,0,retrain,7,77.628737,8.248584,8.810717,35.142216,30.583163,54.605263,,
patchtst,ETTm1,336,0,retrain,8,115.071227,9.923735,10.727126,47.429747,39.857525,50.333333,,
patchtst,ETTm1,336,0,retrain,9,83.973625,8.905764,9.163712,39.466343,33.314770,46.822742,,
patchtst,ETTm2,96,2,retrain,0,19.548787,4.052318,4.421401,11.090689,10.903710,47.826087,,
patchtst,ETTm2,96,2,retrain,1,24.163810,4.261211,4.915670,8.964633,8.955081,53.246753,,
patchtst,ETTm2,96,2,retrain,2,11.540986,2.831656,3.397203,5.980605,5.738283,50.000000,,
patchtst,ETTm2,96,2,retrain,3,4.051279,1.657777,2.012779,3.738985,3.791509,56.896552,,
patchtst,ETTm2,96,2,retrain,4,28.156668,4.016001,5.306286,8.539364,8.510216,57.894737,,
patchtst,ETTm2,96,2,retrain,5,59.738802,6.655530,7.729088,14.615674,13.969925,45.454545,,
patchtst,ETTm2,96,2,retrain,6,71.713043,7.947678,8.468355,23.494992,20.844283,87.500000,,
patchtst,ETTm2,96,2,retrain,7,38.914029,5.143404,6.238111,14.495736,14.998959,47.457627,,
patchtst,ETTm2,96,2,retrain,8,286.312152,16.648611,16.920761,64.476602,48.551362,40.000000,,
patchtst,ETTm2,96,2,retrain,9,5.125463,1.855280,2.263948,5.301948,5.164020,54.545455,,
patchtst,ETTm1,336,2,retrain,0,44.594953,4.831919,6.677945,14.836520,14.791158,44.904459,,
patchtst,ETTm1,336,2,retrain,1,9.889221,2.512251,3.144713,6.787253,6.942720,42.902208,,
patchtst,ETTm1,336,2,retrain,2,20.642830,3.833756,4.543438,9.519392,9.181436,41.991342,,
patchtst,ETTm1,336,2,retrain,3,7.392869,2.432746,2.718983,6.958791,6.823838,49.523810,,
patchtst,ETTm1,336,2,retrain,4,23.180341,4.337808,4.814597,13.440659,12.747663,42.524917,,
patchtst,ETTm1,336,2,retrain,5,35.407275,5.673708,5.950401,19.900904,18.231854,47.868852,,
patchtst,ETTm1,336,2,retrain,6,79.280813,8.685794,8.903977,33.491788,28.899233,46.976744,,
patchtst,ETTm1,336,2,retrain,7,80.258554,8.400660,8.958714,35.790118,31.048395,50.657895,,
patchtst,ETTm1,336,2,retrain,8,120.442092,10.154677,10.974611,48.533520,40.548231,50.000000,,
patchtst,ETTm1,336,2,retrain,9,65.365539,7.799552,8.084896,34.564112,29.837325,52.173913,,
patchtst,ETTm1,336,1,retrain,0,42.329530,4.776689,6.506115,14.666934,14.660945,52.866242,,
patchtst,ETTm1,336,1,retrain,1,9.877696,2.510246,3.142880,6.781837,6.929653,47.634069,,
patchtst,ETTm1,336,1,retrain,2,19.414527,3.718930,4.406192,9.234274,8.915979,48.917749,,
patchtst,ETTm1,336,1,retrain,3,8.235498,2.560706,2.869756,7.324816,7.166422,52.698413,,
patchtst,ETTm1,336,1,retrain,4,26.667852,4.742430,5.164093,14.694379,13.846424,46.843854,,
patchtst,ETTm1,336,1,retrain,5,28.463072,5.041778,5.335079,17.684371,16.393446,51.803279,,
patchtst,ETTm1,336,1,retrain,6,72.461721,8.275083,8.512445,31.908115,27.732413,49.302326,,
patchtst,ETTm1,336,1,retrain,7,83.493538,8.601316,9.137480,36.644992,31.664186,55.263158,,
patchtst,ETTm1,336,1,retrain,8,121.694475,10.205355,11.031522,48.775730,40.705121,46.333333,,
patchtst,ETTm1,336,1,retrain,9,82.797213,8.835515,9.099297,39.155034,33.097303,45.819398,,
patchtst,ETTm1,720,0,retrain,0,42.066321,5.214519,6.485855,15.749179,15.152285,45.671642,,
patchtst,ETTm1,720,0,retrain,1,21.002303,3.658163,4.582827,9.886593,9.741991,48.377581,,
patchtst,ETTm1,720,0,retrain,2,19.457832,3.505040,4.411103,8.961482,8.932257,48.122867,,
patchtst,ETTm1,720,0,retrain,3,14.818615,3.342340,3.849495,9.848192,9.510387,53.244838,,
patchtst,ETTm1,720,0,retrain,4,10.253766,2.538216,3.202150,7.962709,8.130981,51.313756,,
patchtst,ETTm1,720,0,retrain,5,40.991512,5.687274,6.402461,18.754991,17.609637,50.074963,,
patchtst,ETTm1,720,0,retrain,6,96.404765,9.487398,9.818593,36.343689,31.043741,48.392857,,
patchtst,ETTm1,720,0,retrain,7,41.183071,5.617460,6.417404,22.398371,20.710176,48.992248,,
patchtst,ETTm1,720,0,retrain,8,118.388714,10.286332,10.880658,46.189948,38.494131,50.309598,,
patchtst,ETTm1,720,0,retrain,9,65.355675,7.737124,8.084286,33.332339,28.910954,49.688474,,
patchtst,ETTm1,720,1,retrain,0,42.711001,5.267597,6.535365,15.909488,15.287682,46.119403,,
patchtst,ETTm1,720,1,retrain,1,19.986543,3.525895,4.470631,9.529124,9.480486,49.705015,,
patchtst,ETTm1,720,1,retrain,2,19.897555,3.603685,4.460668,9.213693,9.280012,46.245734,,
patchtst,ETTm1,720,1,retrain,3,13.819708,3.279808,3.717487,9.663942,9.360931,48.230088,,
patchtst,ETTm1,720,1,retrain,4,8.043925,2.230222,2.836181,6.996493,7.072657,47.758887,,
patchtst,ETTm1,720,1,retrain,5,42.195726,5.763205,6.495824,19.005388,17.815699,48.425787,,
patchtst,ETTm1,720,1,retrain,6,95.393118,9.417736,9.766940,36.076833,30.844518,46.428571,,
patchtst,ETTm1,720,1,retrain,7,46.535464,6.130983,6.821691,24.445926,22.374207,48.062016,,
patchtst,ETTm1,720,1,retrain,8,126.313686,10.636194,11.238936,47.760974,39.504360,48.452012,,
patchtst,ETTm1,720,1,retrain,9,63.695404,7.639612,7.980940,32.912250,28.601810,51.713396,,
patchtst,ETTm2,192,0,retrain,0,35.632485,5.090795,5.969295,13.854754,13.378698,55.445545,,
patchtst,ETTm2,192,0,retrain,1,39.381830,5.029408,6.275494,10.636060,10.774533,49.655172,,
patchtst,ETTm2,192,0,retrain,2,11.852307,2.674495,3.442718,5.561326,5.498896,44.285714,,
patchtst,ETTm2,192,0,retrain,3,44.881473,6.162985,6.699364,13.940787,14.881252,53.488372,,
patchtst,ETTm2,192,0,retrain,4,67.999099,6.659210,8.246157,14.211937,15.112495,52.317881,,
patchtst,ETTm2,192,0,retrain,5,36.097076,4.990177,6.008084,11.136244,10.734150,46.093750,,
patchtst,ETTm2,192,0,retrain,6,41.985792,5.621790,6.479644,15.775371,14.954652,49.315068,,
patchtst,ETTm2,192,0,retrain,7,58.070004,6.996112,7.620368,20.785187,19.577499,52.136752,,
patchtst,ETTm2,192,0,retrain,8,110.663134,9.727149,10.519655,35.178223,29.847340,53.448276,,
patchtst,ETTm2,192,0,retrain,9,12.831615,3.052562,3.582124,8.966606,8.902721,55.038760,,
patchtst,ETTm1,720,2,retrain,0,42.239067,5.254791,6.499159,15.870809,15.252053,50.298507,,
patchtst,ETTm1,720,2,retrain,1,19.668703,3.511782,4.434941,9.490980,9.463886,49.115044,,
patchtst,ETTm1,720,2,retrain,2,18.979463,3.495599,4.356543,8.937343,8.888077,48.464164,,
patchtst,ETTm1,720,2,retrain,3,13.325631,3.166330,3.650429,9.329581,9.042530,48.672566,,
patchtst,ETTm1,720,2,retrain,4,8.470380,2.286624,2.910392,7.173434,7.263843,52.086553,,
patchtst,ETTm1,720,2,retrain,5,40.611271,5.664388,6.372697,18.679520,17.554273,47.676162,,
patchtst,ETTm1,720,2,retrain,6,99.177406,9.644368,9.958785,36.944999,31.486246,49.821429,,
patchtst,ETTm1,720,2,retrain,7,32.222769,4.774887,5.676510,19.038796,17.887108,51.317829,,
patchtst,ETTm1,720,2,retrain,8,116.346363,10.155594,10.786397,45.602881,38.072590,45.975232,,
patchtst,ETTm1,720,2,retrain,9,61.426421,7.483813,7.837501,32.241051,28.103946,55.140187,,
patchtst,ETTm2,192,1,retrain,0,34.679501,4.976939,5.888930,13.544891,13.092131,45.544554,,
patchtst,ETTm2,192,1,retrain,1,42.256348,5.085600,6.500488,10.754894,10.900679,50.344828,,
patchtst,ETTm2,192,1,retrain,2,16.842810,3.353688,4.103999,6.973633,6.836150,45.714286,,
patchtst,ETTm2,192,1,retrain,3,39.158578,5.647046,6.257682,12.773724,13.616855,56.589147,,
patchtst,ETTm2,192,1,retrain,4,60.838694,6.272491,7.799916,13.386612,14.144335,47.682119,,
patchtst,ETTm2,192,1,retrain,5,29.282338,4.364934,5.411316,9.740932,9.471775,53.906250,,
patchtst,ETTm2,192,1,retrain,6,41.357248,5.521729,6.430960,15.494588,14.683827,57.534247,,
patchtst,ETTm2,192,1,retrain,7,89.280074,8.697522,9.448813,25.840014,23.704865,51.282051,,
patchtst,ETTm2,192,1,retrain,8,118.509255,10.128502,10.886196,36.629715,30.889837,62.068966,,
patchtst,ETTm2,192,1,retrain,9,11.743870,2.905802,3.426933,8.535515,8.409949,55.813953,,
patchtst,ETTm2,192,2,retrain,0,36.665222,5.154974,6.055181,14.029418,13.519854,48.514851,,
patchtst,ETTm2,192,2,retrain,1,38.627544,4.829814,6.215106,10.213965,10.336665,49.655172,,
patchtst,ETTm2,192,2,retrain,2,17.769112,3.378980,4.215342,7.026227,6.876718,51.428571,,
patchtst,ETTm2,192,2,retrain,3,44.020104,6.124013,6.634765,13.852630,14.748407,46.511628,,
patchtst,ETTm2,192,2,retrain,4,53.919229,5.895362,7.342971,12.581751,13.191801,49.006623,,
patchtst,ETTm2,192,2,retrain,5,37.781871,5.164623,6.146696,11.525545,11.122027,46.875000,,
patchtst,ETTm2,192,2,retrain,6,33.122790,4.867430,5.755240,13.658551,13.043216,49.315068,,
patchtst,ETTm2,192,2,retrain,7,79.447592,8.243874,8.913338,24.492243,22.621321,53.846154,,
patchtst,ETTm2,192,2,retrain,8,131.831870,10.615225,11.481806,38.389951,32.040911,46.551724,,
patchtst,ETTm2,192,2,retrain,9,29.709771,4.906241,5.450667,14.411611,13.945548,58.914729,,
patchtst,ETTm2,336,0,retrain,0,63.767377,6.691782,7.985448,17.510382,16.442970,51.190476,,
patchtst,ETTm2,336,0,retrain,1,73.449495,6.985876,8.570268,15.073525,15.990427,44.537815,,
patchtst,ETTm2,336,0,retrain,2,28.850016,4.306522,5.371221,8.802259,8.738209,45.856354,,
patchtst,ETTm2,336,0,retrain,3,27.572322,4.415478,5.250935,10.148643,9.952489,49.099099,,
patchtst,ETTm2,336,0,retrain,4,26.092286,4.360794,5.108061,9.363987,9.285736,52.653061,,
patchtst,ETTm2,336,0,retrain,5,29.614632,4.359926,5.441933,10.148022,10.167833,51.295337,,
patchtst,ETTm2,336,0,retrain,6,63.717548,7.198266,7.982327,19.793109,18.899735,51.063830,,
patchtst,ETTm2,336,0,retrain,7,74.048023,7.445142,8.605116,21.470283,20.348273,52.307692,,
patchtst,ETTm2,336,0,retrain,8,81.455562,7.986345,9.025274,25.161535,23.559879,50.000000,,
patchtst,ETTm2,336,0,retrain,9,84.412039,7.870772,9.187602,23.942067,22.163904,47.963801,,
patchtst,ETTm2,336,2,retrain,0,68.878215,6.871706,8.299290,17.981190,16.820424,46.428571,,
patchtst,ETTm2,336,2,retrain,1,79.802177,7.511327,8.933206,16.207298,17.396602,48.739496,,
patchtst,ETTm2,336,2,retrain,2,26.447074,4.183376,5.142672,8.550555,8.478700,48.066298,,
patchtst,ETTm2,336,2,retrain,3,26.775451,4.309292,5.174500,9.904582,9.730923,50.000000,,
patchtst,ETTm2,336,2,retrain,4,41.902225,5.338463,6.473193,11.463349,11.181907,50.612245,,
patchtst,ETTm2,336,2,retrain,5,25.307421,4.115060,5.030648,9.578080,9.558581,53.367876,,
patchtst,ETTm2,336,2,retrain,6,68.419694,7.503663,8.271620,20.632860,19.580929,49.468085,,
patchtst,ETTm2,336,2,retrain,7,81.015588,7.806083,9.000866,22.511163,21.199498,49.743590,,
patchtst,ETTm2,336,2,retrain,8,82.834263,7.941365,9.101333,25.019822,23.410198,48.125000,,
patchtst,ETTm2,336,2,retrain,9,73.163494,7.324973,8.553566,22.281803,20.826118,47.511312,,
patchtst,ETTm2,336,1,retrain,0,62.322151,6.609652,7.894438,17.295474,16.261648,48.214286,,
patchtst,ETTm2,336,1,retrain,1,78.073847,7.496441,8.835941,16.175178,17.289903,52.521008,,
patchtst,ETTm2,336,1,retrain,2,28.730620,4.392308,5.360095,8.977599,8.797872,54.696133,,
patchtst,ETTm2,336,1,retrain,3,30.832734,4.642713,5.552723,10.670926,10.432444,49.099099,,
patchtst,ETTm2,336,1,retrain,4,34.324487,4.996532,5.858710,10.729115,10.593753,48.163265,,
patchtst,ETTm2,336,1,retrain,5,24.854629,4.046485,4.985442,9.418467,9.427659,55.440415,,
patchtst,ETTm2,336,1,retrain,6,70.384556,7.585590,8.389550,20.858136,19.759093,43.085106,,
patchtst,ETTm2,336,1,retrain,7,83.189159,7.905888,9.120809,22.798982,21.423715,48.205128,,
patchtst,ETTm2,336,1,retrain,8,77.190758,7.736279,8.785827,24.373685,22.948578,50.625000,,
patchtst,ETTm2,336,1,retrain,9,99.016871,8.527923,9.950722,25.941052,23.713399,48.416290,,
patchtst,ETTm2,720,0,retrain,0,30.441662,4.499887,5.517396,11.590071,11.309732,47.435897,,
patchtst,ETTm2,720,0,retrain,1,41.900028,5.134836,6.473023,11.256318,11.169753,49.186992,,
patchtst,ETTm2,720,0,retrain,2,32.661868,4.549022,5.715056,9.506339,9.453812,47.392290,,
patchtst,ETTm2,720,0,retrain,3,15.162765,3.236479,3.893939,7.566515,7.553883,48.565121,,
patchtst,ETTm2,720,0,retrain,4,57.418194,6.167130,7.577479,13.471052,14.055800,48.330059,,
patchtst,ETTm2,720,0,retrain,5,54.842307,5.941288,7.405559,13.392596,13.093188,52.880658,,
patchtst,ETTm2,720,0,retrain,6,34.698553,4.820681,5.890548,12.876125,12.712878,50.000000,,
patchtst,ETTm2,720,0,retrain,7,51.685440,5.975526,7.189259,16.156693,15.824845,52.370203,,
patchtst,ETTm2,720,0,retrain,8,60.470243,6.719946,7.776262,20.193243,19.396960,48.974359,,
patchtst,ETTm2,720,0,retrain,9,83.098339,7.866142,9.115829,22.969591,21.554470,48.987854,,
patchtst,ETTm2,720,1,retrain,0,30.186070,4.474053,5.494185,11.523533,11.236964,54.615385,,
patchtst,ETTm2,720,1,retrain,1,41.645692,5.102282,6.453347,11.184955,11.120078,50.203252,,
patchtst,ETTm2,720,1,retrain,2,33.508351,4.610996,5.788640,9.635850,9.564485,46.485261,,
patchtst,ETTm2,720,1,retrain,3,14.494466,3.183865,3.807160,7.443511,7.427250,49.889625,,
patchtst,ETTm2,720,1,retrain,4,50.449667,5.697010,7.102793,12.444154,12.874186,50.294695,,
patchtst,ETTm2,720,1,retrain,5,51.988061,5.832523,7.210275,13.147423,12.834556,54.115226,,
patchtst,ETTm2,720,1,retrain,6,36.847751,4.962306,6.070235,13.254409,13.119910,48.464912,,
patchtst,ETTm2,720,1,retrain,7,48.315285,5.829157,6.950920,15.760939,15.479694,50.112867,,
patchtst,ETTm2,720,1,retrain,8,61.957044,6.811946,7.871280,20.469700,19.624946,52.307692,,
patchtst,ETTm2,720,1,retrain,9,74.504045,7.378633,8.631573,21.546036,20.417950,48.582996,,
patchtst,ETTm2,720,2,retrain,0,30.038741,4.543017,5.480761,11.701158,11.403673,47.948718,,
patchtst,ETTm2,720,2,retrain,1,41.191504,5.120959,6.418061,11.225898,11.169991,52.235772,,
patchtst,ETTm2,720,2,retrain,2,34.346282,4.735655,5.860570,9.896357,9.820689,49.886621,,
patchtst,ETTm2,720,2,retrain,3,13.949258,3.121397,3.734871,7.297466,7.273856,50.110375,,
patchtst,ETTm2,720,2,retrain,4,49.883726,5.571874,7.062841,12.170816,12.516450,47.937132,,
patchtst,ETTm2,720,2,retrain,5,60.679989,6.249051,7.789736,14.086342,13.630615,53.703704,,
patchtst,ETTm2,720,2,retrain,6,33.007369,4.600104,5.745204,12.286961,12.143562,50.000000,,
patchtst,ETTm2,720,2,retrain,7,48.564727,5.821171,6.968840,15.739347,15.463172,51.693002,,
patchtst,ETTm2,720,2,retrain,8,64.403218,6.951446,8.025162,20.888893,19.972109,48.717949,,
patchtst,ETTm2,720,2,retrain,9,84.078118,7.918288,9.169412,23.121858,21.685354,51.214575,,
patchtst,Weather,96,0,retrain,0,98.853359,9.433060,9.942503,2.240887,2.215235,52.702703,,
patchtst,Weather,96,0,retrain,1,31.200445,4.704261,5.585736,1.098915,1.096502,53.932584,,
patchtst,Weather,96,0,retrain,2,235.921447,12.905260,15.359735,2.911638,2.939024,51.648352,,
patchtst,Weather,96,0,retrain,3,606.088620,22.814048,24.618867,4.925180,5.029281,54.736842,,
patchtst,Weather,96,0,retrain,4,74.107182,8.175359,8.608553,1.951659,1.933655,56.944444,,
patchtst,Weather,96,0,retrain,5,179.373418,11.368617,13.393036,2.636596,2.655954,50.000000,,
patchtst,Weather,96,0,retrain,6,110.224104,10.347113,10.498767,2.466651,2.436020,54.929577,,
patchtst,Weather,96,0,retrain,7,339.224374,18.047387,18.418045,4.277762,4.192252,52.564103,,
patchtst,Weather,96,0,retrain,8,48.052057,6.366893,6.931959,1.514650,1.502747,41.428571,,
patchtst,Weather,96,0,retrain,9,11.136087,2.549447,3.337078,0.602936,0.601931,49.382716,,
patchtst,Weather,96,2,retrain,0,53.041169,6.603169,7.282937,1.568627,1.555578,50.000000,,
patchtst,Weather,96,2,retrain,1,26.557738,4.227696,5.153420,0.987589,0.985619,64.044944,,
patchtst,Weather,96,2,retrain,2,240.641229,13.291081,15.512615,2.998686,3.028485,52.747253,,
patchtst,Weather,96,2,retrain,3,606.295066,22.836743,24.623060,4.930079,5.034455,49.473684,,
patchtst,Weather,96,2,retrain,4,120.214259,10.753833,10.964226,2.567205,2.535868,51.388889,,
patchtst,Weather,96,2,retrain,5,169.061700,10.803657,13.002373,2.505571,2.521402,52.222222,,
patchtst,Weather,96,2,retrain,6,115.042806,10.567282,10.725801,2.519137,2.487234,49.295775,,
patchtst,Weather,96,2,retrain,7,314.055459,17.380588,17.721610,4.119711,4.040569,52.564103,,
patchtst,Weather,96,2,retrain,8,34.939334,5.470012,5.910950,1.301287,1.292812,61.428571,,
patchtst,Weather,96,2,retrain,9,10.394103,2.612181,3.223989,0.617773,0.616619,53.086420,,
patchtst,Weather,96,1,retrain,0,51.205865,6.415272,7.155827,1.523991,1.511077,50.000000,,
patchtst,Weather,96,1,retrain,1,25.162658,4.107523,5.016239,0.959517,0.957544,50.561798,,
patchtst,Weather,96,1,retrain,2,238.602014,13.355748,15.446748,3.013276,3.043492,49.450549,,
patchtst,Weather,96,1,retrain,3,594.882343,22.470086,24.390210,4.850924,4.951340,50.526316,,
patchtst,Weather,96,1,retrain,4,124.907009,10.910094,11.176180,2.604508,2.571802,44.444444,,
patchtst,Weather,96,1,retrain,5,175.755641,11.287925,13.257286,2.617882,2.636855,58.888889,,
patchtst,Weather,96,1,retrain,6,116.325427,10.242517,10.785427,2.441716,2.409401,50.704225,,
patchtst,Weather,96,1,retrain,7,322.248147,17.570701,17.951271,4.164773,4.083919,51.282051,,
patchtst,Weather,96,1,retrain,8,41.725413,6.126631,6.459521,1.457493,1.447161,51.428571,,
patchtst,Weather,96,1,retrain,9,6.244449,1.938596,2.498890,0.458472,0.458371,49.382716,,
patchtst,Weather,192,0,retrain,0,64.660730,7.046631,8.041190,1.667266,1.654609,49.685535,,
patchtst,Weather,192,0,retrain,1,33.374706,4.879394,5.777085,1.144024,1.140994,55.248619,,
patchtst,Weather,192,0,retrain,2,164.137870,10.576886,12.811630,2.435542,2.435268,51.351351,,
patchtst,Weather,192,0,retrain,3,449.293520,17.773724,21.196545,3.902364,3.945948,56.989247,,
patchtst,Weather,192,0,retrain,4,29.063779,4.776662,5.391083,1.139219,1.133515,46.938776,,
patchtst,Weather,192,0,retrain,5,145.614325,10.660824,12.067076,2.502519,2.486586,44.295302,,
patchtst,Weather,192,0,retrain,6,36.217733,5.309338,6.018117,1.266410,1.256823,47.916667,,
patchtst,Weather,192,0,retrain,7,46.165227,5.377819,6.794500,1.270906,1.267406,53.254438,,
patchtst,Weather,192,0,retrain,8,109.026893,10.244293,10.441594,2.436790,2.407662,45.517241,,
patchtst,Weather,192,0,retrain,9,65.649079,7.567990,8.102412,1.792712,1.808559,50.588235,,
patchtst,Weather,192,1,retrain,0,71.305396,7.365790,8.444252,1.742781,1.728912,52.830189,,
patchtst,Weather,192,1,retrain,1,36.591969,5.214067,6.049130,1.222492,1.218702,50.828729,,
patchtst,Weather,192,1,retrain,2,167.369772,10.650658,12.937147,2.452529,2.452430,50.270270,,
patchtst,Weather,192,1,retrain,3,454.596982,17.759970,21.321280,3.899344,3.943164,55.913978,,
patchtst,Weather,192,1,retrain,4,34.259288,5.324090,5.853143,1.269779,1.262501,55.102041,,
patchtst,Weather,192,1,retrain,5,152.141577,10.864089,12.334568,2.550234,2.533134,51.006711,,
patchtst,Weather,192,1,retrain,6,18.433717,3.565392,4.293450,0.850435,0.846368,47.916667,,
patchtst,Weather,192,1,retrain,7,30.140919,4.389286,5.490075,1.037292,1.035768,55.621302,,
patchtst,Weather,192,1,retrain,8,110.820916,10.400132,10.527151,2.473860,2.443746,53.793103,,
patchtst,Weather,192,1,retrain,9,80.979120,8.662881,8.998840,2.052071,2.072526,50.000000,,
patchtst,Weather,192,2,retrain,0,63.065904,6.849105,7.941404,1.620530,1.608457,54.088050,,
patchtst,Weather,192,2,retrain,1,36.011521,5.056937,6.000960,1.185651,1.182221,46.961326,,
patchtst,Weather,192,2,retrain,2,159.548940,10.368166,12.631268,2.387480,2.386608,46.486486,,
patchtst,Weather,192,2,retrain,3,430.851573,17.363445,20.756964,3.812284,3.852778,54.838710,,
patchtst,Weather,192,2,retrain,4,31.178805,5.167109,5.583798,1.232339,1.225642,46.938776,,
patchtst,Weather,192,2,retrain,5,151.522986,10.879871,12.309467,2.553938,2.536853,54.362416,,
patchtst,Weather,192,2,retrain,6,21.159183,3.829423,4.599911,0.913413,0.908635,51.388889,,
patchtst,Weather,192,2,retrain,7,37.185022,4.834942,6.097952,1.142611,1.140087,48.520710,,
patchtst,Weather,192,2,retrain,8,105.982192,10.107590,10.294765,2.404273,2.375787,49.655172,,
patchtst,Weather,192,2,retrain,9,69.679557,7.668381,8.347428,1.816493,1.833094,49.411765,,
patchtst,Weather,336,0,retrain,0,184.118134,11.894252,13.569014,2.768942,2.751695,50.000000,,
patchtst,Weather,336,0,retrain,1,21.330659,3.606002,4.618513,0.845025,0.844108,52.848101,,
patchtst,Weather,336,0,retrain,2,122.721548,9.123880,11.077976,2.120870,2.113716,48.355263,,
patchtst,Weather,336,0,retrain,3,242.132604,11.799682,15.560611,2.631501,2.627971,52.012384,,
patchtst,Weather,336,0,retrain,4,335.692484,18.206068,18.321913,4.339677,4.248633,50.378788,,
patchtst,Weather,336,0,retrain,5,35.965681,4.581196,5.997139,1.081239,1.074589,52.238806,,
patchtst,Weather,336,0,retrain,6,250.509305,14.918205,15.827486,3.541434,3.487993,47.368421,,
patchtst,Weather,336,0,retrain,7,37.258717,4.915900,6.103992,1.158542,1.156272,47.440273,,
patchtst,Weather,336,0,retrain,8,44.237582,5.423285,6.651134,1.280122,1.274228,51.091703,,
patchtst,Weather,336,0,retrain,9,15.950318,3.324901,3.993785,0.790083,0.788558,46.875000,,
patchtst,Exchange,96,0,retrain,0,0.003483,0.058356,0.059016,8.887882,9.301531,49.438202,,
patchtst,Exchange,96,0,retrain,1,0.002168,0.044122,0.046565,8.403600,8.095676,49.473684,,
patchtst,Exchange,96,0,retrain,2,0.004481,0.066165,0.066942,15.794831,14.660670,52.631579,,
patchtst,Exchange,96,0,retrain,3,0.017351,0.131100,0.131725,18.435330,20.298907,43.820225,,
patchtst,Exchange,96,0,retrain,4,0.009902,0.095012,0.099510,12.966415,13.777873,45.263158,,
patchtst,Exchange,96,0,retrain,5,0.001509,0.032855,0.038842,4.625028,4.536014,54.320988,,
patchtst,Exchange,96,0,retrain,6,0.001525,0.033656,0.039056,4.202851,4.247405,44.943820,,
patchtst,Exchange,96,0,retrain,7,0.016631,0.128322,0.128963,14.882078,16.071881,39.285714,,
patchtst,Exchange,96,0,retrain,8,0.003580,0.058922,0.059836,8.247126,8.592049,43.373494,,
patchtst,Exchange,96,0,retrain,9,0.001297,0.032995,0.036014,4.638824,4.736797,55.056180,,
patchtst,Weather,336,1,retrain,0,177.515703,11.697907,13.323502,2.723233,2.706958,51.020408,,
patchtst,Weather,336,1,retrain,1,22.710749,3.728166,4.765580,0.873653,0.872614,48.417722,,
patchtst,Weather,336,1,retrain,2,111.833689,8.875086,10.575145,2.063037,2.055880,49.013158,,
patchtst,Weather,336,1,retrain,3,246.160420,11.849085,15.689500,2.642519,2.638862,49.845201,,
patchtst,Weather,336,1,retrain,4,320.088403,17.775497,17.891015,4.237044,4.150270,51.515152,,
patchtst,Weather,336,1,retrain,5,36.652542,4.598599,6.054134,1.085347,1.078801,49.626866,,
patchtst,Weather,336,1,retrain,6,298.812145,16.394266,17.286184,3.891836,3.825967,56.766917,,
patchtst,Weather,336,1,retrain,7,31.171517,4.533389,5.583146,1.068394,1.066750,49.146758,,
patchtst,Weather,336,1,retrain,8,46.174352,5.358823,6.795171,1.264906,1.258910,53.711790,,
patchtst,Weather,336,1,retrain,9,7.545338,2.279229,2.746878,0.541604,0.541353,48.611111,,
patchtst,Exchange,96,1,retrain,0,0.003545,0.058944,0.059540,8.977433,9.399100,47.191011,,
patchtst,Exchange,96,1,retrain,1,0.004121,0.062913,0.064191,11.982441,11.334855,50.526316,,
patchtst,Exchange,96,1,retrain,2,0.004638,0.067170,0.068105,16.034700,14.863713,53.684211,,
patchtst,Exchange,96,1,retrain,3,0.017108,0.130179,0.130798,18.305859,20.141410,47.191011,,
patchtst,Exchange,96,1,retrain,4,0.009823,0.094637,0.099113,12.915196,13.719125,53.684211,,
patchtst,Exchange,96,1,retrain,5,0.000553,0.018602,0.023511,2.618611,2.608936,46.913580,,
patchtst,Exchange,96,1,retrain,6,0.000877,0.026140,0.029619,3.264264,3.282541,43.820225,,
patchtst,Exchange,96,1,retrain,7,0.016371,0.127419,0.127947,14.777268,15.948866,46.428571,,
patchtst,Exchange,96,1,retrain,8,0.003980,0.062271,0.063088,8.715908,9.102047,60.240964,,
patchtst,Exchange,96,1,retrain,9,0.001219,0.031804,0.034907,4.471332,4.560212,46.067416,,
patchtst,Exchange,192,0,retrain,0,0.007262,0.084676,0.085219,12.810374,13.678981,50.543478,,
patchtst,Exchange,192,0,retrain,1,0.007915,0.087566,0.088967,16.787916,15.528964,47.058824,,
patchtst,Exchange,192,0,retrain,2,0.008562,0.092028,0.092529,22.079002,19.902898,52.105263,,
patchtst,Exchange,192,0,retrain,3,0.020534,0.140273,0.143298,20.432184,22.662519,54.395604,,
patchtst,Exchange,192,0,retrain,4,0.010203,0.095369,0.101009,13.448730,14.307023,44.021739,,
patchtst,Exchange,192,0,retrain,5,0.023582,0.149685,0.153565,20.871389,23.435237,45.731707,,
patchtst,Exchange,192,0,retrain,6,0.002979,0.047479,0.054585,5.958990,6.080257,50.273224,,
patchtst,Exchange,192,0,retrain,7,0.027205,0.164099,0.164940,19.181081,21.203824,50.000000,,
patchtst,Exchange,192,0,retrain,8,0.003163,0.053854,0.056239,7.722937,8.007144,53.571429,,
patchtst,Exchange,96,2,retrain,0,0.003472,0.058301,0.058927,8.879396,9.291361,43.820225,,
patchtst,Exchange,96,2,retrain,1,0.004091,0.062226,0.063964,11.851580,11.217472,49.473684,,
patchtst,Exchange,96,2,retrain,2,0.004396,0.065536,0.066305,15.644673,14.531276,45.263158,,
patchtst,Exchange,96,2,retrain,3,0.016996,0.129663,0.130370,18.233363,20.054840,52.808989,,
patchtst,Exchange,96,2,retrain,4,0.010054,0.095702,0.100271,13.060476,13.885201,55.789474,,
patchtst,Exchange,96,2,retrain,5,0.001116,0.028543,0.033412,4.018056,3.952101,45.679012,,
patchtst,Exchange,96,2,retrain,6,0.005209,0.067043,0.072172,8.372185,8.694130,41.573034,,
patchtst,Exchange,96,2,retrain,7,0.017833,0.132957,0.133538,15.419607,16.700100,57.142857,,
patchtst,Exchange,96,2,retrain,8,0.003450,0.057854,0.058736,8.097724,8.427821,42.168675,,
patchtst,Exchange,96,2,retrain,9,0.001291,0.032685,0.035930,4.595238,4.690923,47.191011,,
patchtst,Weather,336,2,retrain,0,177.239306,11.661528,13.313125,2.714764,2.698709,47.959184,,
patchtst,Weather,336,2,retrain,1,20.251282,3.478619,4.500142,0.815174,0.814446,45.569620,,
patchtst,Weather,336,2,retrain,2,121.831902,9.163557,11.037749,2.130093,2.122984,49.342105,,
patchtst,Weather,336,2,retrain,3,241.939125,11.850553,15.554392,2.642846,2.639264,51.702786,,
patchtst,Weather,336,2,retrain,4,341.711026,18.365289,18.485427,4.377629,4.284960,47.727273,,
patchtst,Weather,336,2,retrain,5,33.417820,4.360395,5.780815,1.029127,1.022680,51.865672,,
patchtst,Weather,336,2,retrain,6,291.000447,16.129542,17.058735,3.828993,3.765576,46.992481,,
patchtst,Weather,336,2,retrain,7,34.271278,4.789721,5.854168,1.128805,1.126853,48.805461,,
patchtst,Weather,336,2,retrain,8,50.935252,5.703342,7.136894,1.346227,1.340337,48.471616,,
patchtst,Weather,336,2,retrain,9,6.706412,2.083132,2.589674,0.495006,0.494853,48.611111,,
patchtst,Exchange,192,1,retrain,0,0.007202,0.084363,0.084865,12.763047,13.625100,40.217391,,
patchtst,Exchange,192,1,retrain,1,0.007748,0.086564,0.088024,16.595826,15.364863,52.941176,,
patchtst,Exchange,192,1,retrain,2,0.008556,0.091972,0.092497,22.065547,19.891126,50.000000,,
patchtst,Exchange,192,1,retrain,3,0.020442,0.139908,0.142975,20.379129,22.595872,49.450549,,
patchtst,Exchange,192,1,retrain,4,0.009856,0.093612,0.099279,13.200905,14.022927,51.630435,,
patchtst,Exchange,192,1,retrain,5,0.020736,0.137868,0.144001,19.223712,21.447909,51.829268,,
patchtst,Exchange,192,1,retrain,6,0.002820,0.045831,0.053101,5.752159,5.861352,45.355191,,
patchtst,Exchange,192,1,retrain,7,0.021460,0.145312,0.146492,16.985112,18.551592,50.000000,,
patchtst,Exchange,192,1,retrain,8,0.003393,0.055701,0.058253,7.987755,8.289319,48.809524,,
patchtst,Exchange,192,2,retrain,0,0.007298,0.084841,0.085429,12.835415,13.708040,51.630435,,
patchtst,Exchange,192,2,retrain,1,0.007962,0.087822,0.089231,16.837156,15.570369,48.663102,,
patchtst,Exchange,192,2,retrain,2,0.008448,0.091450,0.091911,21.940350,19.790082,42.631579,,
patchtst,Exchange,192,2,retrain,3,0.020676,0.140497,0.143791,20.464857,22.702574,54.395604,,
patchtst,Exchange,192,2,retrain,4,0.010094,0.094653,0.100471,13.347805,14.190896,43.478261,,
patchtst,Exchange,192,2,retrain,5,0.012322,0.105672,0.111002,14.734510,15.997225,50.609756,,
patchtst,Exchange,192,2,retrain,6,0.003539,0.053050,0.059487,6.658237,6.825129,54.098361,,
patchtst,Exchange,192,2,retrain,7,0.028801,0.168564,0.169710,19.702881,21.848364,49.404762,,
patchtst,Exchange,192,2,retrain,8,0.002674,0.049593,0.051710,7.111788,7.345841,54.761905,,
patchtst,Weather,720,0,retrain,0,90.944099,7.787990,9.536462,1.817416,1.812251,49.306626,,
patchtst,Weather,720,0,retrain,1,42.126880,4.819758,6.490522,1.123579,1.120431,47.660819,,
patchtst,Weather,720,0,retrain,2,185.846637,10.079479,13.632558,2.331741,2.326263,48.837209,,
patchtst,Weather,720,0,retrain,3,213.713327,12.113695,14.618937,2.722320,2.717456,51.142857,,
patchtst,Weather,720,0,retrain,4,657.213444,25.569787,25.636175,6.096350,5.916825,52.280702,,
patchtst,Weather,720,0,retrain,5,188.267942,11.943749,13.721077,2.815272,2.843560,50.423012,,
patchtst,Weather,720,0,retrain,6,205.016725,12.814378,14.318405,3.033995,3.073465,49.395509,,
patchtst,Weather,720,0,retrain,7,238.130407,14.507895,15.431475,3.432182,3.377679,52.848101,,
patchtst,Weather,720,0,retrain,8,26.409740,3.485128,5.139041,0.826101,0.823635,49.722736,,
patchtst,Weather,720,0,retrain,9,26.097082,4.522957,5.108530,1.073639,1.069553,50.334448,,
patchtst,synth_stable,96,0,retrain,0,26603.362114,158.451715,163.105371,31.386738,27.139426,52.631579,,
patchtst,synth_stable,96,0,retrain,1,346.044010,15.148207,18.602258,2.972233,2.992116,55.789474,,
patchtst,synth_stable,96,0,retrain,2,347.571540,15.811870,18.643271,3.066433,3.070988,68.421053,,
patchtst,synth_stable,96,0,retrain,3,211.700297,11.601438,14.549924,2.243940,2.258994,58.947368,,
patchtst,synth_stable,96,0,retrain,4,185.549527,10.370429,13.621657,1.984439,1.992447,60.000000,,
patchtst,synth_stable,96,0,retrain,5,185.565386,11.033529,13.622239,2.093016,2.100712,49.473684,,
patchtst,synth_stable,96,0,retrain,6,668.619582,21.930138,25.857679,4.130847,4.221370,56.842105,,
patchtst,synth_stable,96,0,retrain,7,379.968002,16.102253,19.492768,3.011281,3.026531,47.368421,,
patchtst,synth_stable,96,0,retrain,8,492.493778,19.404648,22.192201,3.611429,3.667072,55.789474,,
patchtst,synth_stable,96,0,retrain,9,315.664040,14.819541,17.766937,2.733790,2.742547,62.105263,,
patchtst,Exchange,336,0,retrain,0,0.006199,0.076449,0.078733,11.753130,12.448223,51.851852,,
patchtst,Exchange,336,0,retrain,1,0.006837,0.073558,0.082685,13.322824,12.747629,51.359517,,
patchtst,Exchange,336,0,retrain,2,0.012276,0.109928,0.110799,26.288945,23.278920,56.586826,,
patchtst,Exchange,336,0,retrain,3,0.040050,0.197166,0.200124,29.430069,34.362592,52.307692,,
patchtst,Exchange,336,0,retrain,4,0.003473,0.046875,0.058929,6.905618,6.949506,50.783699,,
patchtst,Exchange,336,0,retrain,5,0.005335,0.052694,0.073040,7.810250,7.910020,46.710526,,
patchtst,Exchange,336,0,retrain,6,0.014728,0.117513,0.121361,14.565067,15.638094,46.666667,,
patchtst,Exchange,336,0,retrain,7,0.003263,0.053355,0.057122,6.327661,6.512822,54.237288,,
patchtst,Exchange,336,0,retrain,8,0.000838,0.024432,0.028941,3.576190,3.550105,51.877133,,
patchtst,Exchange,720,0,retrain,0,0.001723,0.036166,0.041505,5.622916,5.675099,50.726744,,
patchtst,Exchange,720,0,retrain,1,0.004878,0.062859,0.069843,10.842620,10.701397,50.140449,,
patchtst,Exchange,720,0,retrain,2,0.025443,0.156244,0.159508,35.221575,30.162141,46.002805,,
patchtst,Exchange,720,0,retrain,3,0.016855,0.115953,0.129828,17.749532,19.005507,49.352518,,
patchtst,Exchange,720,0,retrain,4,0.033029,0.172939,0.181739,24.760024,27.896149,48.414986,,
patchtst,Exchange,720,0,retrain,5,0.007580,0.080114,0.087062,11.905633,12.305533,52.473763,,
patchtst,Exchange,720,0,retrain,6,0.003558,0.052142,0.059649,6.529177,6.675831,47.583082,,
patchtst,Exchange,720,0,retrain,7,0.006382,0.071326,0.079889,8.709883,9.035676,51.107595,,
patchtst,Exchange,720,1,retrain,0,0.001743,0.036410,0.041750,5.660834,5.713146,49.418605,,
patchtst,Exchange,720,1,retrain,1,0.004786,0.062400,0.069181,10.763476,10.624169,49.719101,,
patchtst,Exchange,720,1,retrain,2,0.025447,0.156260,0.159522,35.225177,30.164755,52.734923,,
patchtst,Exchange,720,1,retrain,3,0.016854,0.116002,0.129824,17.757062,19.014399,52.661871,,
patchtst,Exchange,720,1,retrain,4,0.033204,0.173547,0.182220,24.847079,28.010602,50.432277,,
patchtst,Exchange,720,1,retrain,5,0.007725,0.080935,0.087892,12.027561,12.437916,50.674663,,
patchtst,Exchange,720,1,retrain,6,0.004856,0.062668,0.069682,7.847293,8.088618,50.000000,,
patchtst,Exchange,720,1,retrain,7,0.005581,0.064358,0.074706,7.858979,8.119819,53.797468,,
patchtst,synth_stable,96,1,retrain,0,26138.481546,157.495381,161.673998,31.197304,27.007516,49.473684,,
patchtst,synth_stable,96,1,retrain,1,323.846649,14.724109,17.995740,2.889021,2.904043,60.000000,,
patchtst,synth_stable,96,1,retrain,2,357.073710,15.583136,18.896394,3.022075,3.030573,63.157895,,
patchtst,synth_stable,96,1,retrain,3,186.427942,10.914775,13.653862,2.111126,2.120095,57.894737,,
patchtst,synth_stable,96,1,retrain,4,228.366401,12.078910,15.111797,2.311366,2.312648,53.684211,,
patchtst,synth_stable,96,1,retrain,5,192.453459,10.847165,13.872760,2.057664,2.069153,50.526316,,
patchtst,synth_stable,96,1,retrain,6,809.326082,24.732555,28.448657,4.658721,4.763210,57.894737,,
patchtst,synth_stable,96,1,retrain,7,415.796835,16.663938,20.391097,3.116322,3.127757,48.421053,,
patchtst,synth_stable,96,1,retrain,8,591.030961,21.845495,24.311128,4.065699,4.146300,61.052632,,
patchtst,synth_stable,96,1,retrain,9,233.742209,12.511342,15.288630,2.307992,2.326149,58.947368,,
patchtst,Exchange,720,2,retrain,0,0.001767,0.036490,0.042030,5.673303,5.726091,48.837209,,
patchtst,Exchange,720,2,retrain,1,0.004813,0.062554,0.069378,10.790037,10.650053,48.595506,,
patchtst,Exchange,720,2,retrain,2,0.025476,0.156333,0.159613,35.241501,30.176770,53.295933,,
patchtst,Exchange,720,2,retrain,3,0.016853,0.115821,0.129820,17.729354,18.980735,49.640288,,
patchtst,Exchange,720,2,retrain,4,0.033121,0.173188,0.181992,24.795723,27.942283,53.746398,,
patchtst,Exchange,720,2,retrain,5,0.007770,0.081091,0.088148,12.050809,12.462858,49.625187,,
patchtst,Exchange,720,2,retrain,6,0.003646,0.052755,0.060386,6.605959,6.754507,50.000000,,
patchtst,Exchange,720,2,retrain,7,0.006141,0.069234,0.078366,8.454479,8.757868,49.525316,,
patchtst,Exchange,336,2,retrain,0,0.006149,0.076072,0.078417,11.695048,12.382214,47.839506,,
patchtst,Exchange,336,2,retrain,1,0.006897,0.073871,0.083046,13.379631,12.797673,48.640483,,
patchtst,Exchange,336,2,retrain,2,0.012358,0.110296,0.111168,26.376982,23.346950,50.598802,,
patchtst,Exchange,336,2,retrain,3,0.039990,0.197032,0.199976,29.410133,34.335334,45.230769,,
patchtst,Exchange,336,2,retrain,4,0.003549,0.047462,0.059571,6.992162,7.041125,48.902821,,
patchtst,Exchange,336,2,retrain,5,0.004441,0.047574,0.066643,7.051443,7.213418,51.973684,,
patchtst,Exchange,336,2,retrain,6,0.016569,0.124949,0.128719,15.486712,16.722764,45.396825,,
patchtst,Exchange,336,2,retrain,7,0.002698,0.048245,0.051941,5.721609,5.870595,52.881356,,
patchtst,Exchange,336,2,retrain,8,0.001613,0.035413,0.040160,5.183541,5.088952,49.146758,,
patchtst,Exchange,336,1,retrain,0,0.006156,0.076168,0.078462,11.709914,12.399094,45.987654,,
patchtst,Exchange,336,1,retrain,1,0.006857,0.073701,0.082804,13.348736,12.770402,46.827795,,
patchtst,Exchange,336,1,retrain,2,0.012228,0.109715,0.110582,26.238056,23.239610,47.305389,,
patchtst,Exchange,336,1,retrain,3,0.040049,0.197200,0.200122,29.435145,34.369878,52.923077,,
patchtst,Exchange,336,1,retrain,4,0.003312,0.045391,0.057551,6.687011,6.718778,49.529781,,
patchtst,Exchange,336,1,retrain,5,0.003952,0.046168,0.062866,6.843087,7.025790,50.328947,,
patchtst,Exchange,336,1,retrain,6,0.014597,0.116667,0.120820,14.460241,15.523395,53.968254,,
patchtst,Exchange,336,1,retrain,7,0.003389,0.053972,0.058218,6.400858,6.594159,50.169492,,
patchtst,Exchange,336,1,retrain,8,0.001659,0.035971,0.040736,5.265159,5.172084,50.511945,,
patchtst,synth_stable,96,2,retrain,0,26347.211643,158.630723,162.318242,31.422197,27.185744,53.684211,,
patchtst,synth_stable,96,2,retrain,1,393.999971,16.320581,19.849433,3.202265,3.233600,61.052632,,
patchtst,synth_stable,96,2,retrain,2,388.342883,16.468568,19.706417,3.193788,3.213076,60.000000,,
patchtst,synth_stable,96,2,retrain,3,207.179654,11.635363,14.393737,2.250501,2.265216,53.684211,,
patchtst,synth_stable,96,2,retrain,4,216.855906,11.590237,14.726028,2.217856,2.220743,57.894737,,
patchtst,synth_stable,96,2,retrain,5,191.793141,10.752364,13.848940,2.039680,2.044550,58.947368,,
patchtst,synth_stable,96,2,retrain,6,836.971857,25.095762,28.930466,4.727137,4.834031,49.473684,,
patchtst,synth_stable,96,2,retrain,7,374.275601,15.707806,19.346204,2.937516,2.944059,53.684211,,
patchtst,synth_stable,96,2,retrain,8,591.824642,21.637872,24.327446,4.027058,4.090733,64.210526,,
patchtst,synth_stable,96,2,retrain,9,264.666374,13.402831,16.268570,2.472447,2.483895,58.947368,,
patchtst,synth_stable,192,0,retrain,0,34375.146308,182.361081,185.405357,36.131901,30.656436,43.455497,,
patchtst,synth_stable,192,0,retrain,1,629.697511,20.350027,25.093774,3.982252,3.981156,49.214660,,
patchtst,synth_stable,192,0,retrain,2,438.896154,17.381713,20.949849,3.373717,3.384990,60.209424,,
patchtst,synth_stable,192,0,retrain,3,276.718926,13.852222,16.634871,2.675797,2.686330,49.738220,,
patchtst,synth_stable,192,0,retrain,4,308.888238,13.840713,17.575217,2.652197,2.657296,51.308901,,
patchtst,synth_stable,192,0,retrain,5,281.219839,13.484007,16.769611,2.562375,2.565854,54.973822,,
patchtst,synth_stable,192,0,retrain,6,1052.785471,28.873993,32.446656,5.457722,5.588632,51.832461,,
patchtst,synth_stable,192,0,retrain,7,861.616503,25.298907,29.353305,4.739866,4.814604,58.115183,,
patchtst,synth_stable,192,0,retrain,8,238.897688,12.573702,15.456315,2.340749,2.340079,52.879581,,
patchtst,synth_stable,192,0,retrain,9,247.989838,12.567115,15.747693,2.321925,2.330465,54.973822,,
patchtst,Weather,720,1,retrain,0,90.842344,7.809732,9.531125,1.822490,1.817515,48.690293,,
patchtst,Weather,720,1,retrain,1,44.211530,4.975718,6.649175,1.159936,1.157114,48.391813,,
patchtst,Weather,720,1,retrain,2,165.989284,9.498965,12.883683,2.197448,2.189792,49.457364,,
patchtst,Weather,720,1,retrain,3,212.042078,12.043659,14.561665,2.706581,2.701884,51.571429,,
patchtst,Weather,720,1,retrain,4,644.694853,25.323721,25.390842,6.037683,5.861558,50.526316,,
patchtst,Weather,720,1,retrain,5,181.992453,11.856643,13.490458,2.794740,2.821670,50.592217,,
patchtst,Weather,720,1,retrain,6,241.085192,14.095356,15.526918,3.337286,3.385386,50.259067,,
patchtst,Weather,720,1,retrain,7,243.746107,14.766738,15.612370,3.493417,3.437189,51.424051,,
patchtst,Weather,720,1,retrain,8,29.164208,3.580729,5.400390,0.848762,0.846678,48.613678,,
patchtst,Weather,720,1,retrain,9,22.727853,4.137456,4.767374,0.982130,0.978971,50.836120,,
patchtst,synth_stable,192,1,retrain,0,34385.954993,182.678768,185.434503,36.194846,30.701492,55.497382,,
patchtst,synth_stable,192,1,retrain,1,373.964765,16.138229,19.338169,3.158054,3.163965,53.403141,,
patchtst,synth_stable,192,1,retrain,2,431.055306,16.772399,20.761871,3.255452,3.255445,51.832461,,
patchtst,synth_stable,192,1,retrain,3,298.934137,14.145511,17.289712,2.732451,2.743534,50.261780,,
patchtst,synth_stable,192,1,retrain,4,395.389596,15.619685,19.884406,2.993089,2.994238,56.020942,,
patchtst,synth_stable,192,1,retrain,5,401.943946,16.379532,20.048540,3.112613,3.128030,42.408377,,
patchtst,synth_stable,192,1,retrain,6,848.816857,24.894600,29.134462,4.705543,4.796594,55.497382,,
patchtst,synth_stable,192,1,retrain,7,758.202735,23.504429,27.535481,4.403663,4.473986,53.403141,,
patchtst,synth_stable,192,1,retrain,8,209.679278,11.242166,14.480307,2.092868,2.090975,57.591623,,
patchtst,synth_stable,192,1,retrain,9,223.104189,12.160930,14.936673,2.246878,2.253414,58.638743,,
patchtst,synth_stable,192,2,retrain,0,33777.330248,181.232622,183.786099,35.908315,30.499739,53.926702,,
patchtst,synth_stable,192,2,retrain,1,503.086489,18.066709,22.429590,3.535434,3.539953,53.926702,,
patchtst,synth_stable,192,2,retrain,2,492.701166,18.222990,22.196873,3.537005,3.538747,49.738220,,
patchtst,synth_stable,192,2,retrain,3,300.909205,14.331813,17.346735,2.768439,2.769934,48.167539,,
patchtst,synth_stable,192,2,retrain,4,316.516928,14.303271,17.790923,2.740834,2.745694,54.973822,,
patchtst,synth_stable,192,2,retrain,5,290.412825,13.825098,17.041503,2.627192,2.636325,57.591623,,
patchtst,synth_stable,192,2,retrain,6,862.095111,25.579675,29.361456,4.835035,4.932782,56.020942,,
patchtst,synth_stable,192,2,retrain,7,805.534432,25.115595,28.381938,4.705522,4.782013,56.020942,,
patchtst,synth_stable,192,2,retrain,8,216.683614,11.573759,14.720177,2.154598,2.157702,54.450262,,
patchtst,synth_stable,192,2,retrain,9,271.852152,13.201801,16.487940,2.439191,2.448812,61.256545,,
patchtst,Weather,720,2,retrain,0,98.256205,8.167961,9.912427,1.906086,1.900805,49.306626,,
patchtst,Weather,720,2,retrain,1,44.387883,4.948562,6.662423,1.153606,1.150543,49.122807,,
patchtst,Weather,720,2,retrain,2,171.798520,9.602729,13.107193,2.221452,2.214142,49.147287,,
patchtst,Weather,720,2,retrain,3,211.636979,12.114179,14.547748,2.722429,2.717494,47.571429,,
patchtst,Weather,720,2,retrain,4,665.194457,25.724891,25.791364,6.133330,5.951648,51.403509,,
patchtst,Weather,720,2,retrain,5,185.937915,11.942350,13.635905,2.814942,2.842514,51.269036,,
patchtst,Weather,720,2,retrain,6,176.779340,11.355860,13.295839,2.688669,2.720377,52.158895,,
patchtst,Weather,720,2,retrain,7,247.013571,14.827243,15.716665,3.507731,3.450766,51.740506,,
patchtst,Weather,720,2,retrain,8,31.284976,3.599244,5.593297,0.853151,0.851075,47.504621,,
patchtst,Weather,720,2,retrain,9,23.538925,4.228470,4.851693,1.003735,1.000374,51.337793,,
patchtst,synth_stable,336,0,retrain,0,41075.688164,200.500074,202.671380,39.689754,33.182276,46.865672,,
patchtst,synth_stable,336,0,retrain,1,971.884638,22.100014,31.175064,4.332084,4.287336,51.343284,,
patchtst,synth_stable,336,0,retrain,2,731.866614,22.045173,27.053033,4.286272,4.291595,54.029851,,
patchtst,synth_stable,336,0,retrain,3,917.444352,21.611296,30.289344,4.177512,4.143843,51.940299,,
patchtst,synth_stable,336,0,retrain,4,530.491332,18.788963,23.032397,3.602771,3.605073,55.522388,,
patchtst,synth_stable,336,0,retrain,5,856.593070,24.520036,29.267611,4.660330,4.708813,49.850746,,
patchtst,synth_stable,336,0,retrain,6,841.371932,23.645498,29.006412,4.467902,4.500805,52.238806,,
patchtst,synth_stable,336,0,retrain,7,2161.035424,41.966479,46.486938,7.871513,8.131728,51.044776,,
patchtst,synth_stable,336,0,retrain,8,545.325553,18.985680,23.352207,3.532915,3.538216,48.656716,,
patchtst,synth_stable,336,0,retrain,9,422.971665,16.862917,20.566275,3.120831,3.118986,53.134328,,
patchtst,synth_stable,336,1,retrain,0,41206.793496,200.715513,202.994565,39.732400,33.209877,47.761194,,
patchtst,synth_stable,336,1,retrain,1,621.490672,20.194263,24.929715,3.958515,3.961974,46.567164,,
patchtst,synth_stable,336,1,retrain,2,694.184694,21.336669,26.347385,4.148517,4.155178,56.119403,,
patchtst,synth_stable,336,1,retrain,3,606.307615,20.211133,24.623314,3.906858,3.934401,51.343284,,
patchtst,synth_stable,336,1,retrain,4,480.433102,17.760841,21.918784,3.405629,3.407185,46.567164,,
patchtst,synth_stable,336,1,retrain,5,1148.415460,28.902026,33.888279,5.493180,5.581359,57.313433,,
patchtst,synth_stable,336,1,retrain,6,849.166265,23.836079,29.140458,4.503913,4.544361,52.238806,,
patchtst,synth_stable,336,1,retrain,7,2014.763273,39.969877,44.886114,7.497017,7.745914,51.044776,,
patchtst,synth_stable,336,1,retrain,8,496.003733,18.212003,22.271141,3.388946,3.391280,53.432836,,
patchtst,synth_stable,336,1,retrain,9,435.692564,17.576226,20.873250,3.252844,3.255293,49.552239,,
patchtst,synth_stable,720,0,retrain,0,46744.464720,214.574868,216.204682,42.444378,35.091205,51.321280,,
patchtst,synth_stable,720,0,retrain,1,7644.811920,64.534162,87.434615,12.665449,11.616241,52.016690,,
patchtst,synth_stable,720,0,retrain,2,1179.006067,28.131391,34.336658,5.478380,5.539916,50.069541,,
patchtst,synth_stable,720,0,retrain,3,780.853384,23.203875,27.943754,4.474979,4.495301,47.426982,,
patchtst,synth_stable,720,0,retrain,4,989.418309,25.483098,31.455020,4.884179,4.921156,47.426982,,
patchtst,synth_stable,720,0,retrain,5,2662.044650,45.111565,51.595006,8.580303,8.887086,51.321280,,
patchtst,synth_stable,720,0,retrain,6,648.948751,21.067204,25.474473,3.981409,3.982927,49.652295,,
patchtst,synth_stable,720,0,retrain,7,741.337884,22.073963,27.227521,4.142701,4.141550,47.844228,,
patchtst,synth_stable,720,0,retrain,8,741.038804,22.410235,27.222028,4.177141,4.188574,52.573018,,
patchtst,synth_stable,720,0,retrain,9,670.795779,21.848633,25.899725,4.043175,4.046326,47.566064,,
patchtst,synth_stable,336,2,retrain,0,41113.273972,200.518286,202.764085,39.693359,33.183288,51.641791,,
patchtst,synth_stable,336,2,retrain,1,1095.258743,22.424631,33.094694,4.395716,4.345649,49.552239,,
patchtst,synth_stable,336,2,retrain,2,719.220485,22.029953,26.818286,4.283312,4.290693,55.223881,,
patchtst,synth_stable,336,2,retrain,3,636.552413,20.481691,25.229990,3.959157,3.972880,45.970149,,
patchtst,synth_stable,336,2,retrain,4,535.909758,18.292421,23.149725,3.507559,3.510713,47.761194,,
patchtst,synth_stable,336,2,retrain,5,1013.921039,26.291474,31.842127,4.997013,5.058491,52.537313,,
patchtst,synth_stable,336,2,retrain,6,837.891992,23.515891,28.946364,4.443413,4.474029,50.149254,,
patchtst,synth_stable,336,2,retrain,7,2190.203025,42.689735,46.799605,8.007172,8.284688,55.223881,,
patchtst,synth_stable,336,2,retrain,8,527.387197,18.640671,22.964912,3.468714,3.479508,51.044776,,
patchtst,synth_stable,336,2,retrain,9,491.148205,18.310348,22.161864,3.388708,3.387671,52.537313,,
patchtst,synth_stable,720,1,retrain,0,46821.833229,214.770368,216.383533,42.483049,35.117895,48.261474,,
patchtst,synth_stable,720,1,retrain,1,8008.494003,66.331359,89.490189,13.018166,11.893728,47.983310,,
patchtst,synth_stable,720,1,retrain,2,1715.220915,28.099037,41.415226,5.472079,5.432547,50.904033,,
patchtst,synth_stable,720,1,retrain,3,728.135189,22.283032,26.983980,4.297390,4.310482,52.573018,,
patchtst,synth_stable,720,1,retrain,4,817.474427,23.328606,28.591510,4.471242,4.491767,47.566064,,
patchtst,synth_stable,720,1,retrain,5,3004.986951,49.004128,54.817761,9.320675,9.692756,50.069541,,
patchtst,synth_stable,720,1,retrain,6,650.689997,21.302153,25.508626,4.025811,4.028220,51.043115,,
patchtst,synth_stable,720,1,retrain,7,780.468376,22.886638,27.936864,4.295218,4.289579,50.904033,,
patchtst,synth_stable,720,1,retrain,8,835.918182,23.518682,28.912250,4.383750,4.402984,48.678720,,
patchtst,synth_stable,720,1,retrain,9,661.015975,21.672196,25.710231,4.010525,4.014514,50.347705,,
patchtst,synth_stable,720,2,retrain,0,46842.962321,214.821347,216.432350,42.493133,35.125365,50.486787,,
patchtst,synth_stable,720,2,retrain,1,8090.745359,65.865054,89.948571,12.926649,11.758924,54.102921,,
patchtst,synth_stable,720,2,retrain,2,1061.789347,26.302678,32.585109,5.122252,5.175071,49.652295,,
patchtst,synth_stable,720,2,retrain,3,1400.256871,24.423850,37.420006,4.710257,4.631922,54.242003,,
patchtst,synth_stable,720,2,retrain,4,941.770684,24.630385,30.688283,4.720745,4.752124,49.235049,,
patchtst,synth_stable,720,2,retrain,5,2514.672264,44.260350,50.146508,8.418400,8.702686,52.712100,,
patchtst,synth_stable,720,2,retrain,6,712.756554,22.054465,26.697501,4.167987,4.164178,51.599444,,
patchtst,synth_stable,720,2,retrain,7,777.367991,22.568701,27.881320,4.235550,4.231680,47.844228,,
patchtst,synth_stable,720,2,retrain,8,795.436954,22.966030,28.203492,4.280739,4.294166,47.287900,,
patchtst,synth_stable,720,2,retrain,9,665.331977,21.535227,25.794030,3.985178,3.989302,51.460362,,
patchtst,synth_trend_break,96,0,retrain,0,16560.569979,122.600207,128.687878,24.238107,21.651042,51.578947,,
patchtst,synth_trend_break,96,0,retrain,1,191.324470,10.713832,13.832009,2.101312,2.106980,52.631579,,
patchtst,synth_trend_break,96,0,retrain,2,212.887452,12.210780,14.590663,2.380236,2.409726,67.368421,,
patchtst,synth_trend_break,96,0,retrain,3,98323.932646,280.933504,313.566472,35.364293,29.321203,49.473684,,
patchtst,synth_trend_break,96,0,retrain,4,106280.068607,307.855577,326.006240,39.064495,32.272857,49.473684,,
patchtst,synth_trend_break,96,0,retrain,5,40706.049028,193.271550,201.757401,24.725744,28.367647,48.421053,,
patchtst,synth_trend_break,96,0,retrain,6,55174.394240,232.628984,234.892303,29.915351,35.095846,47.368421,,
patchtst,synth_trend_break,96,0,retrain,7,64065.399869,251.191011,253.111438,32.520056,38.771575,48.421053,,
patchtst,synth_trend_break,96,0,retrain,8,3097.685323,46.005420,55.656853,6.015002,6.112530,48.421053,,
patchtst,synth_trend_break,96,0,retrain,9,13711.082735,111.361334,117.094333,14.655487,15.740384,38.947368,,
patchtst,synth_trend_break,96,1,retrain,0,16015.727967,121.589226,126.553261,24.038236,21.503916,50.526316,,
patchtst,synth_trend_break,96,1,retrain,1,150.000260,9.857553,12.247459,1.933369,1.939127,57.894737,,
patchtst,synth_trend_break,96,1,retrain,2,220.802330,11.991518,14.859419,2.337495,2.362116,63.157895,,
patchtst,synth_trend_break,96,1,retrain,3,93698.996924,277.688726,306.102919,34.955835,29.046462,63.157895,,
patchtst,synth_trend_break,96,1,retrain,4,97817.409372,296.449803,312.757749,37.617191,31.329111,50.526316,,
patchtst,synth_trend_break,96,1,retrain,5,32904.199621,169.164738,181.395148,21.641695,24.519873,53.684211,,
patchtst,synth_trend_break,96,1,retrain,6,56491.872898,234.307519,237.680190,30.131205,35.416081,43.157895,,
patchtst,synth_trend_break,96,1,retrain,7,58846.384879,239.088100,242.582738,30.953172,36.709414,55.789474,,
patchtst,synth_trend_break,96,1,retrain,8,4880.312129,62.303731,69.859231,8.145933,8.399122,54.736842,,
patchtst,synth_trend_break,96,1,retrain,9,15568.927171,118.706697,124.775507,15.622159,16.877629,56.842105,,
patchtst,synth_trend_break,96,2,retrain,0,16286.721672,122.756691,127.619441,24.269044,21.692838,56.842105,,
patchtst,synth_trend_break,96,2,retrain,1,195.329307,11.028515,13.976026,2.163031,2.169175,44.210526,,
patchtst,synth_trend_break,96,2,retrain,2,224.828245,12.117329,14.994274,2.362019,2.384973,57.894737,,
patchtst,synth_trend_break,96,2,retrain,3,89678.324766,272.642565,299.463395,34.320618,28.679682,47.368421,,
patchtst,synth_trend_break,96,2,retrain,4,97395.689379,294.863756,312.082825,37.415934,31.189182,50.526316,,
patchtst,synth_trend_break,96,2,retrain,5,20854.703064,123.189910,144.411575,15.760013,17.488042,45.263158,,
patchtst,synth_trend_break,96,2,retrain,6,57273.523765,226.169959,239.318875,29.084740,34.715379,61.052632,,
patchtst,synth_trend_break,96,2,retrain,7,59490.647243,240.395537,243.907046,31.122437,36.927415,49.473684,,
patchtst,synth_trend_break,96,2,retrain,8,4768.570962,60.554266,69.054840,7.917198,8.151738,44.210526,,
patchtst,synth_trend_break,96,2,retrain,9,12655.521659,106.575997,112.496763,14.025722,14.989953,46.315789,,
patchtst,synth_trend_break,192,0,retrain,0,23133.469842,148.594982,152.096909,29.363975,25.663830,49.214660,,
patchtst,synth_trend_break,192,0,retrain,1,389.469159,15.998214,19.734973,3.138771,3.139186,48.167539,,
patchtst,synth_trend_break,192,0,retrain,2,289.443797,13.591876,17.013048,2.643402,2.642041,59.685864,,
patchtst,synth_trend_break,192,0,retrain,3,125417.657020,320.634426,354.143554,40.301376,32.664947,54.450262,,
patchtst,synth_trend_break,192,0,retrain,4,99596.590422,279.635630,315.589275,35.510808,29.277251,54.973822,,
patchtst,synth_trend_break,192,0,retrain,5,117526.487589,337.800282,342.821364,43.164072,55.300600,54.450262,,
patchtst,synth_trend_break,192,0,retrain,6,39436.221239,187.822093,198.585551,24.132161,27.719988,49.738220,,
patchtst,synth_trend_break,192,0,retrain,7,5023.101913,59.783934,70.873845,7.731695,7.993858,53.926702,,
patchtst,synth_trend_break,192,0,retrain,8,26631.846578,158.365602,163.192667,20.722328,23.032092,50.785340,,
patchtst,synth_trend_break,192,0,retrain,9,3543.162622,47.005093,59.524471,6.192990,6.071886,52.879581,,
patchtst,synth_trend_break,192,1,retrain,0,23123.791415,148.978317,152.065089,29.439727,25.721697,51.308901,,
patchtst,synth_trend_break,192,1,retrain,1,333.882098,14.933295,18.272441,2.929839,2.932018,57.068063,,
patchtst,synth_trend_break,192,1,retrain,2,263.009694,13.137888,16.217574,2.555109,2.560721,59.685864,,
patchtst,synth_trend_break,192,1,retrain,3,132609.975556,328.889852,364.156526,41.339022,33.326233,47.643979,,
patchtst,synth_trend_break,192,1,retrain,4,108200.237417,302.629100,328.938045,38.430739,31.578791,48.167539,,
patchtst,synth_trend_break,192,1,retrain,5,126954.241718,353.202009,356.306387,45.132103,58.300194,48.691099,,
patchtst,synth_trend_break,192,1,retrain,6,25211.442218,155.035362,158.781114,19.919586,22.035685,48.167539,,
patchtst,synth_trend_break,192,1,retrain,7,1717.660872,33.828104,41.444672,4.374898,4.395484,57.068063,,
patchtst,synth_trend_break,192,1,retrain,8,23243.399771,139.325412,152.457862,18.230896,20.215103,51.832461,,
patchtst,synth_trend_break,192,1,retrain,9,2634.344154,41.882755,51.325862,5.518115,5.453522,55.497382,,
patchtst,synth_trend_break,336,0,retrain,0,26825.521798,161.070770,163.784986,31.840475,27.528882,54.029851,,
patchtst,synth_trend_break,336,0,retrain,1,818.390620,20.642053,28.607527,4.051504,4.015132,53.134328,,
patchtst,synth_trend_break,336,0,retrain,2,379.143901,15.826811,19.471618,3.077328,3.088690,45.373134,,
patchtst,synth_trend_break,336,0,retrain,3,90906.148013,234.171535,301.506464,29.446489,28.141770,46.865672,,
patchtst,synth_trend_break,336,0,retrain,4,146134.295515,345.006056,382.275157,43.737493,34.798532,49.850746,,
patchtst,synth_trend_break,336,0,retrain,5,162362.569233,395.289393,402.942389,50.400343,68.256442,47.462687,,
patchtst,synth_trend_break,336,0,retrain,6,67337.087676,255.789027,259.493907,32.841765,39.258502,54.029851,,
patchtst,synth_trend_break,336,0,retrain,7,44334.433012,206.215340,210.557434,26.667838,30.708762,54.328358,,
patchtst,synth_trend_break,336,0,retrain,8,26438.075182,157.002081,162.597894,20.484980,22.791433,47.761194,,
patchtst,synth_trend_break,336,0,retrain,9,1571.069180,32.560957,39.636715,4.292209,4.302417,49.552239,,
patchtst,synth_trend_break,192,2,retrain,0,22691.965781,147.625021,150.638527,29.172301,25.520728,45.549738,,
patchtst,synth_trend_break,192,2,retrain,1,312.727644,14.381885,17.684107,2.821655,2.822333,54.450262,,
patchtst,synth_trend_break,192,2,retrain,2,302.053014,13.695746,17.379672,2.663603,2.670358,52.356021,,
patchtst,synth_trend_break,192,2,retrain,3,130067.156480,324.656082,360.648245,40.806868,32.917858,54.973822,,
patchtst,synth_trend_break,192,2,retrain,4,108095.855438,295.053345,328.779342,37.468697,30.711781,45.549738,,
patchtst,synth_trend_break,192,2,retrain,5,130064.579388,357.534931,360.644672,45.685763,59.231119,57.068063,,
patchtst,synth_trend_break,192,2,retrain,6,38134.284933,191.949377,195.280017,24.662452,28.077851,59.162304,,
patchtst,synth_trend_break,192,2,retrain,7,3315.283610,47.531171,57.578500,6.147079,6.255287,53.926702,,
patchtst,synth_trend_break,192,2,retrain,8,19100.459783,133.975369,138.204413,17.530837,19.115805,53.403141,,
patchtst,synth_trend_break,192,2,retrain,9,1787.973357,33.757585,42.284434,4.447612,4.445502,51.308901,,
patchtst,synth_trend_break,336,1,retrain,0,26901.647411,161.279101,164.017217,31.881658,27.558165,48.358209,,
patchtst,synth_trend_break,336,1,retrain,1,566.197968,19.528906,23.794915,3.833022,3.836201,51.044776,,
patchtst,synth_trend_break,336,1,retrain,2,425.714537,16.920148,20.632851,3.289914,3.294931,50.746269,,
patchtst,synth_trend_break,336,1,retrain,3,93778.556087,241.351614,306.232846,30.349366,30.222758,53.432836,,
patchtst,synth_trend_break,336,1,retrain,4,149893.910401,347.491966,387.161349,44.052640,34.969209,51.044776,,
patchtst,synth_trend_break,336,1,retrain,5,184658.170257,419.637334,429.718711,53.504764,74.571508,50.149254,,
patchtst,synth_trend_break,336,1,retrain,6,91044.649866,294.041036,301.736060,37.753091,46.894932,51.940299,,
patchtst,synth_trend_break,336,1,retrain,7,39876.495955,191.684364,199.691001,24.788687,28.456054,54.626866,,
patchtst,synth_trend_break,336,1,retrain,8,22126.041832,143.448091,148.748250,18.716511,20.582580,47.164179,,
patchtst,synth_trend_break,336,1,retrain,9,1627.671893,32.805808,40.344416,4.324485,4.338599,51.044776,,
patchtst,synth_trend_break,336,2,retrain,0,26831.043383,161.017808,163.801842,31.830006,27.519891,50.149254,,
patchtst,synth_trend_break,336,2,retrain,1,819.240486,20.146293,28.622377,3.954199,3.916516,50.149254,,
patchtst,synth_trend_break,336,2,retrain,2,468.186312,17.672992,21.637613,3.436295,3.442327,50.746269,,
patchtst,synth_trend_break,336,2,retrain,3,82202.141423,225.760388,286.709158,28.388808,27.051714,50.746269,,
patchtst,synth_trend_break,336,2,retrain,4,150405.898207,352.415145,387.821993,44.676767,35.520882,46.268657,,
patchtst,synth_trend_break,336,2,retrain,5,152611.663530,388.128063,390.655428,49.487257,65.788633,47.164179,,
patchtst,synth_trend_break,336,2,retrain,6,92313.152680,299.861067,303.830796,38.500348,47.759071,49.552239,,
patchtst,synth_trend_break,336,2,retrain,7,38463.638231,192.408275,196.121488,24.882303,28.327566,48.656716,,
patchtst,synth_trend_break,336,2,retrain,8,21976.891942,142.641848,148.246052,18.611316,20.466348,50.149254,,
patchtst,synth_trend_break,336,2,retrain,9,2189.072340,38.119555,46.787523,5.024947,5.061487,49.552239,,
patchtst,synth_trend_break,720,0,retrain,0,31591.534860,175.694374,177.740077,34.701608,29.651151,48.817803,,
patchtst,synth_trend_break,720,0,retrain,1,7547.032059,66.189661,86.873656,12.985949,11.905415,51.599444,,
patchtst,synth_trend_break,720,0,retrain,2,11973.479671,80.071153,109.423396,14.252650,13.664340,51.114206,,
patchtst,synth_trend_break,720,0,retrain,3,88804.134822,240.297238,298.000226,30.198887,26.093864,50.904033,,
patchtst,synth_trend_break,720,0,retrain,4,187315.731410,392.028085,432.799875,49.645141,38.547107,49.095967,,
patchtst,synth_trend_break,720,0,retrain,5,49770.443757,183.131974,223.092904,23.350324,27.898128,49.791377,,
patchtst,synth_trend_break,720,0,retrain,6,33870.737034,176.562776,184.040042,22.688804,25.645696,50.208623,,
patchtst,synth_trend_break,720,0,retrain,7,16947.663597,96.000043,130.183192,12.432056,13.241182,52.155772,,
patchtst,synth_trend_break,720,0,retrain,8,16504.714283,116.194538,128.470675,15.151905,16.459723,51.877608,,
patchtst,synth_trend_break,720,0,retrain,9,1997.512078,35.557777,44.693535,4.682103,4.657664,48.956885,,
patchtst,synth_slow_drift,96,0,retrain,0,39873.560140,193.528320,199.683650,35.486112,30.116965,47.368421,,
patchtst,synth_slow_drift,96,0,retrain,1,585.706212,19.383746,24.201368,3.434544,3.435065,54.736842,,
patchtst,synth_slow_drift,96,0,retrain,2,3682.198120,57.668232,60.681118,9.788231,10.277474,36.842105,,
patchtst,synth_slow_drift,96,0,retrain,3,1860.385995,38.510477,43.132192,6.267357,6.433398,48.421053,,
patchtst,synth_slow_drift,96,0,retrain,4,1987.633504,40.916312,44.582884,6.430302,6.592343,52.631579,,
patchtst,synth_slow_drift,96,0,retrain,5,2787.071912,48.894002,52.792726,7.432325,7.667830,52.631579,,
patchtst,synth_slow_drift,96,0,retrain,6,1209.025015,30.363376,34.771037,4.463013,4.535810,58.947368,,
patchtst,synth_slow_drift,96,0,retrain,7,4341.716635,62.693117,65.891704,8.904339,9.292155,45.263158,,
patchtst,synth_slow_drift,96,0,retrain,8,4008.032011,53.581419,63.309020,7.356067,7.586048,51.578947,,
patchtst,synth_slow_drift,96,0,retrain,9,20148.723610,139.784872,141.946200,18.636108,20.516269,54.736842,,
patchtst,synth_trend_break,720,1,retrain,0,31628.417197,175.895303,177.843800,34.741294,29.680875,50.486787,,
patchtst,synth_trend_break,720,1,retrain,1,7495.007552,66.501134,86.573712,13.047058,11.964981,47.983310,,
patchtst,synth_trend_break,720,1,retrain,2,17733.564300,81.068578,133.167430,14.430192,13.415579,51.253482,,
patchtst,synth_trend_break,720,1,retrain,3,90355.796816,241.924033,300.592410,30.403332,25.988598,49.095967,,
patchtst,synth_trend_break,720,1,retrain,4,192896.391409,398.508930,439.199717,50.465854,39.055367,50.625869,,
patchtst,synth_trend_break,720,1,retrain,5,55863.949689,213.265166,236.355558,27.192470,32.603359,50.904033,,
patchtst,synth_trend_break,720,1,retrain,6,41119.978412,170.378252,202.780616,21.894075,25.798242,53.963839,,
patchtst,synth_trend_break,720,1,retrain,7,4102.471545,50.574627,64.050539,6.549441,6.683230,51.182197,,
patchtst,synth_trend_break,720,1,retrain,8,16040.468093,114.657998,126.650970,14.951538,16.250425,52.573018,,
patchtst,synth_trend_break,720,1,retrain,9,5549.630235,59.825044,74.495840,7.877517,7.629910,50.764951,,
patchtst,synth_trend_break,720,2,retrain,0,31661.823475,175.982419,177.937695,34.758500,29.693916,46.870654,,
patchtst,synth_trend_break,720,2,retrain,1,7743.185789,68.059139,87.995374,13.352727,12.217637,51.599444,,
patchtst,synth_trend_break,720,2,retrain,2,13413.735934,79.227805,115.817684,14.102534,13.691953,49.582173,,
patchtst,synth_trend_break,720,2,retrain,3,97254.415590,247.423855,311.856402,31.094511,26.092779,50.347705,,
patchtst,synth_trend_break,720,2,retrain,4,184277.090166,392.551907,429.275075,49.711477,38.703860,49.095967,,
patchtst,synth_trend_break,720,2,retrain,5,39018.320005,189.164390,197.530555,24.119490,27.543240,51.877608,,
patchtst,synth_trend_break,720,2,retrain,6,53722.326683,194.337573,231.780773,24.972914,29.993068,52.573018,,
patchtst,synth_trend_break,720,2,retrain,7,6387.535562,67.502149,79.922059,8.741564,9.119348,49.791377,,
patchtst,synth_trend_break,720,2,retrain,8,14607.456860,105.548599,120.861313,13.763662,14.945620,48.400556,,
patchtst,synth_trend_break,720,2,retrain,9,1969.424654,36.039277,44.378200,4.745504,4.773547,49.095967,,
patchtst,synth_slow_drift,96,1,retrain,0,38911.794076,192.106429,197.260726,35.225388,29.945888,55.789474,,
patchtst,synth_slow_drift,96,1,retrain,1,435.057516,17.133706,20.858032,3.035866,3.039325,60.000000,,
patchtst,synth_slow_drift,96,1,retrain,2,3256.948944,54.346982,57.069685,9.224504,9.694215,50.526316,,
patchtst,synth_slow_drift,96,1,retrain,3,1559.397365,34.457017,39.489206,5.607680,5.721698,54.736842,,
patchtst,synth_slow_drift,96,1,retrain,4,1586.372790,32.750887,39.829296,5.147045,5.113434,51.578947,,
patchtst,synth_slow_drift,96,1,retrain,5,2710.242613,49.107347,52.059991,7.464755,7.730161,60.000000,,
patchtst,synth_slow_drift,96,1,retrain,6,1725.940117,36.799837,41.544435,5.409088,5.503529,51.578947,,
patchtst,synth_slow_drift,96,1,retrain,7,5369.904162,70.943800,73.279630,10.076188,10.570977,57.894737,,
patchtst,synth_slow_drift,96,1,retrain,8,11213.858315,104.061182,105.895507,14.286314,15.355499,49.473684,,
patchtst,synth_slow_drift,96,1,retrain,9,18433.620588,134.571193,135.770470,17.941021,19.695737,61.052632,,
patchtst,synth_slow_drift,96,2,retrain,0,39427.473098,193.801102,198.563524,35.536130,30.183409,46.315789,,
patchtst,synth_slow_drift,96,2,retrain,1,504.114972,18.106398,22.452505,3.208215,3.214873,51.578947,,
patchtst,synth_slow_drift,96,2,retrain,2,3374.583833,55.838241,58.091168,9.477620,9.920303,60.000000,,
patchtst,synth_slow_drift,96,2,retrain,3,1947.006514,40.014558,44.124897,6.512137,6.666211,56.842105,,
patchtst,synth_slow_drift,96,2,retrain,4,1298.131695,28.774562,36.029595,4.522136,4.520089,40.000000,,
patchtst,synth_slow_drift,96,2,retrain,5,2654.141599,48.640930,51.518362,7.393856,7.642982,58.947368,,
patchtst,synth_slow_drift,96,2,retrain,6,1399.221270,32.545445,37.406166,4.783749,4.865597,54.736842,,
patchtst,synth_slow_drift,96,2,retrain,7,4689.300573,62.723300,68.478468,8.908626,9.305979,51.578947,,
patchtst,synth_slow_drift,96,2,retrain,8,2797.576919,42.727810,52.892125,5.866000,5.938264,54.736842,,
patchtst,synth_slow_drift,96,2,retrain,9,18565.269817,135.021021,136.254430,18.000992,19.754497,58.947368,,
patchtst,synth_slow_drift,192,0,retrain,0,53280.498410,226.956518,230.825688,41.845796,34.657108,50.785340,,
patchtst,synth_slow_drift,192,0,retrain,1,989.463047,25.271170,31.455732,4.474794,4.489070,46.073298,,
patchtst,synth_slow_drift,192,0,retrain,2,3727.159455,55.661528,61.050466,9.449839,9.873950,50.785340,,
patchtst,synth_slow_drift,192,0,retrain,3,1872.942957,37.863479,43.277511,6.173547,6.319284,57.068063,,
patchtst,synth_slow_drift,192,0,retrain,4,4301.663184,59.701330,65.587066,9.403273,9.773482,47.643979,,
patchtst,synth_slow_drift,192,0,retrain,5,6193.397619,72.028940,78.698142,10.943930,11.481011,45.026178,,
patchtst,synth_slow_drift,192,0,retrain,6,5871.839130,71.663238,76.627927,10.570869,11.097806,53.403141,,
patchtst,synth_slow_drift,192,0,retrain,7,9445.768226,93.700845,97.189342,13.333972,14.211229,51.832461,,
patchtst,synth_slow_drift,192,0,retrain,8,2717.287171,43.700763,52.127605,6.001656,6.096160,43.979058,,
patchtst,synth_slow_drift,192,0,retrain,9,8169.866950,85.518617,90.387316,11.407081,12.021249,56.544503,,
patchtst,synth_slow_drift,192,2,retrain,0,52435.082034,225.396905,228.987078,41.558238,34.463158,49.738220,,
patchtst,synth_slow_drift,192,2,retrain,1,693.221167,21.439525,26.329094,3.796321,3.797647,51.832461,,
patchtst,synth_slow_drift,192,2,retrain,2,3876.857839,58.355302,62.264419,9.907169,10.376748,50.785340,,
patchtst,synth_slow_drift,192,2,retrain,3,2119.057654,40.530716,46.033223,6.608433,6.770449,51.308901,,
patchtst,synth_slow_drift,192,2,retrain,4,4073.940213,57.779138,63.827425,9.100517,9.442790,56.544503,,
patchtst,synth_slow_drift,192,2,retrain,5,6619.632066,77.244211,81.361121,11.736328,12.388641,53.403141,,
patchtst,synth_slow_drift,192,2,retrain,6,5461.954935,66.132188,73.905040,9.754997,10.224608,54.973822,,
patchtst,synth_slow_drift,192,2,retrain,7,8336.302981,87.148353,91.303357,12.401528,13.161712,56.544503,,
patchtst,synth_slow_drift,192,2,retrain,8,1429.708354,30.431440,37.811484,4.179310,4.190865,56.020942,,
patchtst,synth_slow_drift,192,2,retrain,9,9742.491623,93.675045,98.704061,12.495043,13.268490,48.691099,,
patchtst,synth_slow_drift,192,1,retrain,0,53449.155708,227.486954,231.190734,41.943597,34.722074,51.832461,,
patchtst,synth_slow_drift,192,1,retrain,1,739.847571,21.872948,27.200139,3.873067,3.872015,57.591623,,
patchtst,synth_slow_drift,192,1,retrain,2,3958.217291,55.097645,62.914365,9.354106,9.728790,41.884817,,
patchtst,synth_slow_drift,192,1,retrain,3,2148.901137,40.368551,46.356242,6.581992,6.728681,54.973822,,
patchtst,synth_slow_drift,192,1,retrain,4,3996.442658,57.020766,63.217424,8.981070,9.337307,52.879581,,
patchtst,synth_slow_drift,192,1,retrain,5,5796.675579,71.318428,76.135902,10.835976,11.369589,49.738220,,
patchtst,synth_slow_drift,192,1,retrain,6,5915.149912,71.521716,76.910012,10.549993,11.081096,54.450262,,
patchtst,synth_slow_drift,192,1,retrain,7,7778.885789,83.630938,88.197992,11.900987,12.584642,54.450262,,
patchtst,synth_slow_drift,192,1,retrain,8,2819.445277,44.663732,53.098449,6.133906,6.240641,46.596859,,
patchtst,synth_slow_drift,192,1,retrain,9,8301.537807,83.540326,91.112775,11.143202,11.767477,46.596859,,
patchtst,synth_slow_drift,336,0,retrain,0,66380.306826,254.690734,257.643760,47.136430,38.232365,48.358209,,
patchtst,synth_slow_drift,336,0,retrain,1,3279.784065,44.383095,57.269399,7.892897,7.984917,49.552239,,
patchtst,synth_slow_drift,336,0,retrain,2,3314.686957,49.596346,57.573318,8.455970,8.703360,45.074627,,
patchtst,synth_slow_drift,336,0,retrain,3,1916.293412,27.083104,43.775489,4.436605,4.346427,48.358209,,
patchtst,synth_slow_drift,336,0,retrain,4,2000.629565,36.602447,44.728398,5.776222,5.835617,50.149254,,
patchtst,synth_slow_drift,336,0,retrain,5,2563.633774,42.253692,50.632339,6.442456,6.543023,52.238806,,
patchtst,synth_slow_drift,336,0,retrain,6,5821.770936,68.812838,76.300530,10.157673,10.626543,47.164179,,
patchtst,synth_slow_drift,336,0,retrain,7,6589.599001,74.362292,81.176345,10.596548,11.116362,51.641791,,
patchtst,synth_slow_drift,336,0,retrain,8,18311.462227,131.297444,135.319852,18.084110,19.793623,56.716418,,
patchtst,synth_slow_drift,336,0,retrain,9,6630.198437,72.049970,81.426030,9.641738,10.098257,50.746269,,
patchtst,synth_slow_drift,336,1,retrain,0,66498.527363,254.939423,257.873084,47.182455,38.261242,48.955224,,
patchtst,synth_slow_drift,336,1,retrain,1,2595.885075,43.340975,50.949829,7.707571,7.886960,45.970149,,
patchtst,synth_slow_drift,336,1,retrain,2,3143.546391,47.560051,56.067338,8.108790,8.353889,51.641791,,
patchtst,synth_slow_drift,336,1,retrain,3,990.413391,25.447023,31.470834,4.168591,4.172180,49.253731,,
patchtst,synth_slow_drift,336,1,retrain,4,2219.577153,38.798443,47.112389,6.122771,6.201892,51.343284,,
patchtst,synth_slow_drift,336,1,retrain,5,2437.997172,41.143882,49.376079,6.273242,6.364353,51.343284,,
patchtst,synth_slow_drift,336,1,retrain,6,5714.947775,68.705687,75.597274,10.141856,10.588725,50.149254,,
patchtst,synth_slow_drift,336,1,retrain,7,6321.834363,73.458336,79.509964,10.467735,10.956367,51.641791,,
patchtst,synth_slow_drift,336,1,retrain,8,19460.625396,132.011211,139.501345,18.182420,19.978772,48.059701,,
patchtst,synth_slow_drift,336,1,retrain,9,7715.650715,81.937316,87.838777,10.964865,11.525039,53.731343,,
patchtst,synth_slow_drift,336,2,retrain,0,66334.235858,254.707192,257.554336,47.139476,38.234600,52.238806,,
patchtst,synth_slow_drift,336,2,retrain,1,3343.629547,44.342211,57.824126,7.885626,7.979224,46.268657,,
patchtst,synth_slow_drift,336,2,retrain,2,3411.523053,51.344686,58.408245,8.754055,9.036790,51.044776,,
patchtst,synth_slow_drift,336,2,retrain,3,1017.513718,26.134293,31.898491,4.281176,4.286334,49.552239,,
patchtst,synth_slow_drift,336,2,retrain,4,1850.214168,35.451444,43.014116,5.594582,5.650339,55.522388,,
patchtst,synth_slow_drift,336,2,retrain,5,2226.509164,39.455411,47.185900,6.015800,6.097445,50.149254,,
patchtst,synth_slow_drift,336,2,retrain,6,5513.721726,68.242510,74.254439,10.073485,10.516559,48.059701,,
patchtst,synth_slow_drift,336,2,retrain,7,6788.785249,77.120827,82.394085,10.989636,11.536705,50.149254,,
patchtst,synth_slow_drift,336,2,retrain,8,18745.967966,131.408769,136.915916,18.099443,19.843160,44.179104,,
patchtst,synth_slow_drift,336,2,retrain,9,7328.063689,79.949122,85.604110,10.698804,11.213001,50.149254,,
patchtst,synth_slow_drift,720,0,retrain,0,89137.829513,296.446782,298.559591,54.896990,43.192369,46.731572,,
patchtst,synth_slow_drift,720,0,retrain,1,10292.058067,70.661128,101.449781,12.558969,11.805412,47.983310,,
patchtst,synth_slow_drift,720,0,retrain,2,3195.762977,46.603170,56.531080,7.947364,8.175491,50.347705,,
patchtst,synth_slow_drift,720,0,retrain,3,3247.690652,47.766670,56.988513,7.828576,8.060022,48.956885,,
patchtst,synth_slow_drift,720,0,retrain,4,1514.446727,31.696524,38.915893,5.009196,5.038313,51.321280,,
patchtst,synth_slow_drift,720,0,retrain,5,3285.269782,47.523917,57.317273,7.238592,7.424372,47.148818,,
patchtst,synth_slow_drift,720,0,retrain,6,6230.252303,68.461072,78.931947,10.099002,10.601406,48.261474,,
patchtst,synth_slow_drift,720,0,retrain,7,5809.888262,66.042652,76.222623,9.403226,9.838629,51.460362,,
patchtst,synth_slow_drift,720,0,retrain,8,16722.804803,122.403451,129.316684,16.891138,18.410077,47.566064,,
patchtst,synth_slow_drift,720,0,retrain,9,12153.048647,104.810471,110.240867,14.019984,14.999054,51.599444,,
patchtst,synth_slow_drift,720,1,retrain,0,89250.974652,296.647605,298.749016,54.934179,43.215427,47.844228,,
patchtst,synth_slow_drift,720,1,retrain,1,11817.639296,72.400607,108.708966,12.868136,11.783619,48.539638,,
patchtst,synth_slow_drift,720,1,retrain,2,4522.655788,47.440600,67.250694,8.090173,8.134397,49.791377,,
patchtst,synth_slow_drift,720,1,retrain,3,2850.821907,44.235896,53.393089,7.249911,7.429637,50.764951,,
patchtst,synth_slow_drift,720,1,retrain,4,1860.406430,35.174498,43.132429,5.558841,5.618900,50.764951,,
patchtst,synth_slow_drift,720,1,retrain,5,4351.991682,51.734536,65.969627,7.879931,8.059676,51.182197,,
patchtst,synth_slow_drift,720,1,retrain,6,6898.448711,69.743530,83.056900,10.288183,10.877489,49.235049,,
patchtst,synth_slow_drift,720,1,retrain,7,6151.913269,68.381227,78.434133,9.736195,10.196101,50.208623,,
patchtst,synth_slow_drift,720,1,retrain,8,14113.280828,111.820764,118.799330,15.430774,16.678602,52.294854,,
patchtst,synth_slow_drift,720,1,retrain,9,10431.930805,94.655815,102.136824,12.661645,13.477520,53.824757,,
patchtst,synth_slow_drift,720,2,retrain,0,89290.550124,296.758490,298.815244,54.954714,43.229358,47.566064,,
patchtst,synth_slow_drift,720,2,retrain,1,11524.096258,71.455709,107.350344,12.700194,11.620178,47.426982,,
patchtst,synth_slow_drift,720,2,retrain,2,2878.180361,43.515198,53.648675,7.420764,7.646539,52.155772,,
patchtst,synth_slow_drift,720,2,retrain,3,3579.252269,46.571616,59.826852,7.632716,7.814516,52.155772,,
patchtst,synth_slow_drift,720,2,retrain,4,2011.328451,36.833128,44.847837,5.820965,5.892639,49.652295,,
patchtst,synth_slow_drift,720,2,retrain,5,2556.093526,41.749136,50.557824,6.359008,6.467295,49.235049,,
patchtst,synth_slow_drift,720,2,retrain,6,6104.335905,69.961368,78.130250,10.320318,10.811285,51.321280,,
patchtst,synth_slow_drift,720,2,retrain,7,5854.018388,66.470096,76.511557,9.464086,9.891808,53.268428,,
patchtst,synth_slow_drift,720,2,retrain,8,16711.233568,123.966177,129.271937,17.106787,18.625654,50.208623,,
patchtst,synth_slow_drift,720,2,retrain,9,10273.913812,93.309723,101.360317,12.481585,13.277874,50.208623,,
patchtst,synth_fast_switch,96,0,retrain,0,17828.608735,127.813738,133.523813,25.208589,22.376756,45.263158,,
patchtst,synth_fast_switch,96,0,retrain,1,93178.346250,291.375508,305.251284,36.661469,44.157459,49.473684,,
patchtst,synth_fast_switch,96,0,retrain,2,87371.679327,262.479252,295.587008,28.834734,24.975383,44.210526,,
patchtst,synth_fast_switch,96,0,retrain,3,65754.307467,241.723747,256.426027,26.621777,30.599048,50.526316,,
patchtst,synth_fast_switch,96,0,retrain,4,35027.791026,180.666760,187.157129,22.572541,20.311549,44.210526,,
patchtst,synth_fast_switch,96,0,retrain,5,383597.921193,618.749702,619.352824,77.839521,56.087731,40.000000,,
patchtst,synth_fast_switch,96,0,retrain,6,318055.931852,562.434750,563.964477,71.542749,52.720604,43.157895,,
patchtst,synth_fast_switch,96,0,retrain,7,901101.593738,948.845484,949.263711,188.884726,97.185149,53.684211,,
patchtst,synth_fast_switch,96,0,retrain,8,908962.964732,953.061958,953.395492,188.922816,97.188721,58.947368,,
patchtst,synth_fast_switch,96,0,retrain,9,809451.156262,899.472855,899.695035,176.183352,93.718830,43.157895,,
patchtst,synth_fast_switch,96,1,retrain,0,17358.009047,126.827508,131.749797,25.014076,22.234383,44.210526,,
patchtst,synth_fast_switch,96,1,retrain,1,91302.341435,288.427086,302.162773,36.290493,43.629025,52.631579,,
patchtst,synth_fast_switch,96,1,retrain,2,89561.708129,254.090974,299.268622,27.913237,24.097846,53.684211,,
patchtst,synth_fast_switch,96,1,retrain,3,78646.619011,242.334646,280.440045,26.689057,23.292439,52.631579,,
patchtst,synth_fast_switch,96,1,retrain,4,35244.150453,183.556516,187.734255,22.933587,20.632236,62.105263,,
patchtst,synth_fast_switch,96,1,retrain,5,385446.199793,619.230913,620.843136,77.900058,56.084208,40.000000,,
patchtst,synth_fast_switch,96,1,retrain,6,332653.674711,575.828057,576.761367,73.246403,53.656601,51.578947,,
patchtst,synth_fast_switch,96,1,retrain,7,936688.927070,967.560898,967.826910,192.610365,98.168236,50.526316,,
patchtst,synth_fast_switch,96,1,retrain,8,887974.343170,942.127390,942.323906,186.755287,96.619291,51.578947,,
patchtst,synth_fast_switch,96,1,retrain,9,795995.812511,891.487442,892.185974,174.619217,93.249754,49.473684,,
patchtst,synth_fast_switch,96,2,retrain,0,17442.010109,128.145862,132.068202,25.274093,22.452745,64.210526,,
patchtst,synth_fast_switch,96,2,retrain,1,79058.588133,265.845379,281.173591,33.449215,39.563175,48.421053,,
patchtst,synth_fast_switch,96,2,retrain,2,93227.956094,266.072341,305.332534,29.229454,25.365996,57.894737,,
patchtst,synth_fast_switch,96,2,retrain,3,45193.517933,196.496647,212.587671,21.640778,23.950834,42.105263,,
patchtst,synth_fast_switch,96,2,retrain,4,37464.380387,189.274648,193.557176,23.648012,21.163529,51.578947,,
patchtst,synth_fast_switch,96,2,retrain,5,374801.321727,611.462241,612.210194,76.922749,55.608272,51.578947,,
patchtst,synth_fast_switch,96,2,retrain,6,343372.725367,585.141257,585.980141,74.431059,54.282611,52.631579,,
patchtst,synth_fast_switch,96,2,retrain,7,943961.371729,971.331199,971.576745,193.360911,98.363528,43.157895,,
patchtst,synth_fast_switch,96,2,retrain,8,901980.913060,949.525582,949.726757,188.221810,97.009555,49.473684,,
patchtst,synth_fast_switch,96,2,retrain,9,801120.597244,894.687374,895.053405,175.246001,93.447029,35.789474,,
patchtst,synth_fast_switch,192,0,retrain,0,24760.722776,154.296510,157.355403,30.392687,26.419462,60.732984,,
patchtst,synth_fast_switch,192,0,retrain,1,27585.648349,136.469545,166.089278,20.621916,20.614779,54.210526,,
patchtst,synth_fast_switch,192,0,retrain,2,171208.071421,350.095640,413.772971,38.467752,31.337545,48.167539,,
patchtst,synth_fast_switch,192,0,retrain,3,77872.369048,201.297614,279.056211,22.129420,23.983144,47.120419,,
patchtst,synth_fast_switch,192,0,retrain,4,5836.724068,62.598482,76.398456,7.756978,7.980752,49.214660,,
patchtst,synth_fast_switch,192,0,retrain,5,439425.897726,662.067506,662.892071,83.154927,58.790764,58.115183,,
patchtst,synth_fast_switch,192,0,retrain,6,338894.055865,581.278350,582.146078,73.926578,54.035532,54.973822,,
patchtst,synth_fast_switch,192,0,retrain,7,372099.706280,609.064374,609.999759,121.074793,75.464352,54.450262,,
patchtst,synth_fast_switch,192,0,retrain,8,881010.331218,938.203500,938.621506,185.760396,96.346282,50.261780,,
patchtst,synth_fast_switch,192,0,retrain,9,870216.468403,932.475704,932.853937,182.557955,95.484533,52.879581,,
patchtst,synth_fast_switch,192,2,retrain,0,24332.561202,153.306779,155.988978,30.197734,26.274398,54.450262,,
patchtst,synth_fast_switch,192,2,retrain,1,28866.388972,138.409557,169.901115,20.915072,20.934400,49.473684,,
patchtst,synth_fast_switch,192,2,retrain,2,192698.646811,386.814267,438.974540,42.502315,34.402785,47.643979,,
patchtst,synth_fast_switch,192,2,retrain,3,55668.251007,222.471912,235.941202,24.457192,27.509800,53.403141,,
patchtst,synth_fast_switch,192,2,retrain,4,5310.174740,59.647119,72.870946,7.391256,7.590182,48.691099,,
patchtst,synth_fast_switch,192,2,retrain,5,438360.144593,660.752307,662.087717,82.989739,58.695027,51.308901,,
patchtst,synth_fast_switch,192,2,retrain,6,341975.411496,584.064615,584.786638,74.280933,54.224785,59.162304,,
patchtst,synth_fast_switch,192,2,retrain,7,374510.598444,611.064288,611.972711,121.472353,75.618090,50.261780,,
patchtst,synth_fast_switch,192,2,retrain,8,907666.616506,952.468385,952.715391,188.584784,97.107633,49.738220,,
patchtst,synth_fast_switch,192,2,retrain,9,877424.554967,936.402893,936.709429,183.326812,95.697433,49.214660,,
patchtst,synth_fast_switch,192,1,retrain,0,24850.963221,154.661260,157.641883,30.464534,26.471457,48.167539,,
patchtst,synth_fast_switch,192,1,retrain,1,26957.488671,137.787866,164.187358,20.821128,20.853069,61.578947,,
patchtst,synth_fast_switch,192,1,retrain,2,166713.738820,359.047013,408.305938,39.451310,32.223568,47.120419,,
patchtst,synth_fast_switch,192,1,retrain,3,40391.948814,185.059491,200.977483,20.344301,22.298376,48.167539,,
patchtst,synth_fast_switch,192,1,retrain,4,5165.385900,58.491528,71.870619,7.248059,7.434016,58.638743,,
patchtst,synth_fast_switch,192,1,retrain,5,426647.197095,652.429513,653.182361,81.944406,58.185905,47.120419,,
patchtst,synth_fast_switch,192,1,retrain,6,331676.471454,575.149728,575.913597,73.147144,53.618829,54.973822,,
patchtst,synth_fast_switch,192,1,retrain,7,365828.151491,603.165338,604.837293,119.902135,74.961803,44.502618,,
patchtst,synth_fast_switch,192,1,retrain,8,911449.730718,954.430658,954.698764,188.973306,97.209378,52.356021,,
patchtst,synth_fast_switch,192,1,retrain,9,851865.843487,922.187802,922.965787,180.543814,94.911469,47.120419,,
patchtst,synth_fast_switch,336,0,retrain,0,30505.894108,172.270645,174.659366,33.935858,29.072952,47.164179,,
patchtst,synth_fast_switch,336,0,retrain,1,30239.512543,103.455001,173.895119,17.361866,15.977732,48.802395,,
patchtst,synth_fast_switch,336,0,retrain,2,342305.625826,526.702631,585.068907,57.791974,43.541469,51.641791,,
patchtst,synth_fast_switch,336,0,retrain,3,202174.718699,330.207130,449.638431,36.307422,49.675903,49.850746,,
patchtst,synth_fast_switch,336,0,retrain,4,8835.244421,78.780261,93.995981,9.300788,9.104573,48.802395,,
patchtst,synth_fast_switch,336,0,retrain,5,355989.996677,595.649154,596.648973,75.068842,54.647055,55.223881,,
patchtst,synth_fast_switch,336,0,retrain,6,390613.553945,624.057503,624.990843,79.254852,56.820678,54.626866,,
patchtst,synth_fast_switch,336,0,retrain,7,805192.349387,896.197037,897.325108,175.835695,93.589716,54.029851,,
patchtst,synth_fast_switch,336,0,retrain,8,828896.332964,909.830011,910.437440,179.764717,94.701574,47.761194,,
patchtst,synth_fast_switch,336,0,retrain,9,809090.487827,898.567333,899.494574,176.488096,93.773242,50.447761,,
patchtst,synth_fast_switch,336,1,retrain,0,30583.651439,172.453988,174.881821,33.971975,29.097593,49.850746,,
patchtst,synth_fast_switch,336,1,retrain,1,26337.060196,109.864186,162.286969,18.437458,17.823272,46.107784,,
patchtst,synth_fast_switch,336,1,retrain,2,346030.396208,515.610364,588.243484,56.574885,42.412034,49.850746,,
patchtst,synth_fast_switch,336,1,retrain,3,351803.390649,543.847308,593.130163,59.797902,44.908947,51.343284,,
patchtst,synth_fast_switch,336,1,retrain,4,7842.017453,74.230241,88.555166,8.763613,8.597328,51.796407,,
patchtst,synth_fast_switch,336,1,retrain,5,343901.617441,584.260644,586.431256,73.633563,53.845015,50.746269,,
patchtst,synth_fast_switch,336,1,retrain,6,386482.999681,620.762158,621.677569,78.836346,56.605998,50.149254,,
patchtst,synth_fast_switch,336,1,retrain,7,798408.509077,892.846770,893.537078,175.178365,93.426828,47.462687,,
patchtst,synth_fast_switch,336,1,retrain,8,866412.498686,930.488473,930.812816,183.846427,95.834895,45.074627,,
patchtst,synth_fast_switch,336,1,retrain,9,835569.630838,913.749285,914.094979,179.469991,94.637612,50.149254,,
patchtst,synth_fast_switch,720,1,retrain,0,35198.968475,185.784026,187.613881,36.657898,31.053364,48.122392,,
patchtst,synth_fast_switch,720,1,retrain,1,140192.061821,294.871509,374.422304,45.063486,57.044637,53.064067,,
patchtst,synth_fast_switch,720,1,retrain,2,640972.088273,792.405316,800.607325,87.086086,60.764281,48.817803,,
patchtst,synth_fast_switch,720,1,retrain,3,327069.990710,434.467124,571.900333,47.766025,60.705225,51.321280,,
patchtst,synth_fast_switch,720,1,retrain,4,60149.926264,123.176798,245.254819,14.471955,14.828029,51.114206,,
patchtst,synth_fast_switch,720,1,retrain,5,10864.411326,84.151753,104.232487,10.621635,10.104203,50.904033,,
patchtst,synth_fast_switch,720,1,retrain,6,369421.739988,606.199522,607.800740,77.068245,55.672510,48.122392,,
patchtst,synth_fast_switch,720,1,retrain,7,646428.866687,793.269398,804.008002,140.883610,83.291262,49.721448,,
patchtst,synth_fast_switch,720,1,retrain,8,645542.455977,802.541501,803.456568,158.869124,88.558711,48.678720,,
patchtst,synth_fast_switch,720,1,retrain,9,795644.227738,884.552120,891.988917,171.998884,92.263270,50.417827,,
patchtst,synth_fast_switch,336,2,retrain,0,30518.461876,172.217772,174.695340,33.925443,29.063679,45.970149,,
patchtst,synth_fast_switch,336,2,retrain,1,33676.731651,110.701227,183.512211,18.577931,17.359904,50.000000,,
patchtst,synth_fast_switch,336,2,retrain,2,331075.161657,510.668179,575.391312,56.032608,42.329864,48.656716,,
patchtst,synth_fast_switch,336,2,retrain,3,139237.374242,286.224106,373.145246,31.471336,41.648446,49.253731,,
patchtst,synth_fast_switch,336,2,retrain,4,6723.638483,68.080925,81.997796,8.037626,7.919198,48.502994,,
patchtst,synth_fast_switch,336,2,retrain,5,332421.473258,574.972787,576.560034,72.463028,53.234716,51.940299,,
patchtst,synth_fast_switch,336,2,retrain,6,371676.755296,608.428453,609.652979,77.269974,55.788501,52.835821,,
patchtst,synth_fast_switch,336,2,retrain,7,770818.380443,877.335946,877.962630,172.135110,92.558361,56.417910,,
patchtst,synth_fast_switch,336,2,retrain,8,861423.437120,927.860154,928.128998,183.327123,95.696490,55.223881,,
patchtst,synth_fast_switch,336,2,retrain,9,791160.737861,888.533272,889.472168,174.517300,93.214176,51.044776,,
patchtst,synth_fast_switch,720,0,retrain,0,35129.342581,185.549081,187.428233,36.611540,31.019506,50.208623,,
patchtst,synth_fast_switch,720,0,retrain,1,99985.371494,244.057545,316.204635,37.297886,44.237356,50.139276,,
patchtst,synth_fast_switch,720,0,retrain,2,639355.827658,790.858823,799.597291,86.916126,60.669437,48.261474,,
patchtst,synth_fast_switch,720,0,retrain,3,215788.645619,339.028075,464.530565,37.273300,45.119339,47.705146,,
patchtst,synth_fast_switch,720,0,retrain,4,31811.793475,114.252802,178.358609,13.423481,13.286191,50.974930,,
patchtst,synth_fast_switch,720,0,retrain,5,6617.859577,65.155207,81.350228,8.223891,7.971903,48.539638,,
patchtst,synth_fast_switch,720,0,retrain,6,372806.674702,609.097358,610.578967,77.436657,55.867784,53.268428,,
patchtst,synth_fast_switch,720,0,retrain,7,686420.988416,818.827985,828.505274,145.422782,84.870214,47.075209,,
patchtst,synth_fast_switch,720,0,retrain,8,663572.792680,811.697037,814.599775,160.681531,89.000000,49.235049,,
patchtst,synth_fast_switch,720,0,retrain,9,705687.178656,830.790904,840.051890,161.545153,89.029536,49.442897,,
patchtst,synth_recurring,96,1,retrain,0,23080.811930,147.009995,151.923704,29.024450,25.364539,49.473684,,
patchtst,synth_recurring,96,1,retrain,1,2359524.896749,1533.972303,1536.074509,174.118465,200.000000,54.736842,,
patchtst,synth_recurring,96,1,retrain,2,84488.096911,232.555414,290.668362,25.631460,31.616634,57.894737,,
patchtst,synth_recurring,96,1,retrain,3,53709.856722,210.184084,231.753871,22.745637,25.670712,47.368421,,
patchtst,synth_recurring,96,1,retrain,4,1277490.653327,1130.202942,1130.261321,188.392825,97.022872,51.578947,,
patchtst,synth_recurring,96,1,retrain,5,1276626.929380,1129.794687,1129.879166,187.884248,96.885654,45.263158,,
patchtst,synth_recurring,96,1,retrain,6,1270825.570187,1127.205449,1127.308995,187.386910,96.753497,46.315789,,
patchtst,synth_recurring,96,1,retrain,7,978022.158060,988.685448,988.950028,196.034214,99.049917,49.473684,,
patchtst,synth_recurring,96,1,retrain,8,967825.090741,983.595977,983.781018,194.303696,98.606033,50.526316,,
patchtst,synth_recurring,96,1,retrain,9,99062.977904,301.467271,314.742717,33.928648,40.505530,45.263158,,
patchtst,synth_recurring,96,0,retrain,0,23629.818309,148.033664,153.719935,29.226555,25.505385,46.315789,,
patchtst,synth_recurring,96,0,retrain,1,2440193.648898,1558.831795,1562.111919,176.940222,200.000000,50.526316,,
patchtst,synth_recurring,96,0,retrain,2,124341.951213,313.838447,352.621541,34.590197,29.021038,46.315789,,
patchtst,synth_recurring,96,0,retrain,3,69797.101009,251.351657,264.191410,27.200697,31.375646,62.105263,,
patchtst,synth_recurring,96,0,retrain,4,1277517.369145,1130.172082,1130.273139,188.387681,97.019670,51.578947,,
patchtst,synth_recurring,96,0,retrain,5,1281194.341089,1131.605797,1131.898556,188.185435,96.956844,53.684211,,
patchtst,synth_recurring,96,0,retrain,6,1273700.090327,1128.527279,1128.583223,187.606651,96.814008,56.842105,,
patchtst,synth_recurring,96,0,retrain,7,966855.428458,983.032243,983.288070,194.913310,98.763941,54.736842,,
patchtst,synth_recurring,96,0,retrain,8,983380.188278,991.328363,991.655277,195.831184,98.990191,45.263158,,
patchtst,synth_recurring,96,0,retrain,9,102787.871229,310.016996,320.605476,34.890877,41.914664,47.368421,,
patchtst,synth_fast_switch,720,2,retrain,0,35240.647714,185.877682,187.724926,36.676378,31.067119,50.069541,,
patchtst,synth_fast_switch,720,2,retrain,1,111826.951186,257.031231,334.405370,39.280578,46.851563,52.089136,,
patchtst,synth_fast_switch,720,2,retrain,2,644545.285206,795.014283,802.835777,87.372814,60.914914,52.155772,,
patchtst,synth_fast_switch,720,2,retrain,3,194618.638927,329.089314,441.156026,36.180617,41.333192,50.764951,,
patchtst,synth_fast_switch,720,2,retrain,4,26329.683720,112.303687,162.264240,13.194481,13.530827,48.050139,,
patchtst,synth_fast_switch,720,2,retrain,5,6198.141932,67.522024,78.728279,8.522631,8.225780,50.069541,,
patchtst,synth_fast_switch,720,2,retrain,6,378151.707335,609.300346,614.940410,77.462463,55.736237,53.685675,,
patchtst,synth_fast_switch,720,2,retrain,7,655684.282568,801.993303,809.743344,142.432964,83.952413,51.392758,,
patchtst,synth_fast_switch,720,2,retrain,8,634432.373627,792.520796,796.512632,156.885450,87.763492,53.268428,,
patchtst,synth_fast_switch,720,2,retrain,9,708007.836675,829.404521,841.432015,161.275575,88.798235,52.785515,,
patchtst,synth_recurring,96,2,retrain,0,23489.089823,148.489198,153.261508,29.316492,25.595733,49.473684,,
patchtst,synth_recurring,96,2,retrain,1,2433889.547432,1556.998099,1560.092801,176.732082,200.000000,54.736842,,
patchtst,synth_recurring,96,2,retrain,2,119961.204127,310.509917,346.354160,34.223338,28.960292,51.578947,,
patchtst,synth_recurring,96,2,retrain,3,77727.630295,254.357215,278.796754,27.525952,32.028352,43.157895,,
patchtst,synth_recurring,96,2,retrain,4,1272555.557569,1128.022091,1128.076042,188.029300,96.926546,51.578947,,
patchtst,synth_recurring,96,2,retrain,5,1274679.788261,1128.844394,1129.017178,187.726215,96.839867,54.736842,,
patchtst,synth_recurring,96,2,retrain,6,1269254.400283,1126.552573,1126.611912,187.278375,96.726411,53.684211,,
patchtst,synth_recurring,96,2,retrain,7,963032.309201,981.092334,981.342096,194.528670,98.665596,43.157895,,
patchtst,synth_recurring,96,2,retrain,8,989804.394914,994.582332,994.889137,196.473987,99.154620,57.894737,,
patchtst,synth_recurring,96,2,retrain,9,95487.746714,295.113562,309.010917,33.213569,39.702677,47.368421,,
patchtst,synth_recurring,192,0,retrain,0,31715.985578,174.797418,178.089824,34.476204,29.457177,49.214660,,
patchtst,synth_recurring,192,0,retrain,1,76351.251942,255.861463,276.317303,30.871200,35.753594,57.591623,,
patchtst,synth_recurring,192,0,retrain,2,244474.716227,453.056672,494.443845,49.950933,39.265191,57.068063,,
patchtst,synth_recurring,192,0,retrain,3,47759.876721,204.932164,218.540332,22.243151,24.685104,48.691099,,
patchtst,synth_recurring,192,0,retrain,4,74131.927898,270.480724,272.271790,45.017316,58.250579,45.026178,,
patchtst,synth_recurring,192,0,retrain,5,1276414.800758,1129.707151,1129.785290,187.946735,96.902769,50.261780,,
patchtst,synth_recurring,192,0,retrain,6,1269424.825725,1126.608807,1126.687546,187.378797,96.751987,57.591623,,
patchtst,synth_recurring,192,0,retrain,7,985709.393960,992.553119,992.828985,197.314162,99.367534,46.073298,,
patchtst,synth_recurring,192,0,retrain,8,957830.343544,978.389548,978.688073,192.830345,98.222437,49.738220,,
patchtst,synth_recurring,192,0,retrain,9,416256.180348,637.995043,645.179185,74.992530,54.928789,52.879581,,
patchtst,synth_recurring,192,1,retrain,0,31787.971973,175.187440,178.291817,34.553130,29.512216,55.497382,,
patchtst,synth_recurring,192,1,retrain,1,78797.620348,261.748535,280.709138,31.581510,36.732588,59.685864,,
patchtst,synth_recurring,192,1,retrain,2,238288.459707,447.138209,488.147990,49.298404,38.851074,51.308901,,
patchtst,synth_recurring,192,1,retrain,3,43810.323815,193.336970,209.309158,20.984619,23.104431,47.120419,,
patchtst,synth_recurring,192,1,retrain,4,67217.564124,257.697260,259.263503,42.889707,54.742051,51.308901,,
patchtst,synth_recurring,192,1,retrain,5,1278864.516487,1130.795428,1130.868921,188.127790,96.951002,48.167539,,
patchtst,synth_recurring,192,1,retrain,6,1268332.147623,1126.140141,1126.202534,187.300848,96.731865,49.738220,,
patchtst,synth_recurring,192,1,retrain,7,990435.447772,994.437713,995.206234,197.688809,99.437802,50.261780,,
patchtst,synth_recurring,192,1,retrain,8,957810.682364,978.358963,978.678028,192.824317,98.220169,42.408377,,
patchtst,synth_recurring,192,1,retrain,9,392653.680242,618.420360,626.620842,72.691642,53.663531,48.691099,,
patchtst,synth_recurring,192,2,retrain,0,31149.645231,173.662996,176.492621,34.252456,29.297313,51.308901,,
patchtst,synth_recurring,192,2,retrain,1,86605.872059,275.643593,294.288756,33.258031,39.086897,47.120419,,
patchtst,synth_recurring,192,2,retrain,2,135662.214244,265.339421,368.323518,29.254512,35.172502,51.308901,,
patchtst,synth_recurring,192,2,retrain,3,39989.834440,180.155837,199.974584,19.553951,21.490330,52.356021,,
patchtst,synth_recurring,192,2,retrain,4,73349.002633,269.867017,270.830210,44.915175,58.022343,50.261780,,
patchtst,synth_recurring,192,2,retrain,5,1278776.215382,1130.761021,1130.829879,188.122065,96.949702,54.450262,,
patchtst,synth_recurring,192,2,retrain,6,1271251.199931,1127.419764,1127.497760,187.513676,96.787936,58.638743,,
patchtst,synth_recurring,192,2,retrain,7,993592.742281,996.575293,996.791223,198.113748,99.572534,51.832461,,
patchtst,synth_recurring,192,2,retrain,8,966253.741402,982.712566,982.982066,193.682367,98.444358,52.879581,,
patchtst,synth_recurring,192,2,retrain,9,421138.473533,642.005017,648.951827,75.463878,55.180862,46.073298,,
patchtst,synth_recurring,336,0,retrain,0,39010.078114,194.999281,197.509691,38.489456,32.345597,50.746269,,
patchtst,synth_recurring,336,0,retrain,1,58552.810351,183.513813,241.976880,26.491225,26.639704,53.892216,,
patchtst,synth_recurring,336,0,retrain,2,163435.550116,333.740705,404.271629,36.745684,31.072053,52.537313,,
patchtst,synth_recurring,336,0,retrain,3,211669.007452,378.129542,460.075002,41.142274,57.682372,48.955224,,
patchtst,synth_recurring,336,0,retrain,4,24097.043614,153.151509,155.232225,25.346756,22.485344,51.343284,,
patchtst,synth_recurring,336,0,retrain,5,1269634.865958,1126.700934,1126.780753,187.414590,96.760790,48.059701,,
patchtst,synth_recurring,336,0,retrain,6,1257093.587651,1121.069884,1121.201850,186.305339,96.462179,54.925373,,
patchtst,synth_recurring,336,0,retrain,7,741600.460932,860.792697,861.162273,170.977690,92.226368,48.656716,,
patchtst,synth_recurring,336,0,retrain,8,861208.890768,927.628033,928.013411,183.288636,95.685300,51.940299,,
patchtst,synth_recurring,336,0,retrain,9,641678.569894,779.051272,801.048419,108.913023,72.196338,47.904192,,
patchtst,synth_recurring,336,1,retrain,0,39145.511921,195.210909,197.852248,38.531227,32.372648,48.059701,,
patchtst,synth_recurring,336,1,retrain,1,52875.685358,186.757157,229.947136,26.959420,27.973684,53.892216,,
patchtst,synth_recurring,336,1,retrain,2,151348.054929,319.908217,389.034773,35.222692,31.795581,51.940299,,
patchtst,synth_recurring,336,1,retrain,3,414797.911205,592.960145,644.048066,64.516855,47.537635,55.223881,,
patchtst,synth_recurring,336,1,retrain,4,20500.959307,140.202290,143.181561,23.203645,20.762055,52.238806,,
patchtst,synth_recurring,336,1,retrain,5,1272134.744891,1127.788825,1127.889509,187.595549,96.808137,52.537313,,
patchtst,synth_recurring,336,1,retrain,6,1267491.768100,1125.756936,1125.829369,187.084258,96.673043,53.432836,,
patchtst,synth_recurring,336,1,retrain,7,699172.263542,835.531183,836.165213,165.960042,90.736006,49.253731,,
patchtst,synth_recurring,336,1,retrain,8,892481.493831,944.362004,944.712387,186.595076,96.578688,45.373134,,
patchtst,synth_recurring,336,1,retrain,9,657284.645539,790.279839,810.730933,110.482801,72.875968,47.904192,,
patchtst,synth_recurring,336,2,retrain,0,39032.208807,194.950919,197.565708,38.479910,32.337097,47.462687,,
patchtst,synth_recurring,336,2,retrain,1,64316.965334,189.833818,253.607897,27.403553,27.779884,49.700599,,
patchtst,synth_recurring,336,2,retrain,2,153834.956243,308.521153,392.217996,33.968948,29.820153,49.850746,,
patchtst,synth_recurring,336,2,retrain,3,232712.873552,389.121821,482.403227,42.338286,60.416922,48.955224,,
patchtst,synth_recurring,336,2,retrain,4,28551.610395,162.710829,168.972218,26.928835,23.606520,44.776119,,
patchtst,synth_recurring,336,2,retrain,5,1262905.127338,1123.544221,1123.790518,186.889505,96.613578,53.731343,,
patchtst,synth_recurring,336,2,retrain,6,1250385.213566,1118.120019,1118.206248,185.815115,96.332598,46.865672,,
patchtst,synth_recurring,336,2,retrain,7,755859.860982,869.026631,869.402013,172.613182,92.698747,52.835821,,
patchtst,synth_recurring,336,2,retrain,8,883278.956333,939.427813,939.829217,185.620137,96.314916,55.522388,,
patchtst,synth_recurring,336,2,retrain,9,578950.458680,736.701509,760.887941,102.992436,69.674617,53.592814,,
patchtst,synth_recurring,720,0,retrain,0,45229.080583,210.908071,212.671297,41.662763,34.568168,47.287900,,
patchtst,synth_recurring,720,0,retrain,1,61092.696799,198.800631,247.169369,28.356636,29.337482,50.974930,,
patchtst,synth_recurring,720,0,retrain,2,671582.169057,810.913850,819.501171,89.377661,61.843983,50.069541,,
patchtst,synth_recurring,720,0,retrain,3,193346.634037,320.540341,439.711990,34.994094,40.815494,50.904033,,
patchtst,synth_recurring,720,0,retrain,4,57413.478039,205.958532,239.611097,31.569682,27.846478,51.671309,,
patchtst,synth_recurring,720,0,retrain,5,16127.718225,112.809689,126.994954,18.773688,16.857351,46.036161,,
patchtst,synth_recurring,720,0,retrain,6,1234892.461845,1110.504325,1111.257154,189.594513,97.402801,49.582173,,
patchtst,synth_recurring,720,0,retrain,7,1453607.293095,1204.987047,1205.656374,239.421668,108.990971,47.983310,,
patchtst,synth_recurring,720,0,retrain,8,923717.220348,959.459454,961.102086,189.629218,97.277733,51.043115,,
patchtst,synth_recurring,720,0,retrain,9,552082.755571,712.322583,743.022715,99.877624,68.683464,48.050139,,
patchtst,synth_recurring,720,2,retrain,0,45336.611858,211.182592,212.923958,41.716992,34.606375,47.426982,,
patchtst,synth_recurring,720,2,retrain,1,80430.052676,224.119174,283.601926,31.968036,33.922008,48.607242,,
patchtst,synth_recurring,720,2,retrain,2,674038.021172,812.585494,820.998186,89.561907,61.940942,51.460362,,
patchtst,synth_recurring,720,2,retrain,3,174520.984926,329.848536,417.757088,36.010290,34.323406,51.877608,,
patchtst,synth_recurring,720,2,retrain,4,39036.381465,184.350311,197.576267,28.257536,25.435625,52.646240,,
patchtst,synth_recurring,720,2,retrain,5,23148.846009,143.073708,152.147448,23.810199,21.051971,49.374131,,
patchtst,synth_recurring,720,2,retrain,6,1224827.213658,1106.117357,1106.719121,188.845533,97.212034,49.860724,,
patchtst,synth_recurring,720,2,retrain,7,1460548.434279,1208.085052,1208.531520,240.037217,109.128338,52.155772,,
patchtst,synth_recurring,720,2,retrain,8,912100.158065,953.351651,955.039349,188.422061,96.972231,48.400556,,
patchtst,synth_recurring,720,2,retrain,9,630872.435022,767.201983,794.274786,107.572486,71.924105,47.493036,,
patchtst,synth_recurring,720,1,retrain,0,45280.949056,211.112079,212.793207,41.703063,34.596896,49.235049,,
patchtst,synth_recurring,720,1,retrain,1,85689.969163,231.075486,292.728491,32.960274,35.868975,48.050139,,
patchtst,synth_recurring,720,1,retrain,2,673538.336990,812.402180,820.693814,89.541702,61.932136,46.036161,,
patchtst,synth_recurring,720,1,retrain,3,279185.598438,408.451977,528.380165,44.591600,53.950912,50.486787,,
patchtst,synth_recurring,720,1,retrain,4,47694.477825,155.627476,218.390654,23.854850,21.721724,50.139276,,
patchtst,synth_recurring,720,1,retrain,5,22878.162328,134.285315,151.255289,22.347643,19.683578,47.148818,,
patchtst,synth_recurring,720,1,retrain,6,1235798.933692,1111.120955,1111.664938,189.699789,97.439703,49.721448,,
patchtst,synth_recurring,720,1,retrain,7,1430287.346930,1194.881525,1195.946214,237.413778,108.555117,48.956885,,
patchtst,synth_recurring,720,1,retrain,8,943674.054943,970.788884,971.428873,191.868386,97.950493,49.513213,,
patchtst,synth_recurring,720,1,retrain,9,606092.628635,751.387624,778.519511,105.355091,71.034161,49.164345,,
patchtst,synth_volatility,96,0,retrain,0,15525.973548,114.023401,124.603265,16.221894,15.037583,56.842105,,
patchtst,synth_volatility,96,0,retrain,1,53179.537916,177.017357,230.606890,24.747815,24.142516,56.842105,,
patchtst,synth_volatility,96,0,retrain,2,59529.278338,187.731283,243.986226,27.232277,23.687880,47.368421,,
patchtst,synth_volatility,96,0,retrain,3,259885.693816,507.948002,509.789853,72.356339,53.201410,52.631579,,
patchtst,synth_volatility,96,0,retrain,4,247868.393007,496.346886,497.863830,70.512276,52.211735,55.789474,,
patchtst,synth_volatility,96,0,retrain,5,16894.128856,109.035936,129.977417,15.475933,16.101373,46.315789,,
patchtst,synth_volatility,96,0,retrain,6,9445.136310,78.175761,97.186091,11.013633,11.140172,52.631579,,
patchtst,synth_volatility,96,0,retrain,7,313044.177889,558.406071,559.503510,79.593006,57.018596,46.315789,,
patchtst,synth_volatility,96,0,retrain,8,307252.854590,552.892471,554.303937,78.680197,56.536970,50.526316,,
patchtst,synth_volatility,96,0,retrain,9,24166.067465,133.417512,155.454390,19.344766,20.633095,55.789474,,
patchtst,synth_volatility,96,1,retrain,0,14903.074673,112.686804,122.078150,16.031739,14.884119,51.578947,,
patchtst,synth_volatility,96,1,retrain,1,57905.092403,188.398825,240.634770,26.338995,25.978417,42.105263,,
patchtst,synth_volatility,96,1,retrain,2,47993.968722,171.520846,219.075258,24.880793,22.153071,50.526316,,
patchtst,synth_volatility,96,1,retrain,3,258521.430924,507.352320,508.450028,72.271486,53.177733,50.526316,,
patchtst,synth_volatility,96,1,retrain,4,249859.109075,498.301848,499.859089,70.790003,52.355950,40.000000,,
patchtst,synth_volatility,96,1,retrain,5,19808.464173,117.672356,140.742546,16.701737,17.529533,52.631579,,
patchtst,synth_volatility,96,1,retrain,6,10167.571095,82.148523,100.834375,11.573328,11.744449,51.578947,,
patchtst,synth_volatility,96,1,retrain,7,313328.090215,558.796033,559.757171,79.648590,57.049851,49.473684,,
patchtst,synth_volatility,96,1,retrain,8,313283.751039,558.725142,559.717564,79.510224,56.979366,45.263158,,
patchtst,synth_volatility,96,1,retrain,9,22864.290577,129.715338,151.209426,18.807973,19.971746,60.000000,,
patchtst,synth_volatility,96,2,retrain,0,15162.082255,114.190795,123.134407,16.245709,15.072901,51.578947,,
patchtst,synth_volatility,96,2,retrain,1,60018.027758,185.586551,244.985771,25.945826,24.558828,40.000000,,
patchtst,synth_volatility,96,2,retrain,2,51369.563267,188.691322,226.648546,27.371540,24.317025,55.789474,,
patchtst,synth_volatility,96,2,retrain,3,253166.339350,501.668775,503.156377,71.461874,52.720556,55.789474,,
patchtst,synth_volatility,96,2,retrain,4,254059.103142,502.674549,504.042759,71.411200,52.706999,48.421053,,
patchtst,synth_volatility,96,2,retrain,5,20481.981154,113.929293,143.115272,16.170468,17.492021,52.631579,,
patchtst,synth_volatility,96,2,retrain,6,8959.789068,78.428908,94.656162,11.049297,11.253069,53.684211,,
patchtst,synth_volatility,96,2,retrain,7,311100.853855,556.756354,557.764156,79.357862,56.900245,57.894737,,
patchtst,synth_volatility,96,2,retrain,8,310254.991529,555.918604,557.005378,79.110835,56.771810,54.736842,,
patchtst,synth_volatility,96,2,retrain,9,22967.220242,128.924088,151.549399,18.693246,19.799611,51.578947,,
patchtst,synth_volatility,192,1,retrain,0,24245.279690,149.508078,155.708958,21.278024,19.286501,56.544503,,
patchtst,synth_volatility,192,1,retrain,1,104042.584481,261.050964,322.556328,37.035416,41.551920,45.026178,,
patchtst,synth_volatility,192,1,retrain,2,23668.471749,121.350519,153.845610,17.510479,18.839237,46.596859,,
patchtst,synth_volatility,192,1,retrain,3,247687.004320,496.275616,497.681629,70.734261,52.336213,53.403141,,
patchtst,synth_volatility,192,1,retrain,4,250655.846291,499.220292,500.655417,70.976926,52.469592,51.308901,,
patchtst,synth_volatility,192,1,retrain,5,23674.783950,131.617260,153.866123,18.663726,19.916627,50.261780,,
patchtst,synth_volatility,192,1,retrain,6,64241.962442,237.600154,253.459982,33.868606,40.210672,48.167539,,
patchtst,synth_volatility,192,1,retrain,7,320727.368316,565.265851,566.327969,80.606882,57.536904,51.308901,,
patchtst,synth_volatility,192,1,retrain,8,306605.063588,552.430152,553.719300,78.576271,56.494704,56.544503,,
patchtst,synth_volatility,192,1,retrain,9,7576.655143,69.984131,87.043984,10.139145,10.226197,47.120419,,
patchtst,synth_volatility,192,0,retrain,0,24207.862300,148.810871,155.588760,21.178798,19.207241,48.691099,,
patchtst,synth_volatility,192,0,retrain,1,122825.540380,277.702938,350.464749,39.397839,44.792565,46.073298,,
patchtst,synth_volatility,192,0,retrain,2,28242.784163,134.311776,168.055896,19.380745,21.606474,59.685864,,
patchtst,synth_volatility,192,0,retrain,3,249570.194790,498.029533,499.570010,70.984247,52.469694,52.356021,,
patchtst,synth_volatility,192,0,retrain,4,237258.076845,485.012024,487.091446,68.956857,51.326178,51.308901,,
patchtst,synth_volatility,192,0,retrain,5,31513.052797,157.677767,177.519162,22.359185,24.399579,51.832461,,
patchtst,synth_volatility,192,0,retrain,6,57590.725474,219.442638,239.980677,31.280351,36.721648,49.214660,,
patchtst,synth_volatility,192,0,retrain,7,321679.849617,566.095431,567.168273,80.725181,57.596907,41.884817,,
patchtst,synth_volatility,192,0,retrain,8,314826.036954,560.071637,561.093608,79.663177,57.058112,51.308901,,
patchtst,synth_volatility,192,0,retrain,9,8849.681664,76.329503,94.072747,11.058448,11.188478,46.596859,,
patchtst,synth_volatility,192,2,retrain,0,23549.148050,147.857243,153.457317,21.043077,19.099958,51.832461,,
patchtst,synth_volatility,192,2,retrain,1,99057.532719,242.867034,314.734067,34.455654,36.832412,44.502618,,
patchtst,synth_volatility,192,2,retrain,2,17477.838872,106.451994,132.203778,15.360671,16.039253,41.361257,,
patchtst,synth_volatility,192,2,retrain,3,249247.984357,497.865442,499.247418,70.960859,52.462296,48.167539,,
patchtst,synth_volatility,192,2,retrain,4,249210.310277,497.287399,499.209686,70.702116,52.299881,48.691099,,
patchtst,synth_volatility,192,2,retrain,5,30399.334640,152.713619,174.354050,21.655254,23.529912,50.261780,,
patchtst,synth_volatility,192,2,retrain,6,53808.667247,212.713275,231.966953,30.321117,35.345467,57.068063,,
patchtst,synth_volatility,192,2,retrain,7,321365.379755,565.753081,566.890977,80.676361,57.570013,50.785340,,
patchtst,synth_volatility,192,2,retrain,8,307640.184729,553.318523,554.653211,78.702631,56.557274,45.026178,,
patchtst,synth_volatility,192,2,retrain,9,9499.304386,78.401608,97.464375,11.358650,11.542736,46.596859,,
patchtst,synth_volatility,336,0,retrain,0,32123.467466,174.046259,179.230208,24.775799,22.121372,48.059701,,
patchtst,synth_volatility,336,0,retrain,1,199665.561914,356.890274,446.839526,50.901680,42.247226,53.134328,,
patchtst,synth_volatility,336,0,retrain,2,106567.722547,260.549384,326.447121,37.470479,51.188875,48.955224,,
patchtst,synth_volatility,336,0,retrain,3,19314.008767,113.483233,138.974849,16.186010,14.848279,51.044776,,
patchtst,synth_volatility,336,0,retrain,4,236634.532688,484.872197,486.450956,68.958399,51.355487,48.358209,,
patchtst,synth_volatility,336,0,retrain,5,60446.378136,229.873914,245.858451,32.627049,38.222444,50.746269,,
patchtst,synth_volatility,336,0,retrain,6,40501.942693,183.428888,201.250945,26.290964,29.517892,45.671642,,
patchtst,synth_volatility,336,0,retrain,7,84246.800184,287.880632,290.252993,41.065235,34.158403,53.134328,,
patchtst,synth_volatility,336,0,retrain,8,292126.438847,539.149477,540.487224,76.703394,55.520282,48.358209,,
patchtst,synth_volatility,336,0,retrain,9,20626.829718,122.740328,143.620436,17.672543,16.909378,45.074627,,
patchtst,synth_volatility,336,1,retrain,0,32257.308833,174.301000,179.603198,24.812061,22.148176,47.462687,,
patchtst,synth_volatility,336,1,retrain,1,201832.926590,362.895825,449.258196,51.758225,42.853947,52.238806,,
patchtst,synth_volatility,336,1,retrain,2,112992.196716,254.556984,336.143119,36.608692,30.127069,44.776119,,
patchtst,synth_volatility,336,1,retrain,3,14286.437561,113.068399,119.525887,16.126842,15.009754,51.641791,,
patchtst,synth_volatility,336,1,retrain,4,243570.415602,492.326411,493.528536,70.018535,51.950831,51.044776,,
patchtst,synth_volatility,336,1,retrain,5,60746.280612,230.918089,246.467606,32.775254,38.457302,45.671642,,
patchtst,synth_volatility,336,1,retrain,6,33971.540667,155.960968,184.313702,22.353972,24.910360,49.552239,,
patchtst,synth_volatility,336,1,retrain,7,78303.534769,277.276070,279.827688,39.552529,33.112036,50.746269,,
patchtst,synth_volatility,336,1,retrain,8,292249.367844,539.219954,540.600932,76.713421,55.525538,51.641791,,
patchtst,synth_volatility,336,1,retrain,9,19006.315805,116.334488,137.863395,16.750210,16.130526,46.567164,,
patchtst,synth_volatility,720,0,retrain,0,789767.084582,886.826919,888.688407,125.326721,77.203717,51.810585,,
patchtst,synth_volatility,720,0,retrain,1,461698.426270,648.783214,679.483941,92.983818,62.864326,51.599444,,
patchtst,synth_volatility,720,0,retrain,2,209098.077067,348.833130,457.272432,49.701912,53.647829,49.582173,,
patchtst,synth_volatility,720,0,retrain,3,52164.698917,211.806749,228.395926,30.210411,36.517046,50.904033,,
patchtst,synth_volatility,720,0,retrain,4,327651.240520,567.336724,572.408281,81.863718,58.245423,48.467967,,
patchtst,synth_volatility,720,0,retrain,5,247674.335260,486.961369,497.668901,69.704844,52.104833,47.287900,,
patchtst,synth_volatility,720,0,retrain,6,122674.650313,331.806812,350.249412,47.330656,63.062062,47.910864,,
patchtst,synth_volatility,720,0,retrain,7,30852.533658,168.732375,175.648893,24.065790,27.388540,52.016690,,
patchtst,synth_volatility,720,0,retrain,8,286713.128234,532.940088,535.456000,76.227953,55.360846,51.114206,,
patchtst,synth_volatility,720,0,retrain,9,308577.568658,548.102550,555.497587,78.900989,57.125010,48.400556,,
patchtst,synth_volatility,336,2,retrain,0,32140.049163,174.066927,179.276460,24.778741,22.122573,51.343284,,
patchtst,synth_volatility,336,2,retrain,1,188271.793451,346.865616,433.902977,49.471907,42.450996,49.253731,,
patchtst,synth_volatility,336,2,retrain,2,125597.900732,266.184454,354.397941,38.280878,30.737108,50.447761,,
patchtst,synth_volatility,336,2,retrain,3,12322.017590,102.695832,111.004584,14.647412,13.741042,49.552239,,
patchtst,synth_volatility,336,2,retrain,4,240317.085869,488.460274,490.221466,69.468694,51.632550,50.447761,,
patchtst,synth_volatility,336,2,retrain,5,61860.871882,233.374338,248.718459,33.123880,38.905158,50.447761,,
patchtst,synth_volatility,336,2,retrain,6,28859.856780,149.807075,169.881891,21.471931,23.412151,51.044776,,
patchtst,synth_volatility,336,2,retrain,7,85146.110393,289.440200,291.798064,41.287703,34.314882,46.567164,,
patchtst,synth_volatility,336,2,retrain,8,288264.462627,535.722252,536.902657,76.215812,55.272768,52.238806,,
patchtst,synth_volatility,336,2,retrain,9,20925.126845,123.640253,144.655200,17.802117,17.025549,51.940299,,
patchtst,synth_volatility,720,1,retrain,0,790534.743717,887.157784,889.120208,125.373478,77.218625,50.139276,,
patchtst,synth_volatility,720,1,retrain,1,457973.726550,648.927026,676.737561,93.004429,63.012283,52.016690,,
patchtst,synth_volatility,720,1,retrain,2,176595.141515,318.678395,420.232247,45.405451,46.941052,51.671309,,
patchtst,synth_volatility,720,1,retrain,3,56348.701412,212.805248,237.378814,30.352829,37.397776,51.182197,,
patchtst,synth_volatility,720,1,retrain,4,328709.808186,554.520272,573.332197,80.014371,56.698724,51.949861,,
patchtst,synth_volatility,720,1,retrain,5,247902.208413,488.276666,497.897789,69.893119,52.255789,49.095967,,
patchtst,synth_volatility,720,1,retrain,6,110575.612660,299.036043,332.529116,42.656063,56.804649,53.621170,,
patchtst,synth_volatility,720,1,retrain,7,20765.437128,133.880314,144.102176,19.094946,21.179249,50.069541,,
patchtst,synth_volatility,720,1,retrain,8,274472.502568,520.136284,523.901234,74.396588,54.351164,48.607242,,
patchtst,synth_volatility,720,1,retrain,9,308561.007607,547.714002,555.482680,78.845056,57.082371,52.573018,,
patchtst,synth_shock_recovery,96,0,retrain,0,18208.180441,129.980420,134.937691,25.544352,22.660827,55.789474,,
patchtst,synth_shock_recovery,96,0,retrain,1,453.388367,17.920696,21.292918,3.518509,3.468534,60.000000,,
patchtst,synth_shock_recovery,96,0,retrain,2,1967021.982088,1283.251222,1402.505609,64.675348,47.757237,52.631579,,
patchtst,synth_shock_recovery,96,0,retrain,3,354380.025663,458.475613,595.298266,23.085714,24.213492,51.578947,,
patchtst,synth_shock_recovery,96,0,retrain,4,61116.752145,202.927120,247.218026,10.235951,10.417599,47.368421,,
patchtst,synth_shock_recovery,96,0,retrain,5,5783257.805962,2404.376924,2404.840495,199.289639,99.879613,50.526316,,
patchtst,synth_shock_recovery,96,0,retrain,6,5980622.326212,2445.064073,2445.531093,201.361692,100.383514,49.473684,,
patchtst,synth_shock_recovery,96,0,retrain,7,7080993.753928,2659.534264,2661.013670,424.310204,135.906227,44.210526,,
patchtst,synth_shock_recovery,96,0,retrain,8,13238454.203966,3638.419145,3638.468662,606.462700,150.403564,54.736842,,
patchtst,synth_shock_recovery,96,0,retrain,9,13061766.999133,3613.977097,3614.106667,601.332292,150.083881,51.578947,,
patchtst,synth_volatility,720,2,retrain,0,790650.825968,887.289486,889.185485,125.392091,77.227405,51.810585,,
patchtst,synth_volatility,720,2,retrain,1,472462.753967,659.104352,687.359261,94.463047,63.670829,50.904033,,
patchtst,synth_volatility,720,2,retrain,2,163618.044907,303.275187,404.497274,43.210794,43.578606,49.303621,,
patchtst,synth_volatility,720,2,retrain,3,57930.334952,210.443546,240.687214,30.015975,37.003435,49.095967,,
patchtst,synth_volatility,720,2,retrain,4,331520.889207,557.301918,575.778507,80.415748,56.950682,51.671309,,
patchtst,synth_volatility,720,2,retrain,5,255619.923144,495.186939,505.588690,70.882272,52.758909,44.784423,,
patchtst,synth_volatility,720,2,retrain,6,135433.289242,330.907236,368.012621,47.202336,64.542325,50.557103,,
patchtst,synth_volatility,720,2,retrain,7,16458.790443,116.797492,128.291818,16.658474,18.281820,49.652295,,
patchtst,synth_volatility,720,2,retrain,8,264958.570158,511.744948,514.741265,73.196351,53.742761,49.582173,,
patchtst,synth_volatility,720,2,retrain,9,305706.647448,543.568589,552.907449,78.248312,56.696655,49.374131,,
patchtst,synth_shock_recovery,96,1,retrain,0,17842.637683,129.067727,133.576337,25.364986,22.527514,48.421053,,
patchtst,synth_shock_recovery,96,1,retrain,1,372.826106,15.995254,19.308705,3.140472,3.122881,65.263158,,
patchtst,synth_shock_recovery,96,1,retrain,2,1785571.740990,1235.859235,1336.252873,62.286810,46.569838,48.421053,,
patchtst,synth_shock_recovery,96,1,retrain,3,587053.672235,591.574345,766.194278,29.787661,36.224788,42.105263,,
patchtst,synth_shock_recovery,96,1,retrain,4,53773.629859,181.676236,231.891418,9.164024,9.274762,40.000000,,
patchtst,synth_shock_recovery,96,1,retrain,5,5878415.059591,2423.571843,2424.544299,200.880633,100.266207,57.894737,,
patchtst,synth_shock_recovery,96,1,retrain,6,6070783.207254,2463.493507,2463.895941,202.879436,100.759919,62.105263,,
patchtst,synth_shock_recovery,96,1,retrain,7,6844533.701495,2614.936213,2616.205975,417.194895,135.170630,54.736842,,
patchtst,synth_shock_recovery,96,1,retrain,8,13290846.129001,3645.627392,3645.661275,607.664192,150.477224,40.000000,,
patchtst,synth_shock_recovery,96,1,retrain,9,13087254.042171,3617.603348,3617.630999,601.935666,150.123754,45.263158,,
patchtst,synth_shock_recovery,96,2,retrain,0,18020.613037,130.255863,134.240877,25.598483,22.720405,46.315789,,
patchtst,synth_shock_recovery,96,2,retrain,1,419.833113,17.181903,20.489830,3.373456,3.347150,58.947368,,
patchtst,synth_shock_recovery,96,2,retrain,2,1874885.738896,1257.997213,1369.264671,63.402556,47.114586,57.894737,,
patchtst,synth_shock_recovery,96,2,retrain,3,131988.210082,302.241811,363.301817,15.218842,16.002828,45.263158,,
patchtst,synth_shock_recovery,96,2,retrain,4,58282.472379,193.434492,241.417631,9.757128,9.830050,47.368421,,
patchtst,synth_shock_recovery,96,2,retrain,5,5721479.778448,2391.363227,2391.961492,198.210984,99.605790,49.473684,,
patchtst,synth_shock_recovery,96,2,retrain,6,5980557.291969,2445.017448,2445.517796,201.357852,100.381851,45.263158,,
patchtst,synth_shock_recovery,96,2,retrain,7,6963441.183803,2636.710968,2638.833300,420.668905,135.519902,44.210526,,
patchtst,synth_shock_recovery,96,2,retrain,8,13225765.066622,3636.657838,3636.724497,606.169120,150.384857,49.473684,,
patchtst,synth_shock_recovery,96,2,retrain,9,13083748.120319,3616.966289,3617.146406,601.829665,150.115061,51.578947,,
patchtst,synth_shock_recovery,192,0,retrain,0,23826.106482,150.971699,154.357075,29.779173,25.959497,51.308901,,
patchtst,synth_shock_recovery,192,0,retrain,1,457.443856,17.672672,21.387937,3.465645,3.469175,51.832461,,
patchtst,synth_shock_recovery,192,0,retrain,2,16156741.483013,3635.085338,4019.544935,182.784067,170.140253,43.455497,,
patchtst,synth_shock_recovery,192,0,retrain,3,173601.264661,316.506482,416.654851,15.998422,16.441715,55.497382,,
patchtst,synth_shock_recovery,192,0,retrain,4,58320.370537,202.935376,241.496109,10.246982,10.323325,47.120419,,
patchtst,synth_shock_recovery,192,0,retrain,5,6323900.354397,2513.981865,2514.736637,207.820234,101.966812,45.549738,,
patchtst,synth_shock_recovery,192,0,retrain,6,6032695.681231,2454.577865,2456.154653,202.298734,100.594108,47.643979,,
patchtst,synth_shock_recovery,192,0,retrain,7,8244372.446876,2869.459824,2871.301525,406.811220,134.292174,42.931937,,
patchtst,synth_shock_recovery,192,0,retrain,8,13204913.943943,3633.805478,3633.856621,605.051984,150.316071,59.162304,,
patchtst,synth_shock_recovery,192,0,retrain,9,13133502.208341,3623.977048,3624.017413,602.214907,150.140795,48.691099,,
patchtst,synth_shock_recovery,192,1,retrain,0,23816.859559,151.336507,154.327119,29.851131,26.013621,51.832461,,
patchtst,synth_shock_recovery,192,1,retrain,1,253.789333,12.547217,15.930767,2.460533,2.462088,63.350785,,
patchtst,synth_shock_recovery,192,1,retrain,2,1305542.999431,909.209930,1142.603606,45.718071,50.608158,55.497382,,
patchtst,synth_shock_recovery,192,1,retrain,3,242630.074022,397.329256,492.574943,20.083763,18.754664,54.973822,,
patchtst,synth_shock_recovery,192,1,retrain,4,59607.148661,190.668624,244.145753,9.627587,9.856718,51.308901,,
patchtst,synth_shock_recovery,192,1,retrain,5,6310232.125156,2511.299288,2512.017541,207.598476,101.914242,41.884817,,
patchtst,synth_shock_recovery,192,1,retrain,6,5968740.447662,2441.867586,2443.100581,201.251192,100.341857,55.497382,,
patchtst,synth_shock_recovery,192,1,retrain,7,8204216.426186,2862.302497,2864.300338,405.796506,134.180084,45.026178,,
patchtst,synth_shock_recovery,192,1,retrain,8,13200002.501314,3633.153307,3633.180769,604.943393,150.310103,50.785340,,
patchtst,synth_shock_recovery,192,1,retrain,9,13092619.792096,3618.344882,3618.372534,601.278981,150.082862,60.209424,,
patchtst,synth_shock_recovery,336,1,retrain,0,30108.034139,170.992825,173.516668,33.762665,28.946941,51.641791,,
patchtst,synth_shock_recovery,336,1,retrain,1,503.793815,18.273644,22.445352,3.579950,3.581678,46.865672,,
patchtst,synth_shock_recovery,336,1,retrain,2,2370759.465860,1528.695504,1539.727075,77.377852,125.885605,48.358209,,
patchtst,synth_shock_recovery,336,1,retrain,3,842771.118672,749.299835,918.025663,37.674703,30.789578,50.746269,,
patchtst,synth_shock_recovery,336,1,retrain,4,64000.263172,208.091670,252.982733,10.501772,10.733868,50.447761,,
patchtst,synth_shock_recovery,336,1,retrain,5,46335.224520,191.502470,215.256183,15.840245,14.613498,47.761194,,
patchtst,synth_shock_recovery,336,1,retrain,6,5941729.869990,2436.747062,2437.566383,200.777352,100.230860,54.328358,,
patchtst,synth_shock_recovery,336,1,retrain,7,6901737.846365,2614.674299,2627.115880,283.309235,118.417846,52.095808,,
patchtst,synth_shock_recovery,336,1,retrain,8,13221158.835062,3636.067115,3636.091148,605.102249,150.319668,58.208955,,
patchtst,synth_shock_recovery,336,1,retrain,9,13283298.769594,3644.596392,3644.626012,605.555487,150.347855,48.059701,,
patchtst,synth_shock_recovery,192,2,retrain,0,23374.942083,149.871082,152.888659,29.562076,25.796198,52.356021,,
patchtst,synth_shock_recovery,192,2,retrain,1,372.534566,14.791700,19.301155,2.900681,2.897352,52.879581,,
patchtst,synth_shock_recovery,192,2,retrain,2,14956415.816776,3498.095840,3867.352559,175.895784,172.233492,45.549738,,
patchtst,synth_shock_recovery,192,2,retrain,3,217732.929734,349.337718,466.618613,17.657940,17.191070,52.356021,,
patchtst,synth_shock_recovery,192,2,retrain,4,77974.416349,223.360739,279.238995,11.278336,11.717012,44.502618,,
patchtst,synth_shock_recovery,192,2,retrain,5,6241717.844573,2497.467248,2498.343020,206.455040,101.635248,50.785340,,
patchtst,synth_shock_recovery,192,2,retrain,6,6081208.099215,2465.411267,2466.010563,203.191590,100.834153,46.073298,,
patchtst,synth_shock_recovery,192,2,retrain,7,8234942.207371,2867.695738,2869.658901,406.561121,134.261042,45.026178,,
patchtst,synth_shock_recovery,192,2,retrain,8,13246320.090776,3639.519948,3639.549435,606.003480,150.375207,47.120419,,
patchtst,synth_shock_recovery,192,2,retrain,9,13156248.075611,3627.120244,3627.154267,602.737228,150.173359,51.308901,,
patchtst,synth_shock_recovery,336,2,retrain,0,30031.697953,170.764291,173.296561,33.717541,28.913980,48.656716,,
patchtst,synth_shock_recovery,336,2,retrain,1,911.922024,20.674105,30.198047,4.050219,4.004868,53.134328,,
patchtst,synth_shock_recovery,336,2,retrain,2,2004359.717904,1399.956526,1415.754116,70.861482,109.912530,48.059701,,
patchtst,synth_shock_recovery,336,2,retrain,3,656451.119900,672.766116,810.216712,33.826597,29.807978,52.238806,,
patchtst,synth_shock_recovery,336,2,retrain,4,102770.725283,272.886447,320.578735,13.771773,14.394099,55.223881,,
patchtst,synth_shock_recovery,336,2,retrain,5,52777.634217,214.647250,229.733833,17.754679,16.358549,49.253731,,
patchtst,synth_shock_recovery,336,2,retrain,6,5842914.124411,2416.535727,2417.212056,199.112026,99.817852,51.343284,,
patchtst,synth_shock_recovery,336,2,retrain,7,6958315.666545,2625.077918,2637.861950,284.436504,118.593935,48.502994,,
patchtst,synth_shock_recovery,336,2,retrain,8,13232791.912451,3637.663140,3637.690464,605.367855,150.335978,55.820896,,
patchtst,synth_shock_recovery,336,2,retrain,9,13225999.939656,3636.724179,3636.756789,604.247506,150.267002,47.164179,,
patchtst,synth_shock_recovery,336,0,retrain,0,30065.804221,170.865992,173.394937,33.737622,28.929805,50.447761,,
patchtst,synth_shock_recovery,336,0,retrain,1,894.723994,21.036435,29.911937,4.121202,4.073910,43.880597,,
patchtst,synth_shock_recovery,336,0,retrain,2,1825440.407139,1337.961884,1351.088601,67.723504,102.049464,48.656716,,
patchtst,synth_shock_recovery,336,0,retrain,3,1125505.748883,921.904510,1060.898557,46.353245,36.322019,51.641791,,
patchtst,synth_shock_recovery,336,0,retrain,4,70084.952492,213.096960,264.735628,10.754374,11.035539,47.164179,,
patchtst,synth_shock_recovery,336,0,retrain,5,19741.997478,122.329452,140.506219,10.118556,9.698369,54.626866,,
patchtst,synth_shock_recovery,336,0,retrain,6,5968337.972281,2441.420854,2443.018210,201.162452,100.310655,55.223881,,
patchtst,synth_shock_recovery,336,0,retrain,7,6935386.631986,2620.803268,2633.512224,283.973331,118.518937,56.886228,,
patchtst,synth_shock_recovery,336,0,retrain,8,13248910.541943,3639.858425,3639.905293,605.733187,150.358079,51.641791,,
patchtst,synth_shock_recovery,336,0,retrain,9,13332266.675130,3651.303522,3651.337656,606.669887,150.416182,48.955224,,
patchtst,synth_shock_recovery,720,0,retrain,0,34958.236282,185.006420,186.971218,36.541738,30.976869,48.400556,,
patchtst,synth_shock_recovery,720,0,retrain,1,7330.799101,63.385579,85.620086,12.415929,11.394455,51.599444,,
patchtst,synth_shock_recovery,720,0,retrain,2,1326784.587521,1037.473081,1151.861358,58.505728,83.441786,49.513213,,
patchtst,synth_shock_recovery,720,0,retrain,3,5344886.076741,2303.122417,2311.900966,116.064782,73.622543,55.076495,,
patchtst,synth_shock_recovery,720,0,retrain,4,87823.285937,235.777330,296.349938,12.630551,13.093307,49.303621,,
patchtst,synth_shock_recovery,720,0,retrain,5,272638.386065,500.825732,522.147858,41.427671,34.067413,52.155772,,
patchtst,synth_shock_recovery,720,0,retrain,6,5850039.025270,2417.566279,2418.685392,199.126096,99.814550,50.764951,,
patchtst,synth_shock_recovery,720,0,retrain,7,7038771.819056,2638.435298,2653.068378,288.296606,119.522811,48.328691,,
patchtst,synth_shock_recovery,720,0,retrain,8,8580531.414304,2928.374824,2929.254413,487.582547,141.811280,50.904033,,
patchtst,synth_shock_recovery,720,0,retrain,9,13047884.522491,3611.751891,3612.185560,600.155543,150.005888,48.400556,,
patchtst,synth_shock_recovery,720,1,retrain,0,35015.184819,185.202521,187.123448,36.580472,31.005076,51.877608,,
patchtst,synth_shock_recovery,720,1,retrain,1,7378.237277,63.941348,85.896666,12.524793,11.485702,53.268428,,
patchtst,synth_shock_recovery,720,1,retrain,2,4307876.725095,1478.803331,2075.542513,83.393456,74.228184,49.791377,,
patchtst,synth_shock_recovery,720,1,retrain,3,5297621.381028,2293.160595,2301.656226,115.562760,73.423625,51.877608,,
patchtst,synth_shock_recovery,720,1,retrain,4,204153.706381,286.690756,451.833715,15.357975,15.775791,54.038997,,
patchtst,synth_shock_recovery,720,1,retrain,5,288712.584811,530.735450,537.319816,43.901765,36.036524,47.287900,,
patchtst,synth_shock_recovery,720,1,retrain,6,5862878.161697,2419.997784,2421.338093,199.326370,99.860165,49.095967,,
patchtst,synth_shock_recovery,720,1,retrain,7,7240173.165910,2671.358341,2690.756988,291.894042,120.017930,44.150418,,
patchtst,synth_shock_recovery,720,1,retrain,8,8608612.863114,2933.460993,2934.043773,488.429408,141.888762,49.930459,,
patchtst,synth_shock_recovery,720,1,retrain,9,13009442.767965,3606.306307,3606.860514,599.250664,149.947916,48.261474,,
patchtst,synth_shock_recovery,720,2,retrain,0,35021.858639,185.274350,187.141280,36.594659,31.016340,52.155772,,
patchtst,synth_shock_recovery,720,2,retrain,1,7576.504754,64.222622,87.043120,12.579889,11.488587,55.632823,,
patchtst,synth_shock_recovery,720,2,retrain,2,5123178.021681,1711.316154,2263.443841,96.505442,96.631359,47.426982,,
patchtst,synth_shock_recovery,720,2,retrain,3,5398667.131070,2315.087459,2323.503202,116.667755,73.867747,48.261474,,
patchtst,synth_shock_recovery,720,2,retrain,4,98257.072822,240.016569,313.459842,12.857647,13.233020,47.771588,,
patchtst,synth_shock_recovery,720,2,retrain,5,242095.144439,483.983315,492.031650,40.034487,33.378147,49.374131,,
patchtst,synth_shock_recovery,720,2,retrain,6,5793909.636985,2401.949696,2407.054141,197.839815,99.415180,49.652295,,
patchtst,synth_shock_recovery,720,2,retrain,7,7105172.181809,2650.714246,2665.552885,289.638303,119.735207,49.860724,,
patchtst,synth_shock_recovery,720,2,retrain,8,8450036.073888,2905.073034,2906.894576,483.702734,141.461660,49.235049,,
patchtst,synth_shock_recovery,720,2,retrain,9,13090689.049487,3617.896090,3618.105727,601.176509,150.073027,49.930459,,
patchtst,synth_multi_regime,96,0,retrain,0,19620.783447,134.343001,140.074207,26.559127,23.461027,53.684211,,
patchtst,synth_multi_regime,96,0,retrain,1,2612726.736457,1614.675284,1616.393126,182.311961,200.000000,0.000000,,
patchtst,synth_multi_regime,96,0,retrain,2,78303.896484,224.984937,279.828334,24.730307,21.532087,45.263158,,
patchtst,synth_multi_regime,96,0,retrain,3,8885.383334,85.426020,94.262311,13.951630,12.952842,45.263158,,
patchtst,synth_multi_regime,96,0,retrain,4,1017274.216498,1008.487369,1008.600127,167.986292,91.306998,48.421053,,
patchtst,synth_multi_regime,96,0,retrain,5,7344872.461945,2704.804723,2710.142517,182.637149,200.000000,53.684211,,
patchtst,synth_multi_regime,96,0,retrain,6,1185779.110086,1041.589396,1088.934851,68.893040,50.702401,49.473684,,
patchtst,synth_multi_regime,96,0,retrain,7,247581.929314,402.450406,497.576054,48.754625,43.251327,42.105263,,
patchtst,synth_multi_regime,96,0,retrain,8,2692728.542234,1640.495749,1640.953547,207.887917,101.968552,42.105263,,
patchtst,synth_multi_regime,96,0,retrain,9,2205455.248975,1484.574309,1485.077523,289.930036,118.381050,48.421053,,
patchtst,synth_multi_regime,96,1,retrain,0,19277.100246,133.399621,138.841997,26.372624,23.325660,49.473684,,
patchtst,synth_multi_regime,96,1,retrain,1,2612726.736457,1614.675284,1616.393126,182.311961,200.000000,0.000000,,
patchtst,synth_multi_regime,96,1,retrain,2,69543.059571,223.413686,263.710181,24.557595,21.600418,58.947368,,
patchtst,synth_multi_regime,96,1,retrain,3,12215.971561,95.676948,110.525886,15.625794,14.265947,47.368421,,
patchtst,synth_multi_regime,96,1,retrain,4,1038704.990042,1019.080346,1019.168774,169.750791,91.826833,42.105263,,
patchtst,synth_multi_regime,96,1,retrain,5,7521970.433444,2739.230250,2742.621088,184.961671,200.000000,50.526316,,
patchtst,synth_multi_regime,96,1,retrain,6,1191088.673144,1034.694693,1091.370090,68.437009,50.331034,47.368421,,
patchtst,synth_multi_regime,96,1,retrain,7,231601.139156,395.292200,481.249560,47.887448,46.193048,50.526316,,
patchtst,synth_multi_regime,96,1,retrain,8,2645003.398023,1625.962940,1626.346641,206.046281,101.526448,51.578947,,
patchtst,synth_multi_regime,96,1,retrain,9,2285618.870173,1508.664362,1511.826336,294.634704,119.053866,49.473684,,
patchtst,synth_multi_regime,96,2,retrain,0,19331.172173,134.646110,139.036586,26.619051,23.530746,66.315789,,
patchtst,synth_multi_regime,96,2,retrain,1,2612726.736457,1614.675284,1616.393126,182.311961,200.000000,0.000000,,
patchtst,synth_multi_regime,96,2,retrain,2,72546.225570,232.589904,269.344065,25.566244,22.648408,52.631579,,
patchtst,synth_multi_regime,96,2,retrain,3,19139.669715,119.778943,138.346195,19.562090,17.429431,48.421053,,
patchtst,synth_multi_regime,96,2,retrain,4,1033339.664960,1016.475406,1016.533160,169.316880,91.700832,53.684211,,
patchtst,synth_multi_regime,96,2,retrain,5,7135752.093619,2666.296546,2671.282855,180.036952,200.000000,45.263158,,
patchtst,synth_multi_regime,96,2,retrain,6,1202847.602676,1047.985158,1096.744092,69.316070,50.899850,51.578947,,
patchtst,synth_multi_regime,96,2,retrain,7,312013.722324,462.868899,558.581885,56.073989,52.910375,45.263158,,
patchtst,synth_multi_regime,96,2,retrain,8,2713190.085409,1644.695245,1647.176398,208.420088,102.032294,52.631579,,
patchtst,synth_multi_regime,96,2,retrain,9,2410414.227689,1549.955637,1552.550878,302.698686,120.373193,45.263158,,
patchtst,synth_multi_regime,192,0,retrain,0,26833.165832,160.406700,163.808320,31.655289,27.379137,53.926702,,
patchtst,synth_multi_regime,192,0,retrain,1,80980.622605,267.214515,284.570945,31.930028,37.271381,49.738220,,
patchtst,synth_multi_regime,192,0,retrain,2,178628.835592,362.007129,422.645047,39.793965,32.208139,51.832461,,
patchtst,synth_multi_regime,192,0,retrain,3,13030.003815,102.765582,114.149042,15.935387,14.934647,49.214660,,
patchtst,synth_multi_regime,192,0,retrain,4,1106122.691378,1051.646967,1051.723676,175.025968,93.349259,50.261780,,
patchtst,synth_multi_regime,192,0,retrain,5,1557578.338692,1235.468713,1248.029783,89.428691,62.300463,50.785340,,
patchtst,synth_multi_regime,192,0,retrain,6,1716455.085398,1274.912515,1310.135522,84.336311,58.902766,46.073298,,
patchtst,synth_multi_regime,192,0,retrain,7,500687.958027,584.319209,707.593074,63.912519,84.875503,51.832461,,
patchtst,synth_multi_regime,192,0,retrain,8,2565782.985585,1601.164526,1601.806164,202.289490,100.599920,50.261780,,
patchtst,synth_multi_regime,192,0,retrain,9,3177636.183591,1780.194980,1782.592546,327.435545,124.205041,49.214660,,
patchtst,synth_multi_regime,192,2,retrain,0,26372.879149,159.464592,162.397288,31.469370,27.243657,47.643979,,
patchtst,synth_multi_regime,192,2,retrain,1,70264.611662,242.036706,265.074728,28.921478,33.227851,50.785340,,
patchtst,synth_multi_regime,192,2,retrain,2,174541.771582,305.711291,417.781967,33.605593,42.957558,48.691099,,
patchtst,synth_multi_regime,192,2,retrain,3,16355.296859,113.675693,127.887829,17.627167,16.316439,46.596859,,
patchtst,synth_multi_regime,192,2,retrain,4,1109216.009882,1053.127273,1053.193244,175.272336,93.419718,48.167539,,
patchtst,synth_multi_regime,192,2,retrain,5,1583535.139746,1246.075185,1258.385926,90.196434,62.665724,49.738220,,
patchtst,synth_multi_regime,192,2,retrain,6,1672345.749983,1252.105801,1293.192078,82.827632,58.107689,46.596859,,
patchtst,synth_multi_regime,192,2,retrain,7,499977.319277,557.262190,707.090743,60.953036,54.285430,52.356021,,
patchtst,synth_multi_regime,192,2,retrain,8,2450709.450143,1564.566675,1565.474193,197.665755,99.436422,46.596859,,
patchtst,synth_multi_regime,192,2,retrain,9,3369068.792767,1832.525133,1835.502327,337.060756,125.547539,52.356021,,
patchtst,synth_multi_regime,192,1,retrain,0,26836.907449,160.774100,163.819741,31.727793,27.433496,53.926702,,
patchtst,synth_multi_regime,192,1,retrain,1,80494.893607,265.771462,283.716220,31.757594,37.021582,43.979058,,
patchtst,synth_multi_regime,192,1,retrain,2,169153.204416,356.743504,411.282390,39.215356,31.872189,46.596859,,
patchtst,synth_multi_regime,192,1,retrain,3,11600.139846,96.391866,107.703945,14.947044,14.081963,51.308901,,
patchtst,synth_multi_regime,192,1,retrain,4,1114901.336471,1055.819540,1055.888885,175.720411,93.546606,52.356021,,
patchtst,synth_multi_regime,192,1,retrain,5,1576301.977729,1243.096440,1255.508653,89.980820,62.563505,49.214660,,
patchtst,synth_multi_regime,192,1,retrain,6,1650467.689322,1244.370990,1284.705293,82.315969,57.775545,51.308901,,
patchtst,synth_multi_regime,192,1,retrain,7,504908.484723,565.681015,710.569127,61.873883,58.209679,54.450262,,
patchtst,synth_multi_regime,192,1,retrain,8,2388694.057841,1541.327093,1545.540054,194.729690,98.583235,43.979058,,
patchtst,synth_multi_regime,192,1,retrain,9,3349206.304587,1829.338837,1830.083688,336.474693,125.537024,49.738220,,
patchtst,synth_multi_regime,336,0,retrain,0,32921.730637,178.954555,181.443464,35.329856,30.093513,53.134328,,
patchtst,synth_multi_regime,336,0,retrain,1,89697.388940,234.752151,299.495224,33.400841,36.371319,52.694611,,
patchtst,synth_multi_regime,336,0,retrain,2,152845.830072,323.159819,390.955023,35.535383,29.989028,50.149254,,
patchtst,synth_multi_regime,336,0,retrain,3,60020.814410,191.485434,244.991458,25.410391,28.094375,51.497006,,
patchtst,synth_multi_regime,336,0,retrain,4,1048410.070586,1023.821900,1023.918977,170.254218,91.975968,50.447761,,
patchtst,synth_multi_regime,336,0,retrain,5,2479918.047581,1523.885917,1574.775555,142.735169,86.604358,48.203593,,
patchtst,synth_multi_regime,336,0,retrain,6,2154196.663969,1428.191978,1467.718183,94.679494,63.777587,44.776119,,
patchtst,synth_multi_regime,336,0,retrain,7,3868526.368084,1930.691448,1966.856977,165.292786,91.876217,51.796407,,
patchtst,synth_multi_regime,336,0,retrain,8,2322614.347203,1522.345756,1524.012581,191.962736,97.946908,50.149254,,
patchtst,synth_multi_regime,336,0,retrain,9,2783018.413258,1663.486668,1668.238116,258.436134,113.311551,51.796407,,
patchtst,synth_multi_regime,336,1,retrain,0,33017.864998,179.164008,181.708186,35.371208,30.122119,49.552239,,
patchtst,synth_multi_regime,336,1,retrain,1,97397.001950,257.507578,312.084927,36.638513,41.300852,39.221557,,
patchtst,synth_multi_regime,336,1,retrain,2,141123.799546,311.098879,375.664477,34.209135,30.329533,49.850746,,
patchtst,synth_multi_regime,336,1,retrain,3,61300.900419,171.071348,247.590186,22.701413,23.516249,52.095808,,
patchtst,synth_multi_regime,336,1,retrain,4,1043629.226212,1021.481766,1021.581728,169.865071,91.862251,54.029851,,
patchtst,synth_multi_regime,336,1,retrain,5,2505552.157801,1530.165646,1582.893603,143.323361,86.749455,52.694611,,
patchtst,synth_multi_regime,336,1,retrain,6,2128440.710614,1429.390713,1458.917650,94.758962,63.969720,57.611940,,
patchtst,synth_multi_regime,336,1,retrain,7,3869285.753494,1928.514334,1967.050013,165.106396,91.780003,53.592814,,
patchtst,synth_multi_regime,336,1,retrain,8,2375205.207271,1536.999147,1541.170077,193.810480,98.344379,51.343284,,
patchtst,synth_multi_regime,336,1,retrain,9,2787119.407776,1664.075367,1669.466803,258.527594,113.306796,50.898204,,
patchtst,synth_multi_regime,336,2,retrain,0,32899.193019,178.902147,181.381347,35.319510,30.085187,52.537313,,
patchtst,synth_multi_regime,336,2,retrain,1,102389.762808,260.001655,319.984004,36.993374,41.451625,49.401198,,
patchtst,synth_multi_regime,336,2,retrain,2,138607.044428,295.439058,372.299670,32.487146,28.207882,47.462687,,
patchtst,synth_multi_regime,336,2,retrain,3,150336.313216,308.384838,387.732270,40.923109,53.383264,52.395210,,
patchtst,synth_multi_regime,336,2,retrain,4,1045625.477104,1022.447010,1022.558300,170.025584,91.908597,44.477612,,
patchtst,synth_multi_regime,336,2,retrain,5,2504026.714647,1531.988130,1582.411677,143.494065,86.853610,53.293413,,
patchtst,synth_multi_regime,336,2,retrain,6,2097846.499781,1423.048071,1448.394456,94.338488,63.845557,50.149254,,
patchtst,synth_multi_regime,336,2,retrain,7,2801408.365016,1464.807225,1673.740830,125.406919,151.570224,44.610778,,
patchtst,synth_multi_regime,336,2,retrain,8,2274140.686153,1507.573664,1508.025426,190.100024,97.499031,46.567164,,
patchtst,synth_multi_regime,336,2,retrain,9,2741082.593133,1650.512339,1655.621513,256.420467,112.920288,51.497006,,
patchtst,synth_multi_regime,720,0,retrain,0,36923.219030,190.246002,192.154154,37.543912,31.689993,52.990264,,
patchtst,synth_multi_regime,720,0,retrain,1,83377.712642,230.889594,288.751992,32.657898,36.223485,48.050139,,
patchtst,synth_multi_regime,720,0,retrain,2,520499.881228,712.172156,721.456777,78.359246,56.389392,51.738526,,
patchtst,synth_multi_regime,720,0,retrain,3,203802.351790,353.389510,451.444738,46.856481,40.353195,49.164345,,
patchtst,synth_multi_regime,720,0,retrain,4,21104.933361,119.828961,145.275371,19.946039,17.843642,48.122392,,
patchtst,synth_multi_regime,720,0,retrain,5,2898416.473265,1643.281542,1702.473634,153.962059,90.722659,47.910864,,
patchtst,synth_multi_regime,720,0,retrain,6,2669577.210794,1629.016688,1633.884087,107.666928,70.172725,50.764951,,
patchtst,synth_multi_regime,720,0,retrain,7,4425864.921888,2066.761347,2103.773971,177.668918,95.796378,51.392758,,
patchtst,synth_multi_regime,720,0,retrain,8,832921.523188,878.263668,912.645344,110.659271,184.100690,51.738526,,
patchtst,synth_multi_regime,720,0,retrain,9,3496626.959372,1865.621775,1869.926993,289.857546,118.981343,50.139276,,
patchtst,synth_multi_regime,720,1,retrain,0,37015.578937,190.469665,192.394332,37.588051,31.721290,52.990264,,
patchtst,synth_multi_regime,720,1,retrain,1,72385.616352,219.676128,269.045751,31.071823,32.305943,50.835655,,
patchtst,synth_multi_regime,720,1,retrain,2,523892.604127,714.527615,723.804258,78.618414,56.530717,47.009736,,
patchtst,synth_multi_regime,720,1,retrain,3,229835.078098,375.139377,479.411179,49.740331,43.862608,50.974930,,
patchtst,synth_multi_regime,720,1,retrain,4,32432.765110,118.622457,180.090991,19.745211,17.678946,53.407510,,
patchtst,synth_multi_regime,720,1,retrain,5,2922553.098423,1651.777419,1709.547630,154.758053,90.985747,46.518106,,
patchtst,synth_multi_regime,720,1,retrain,6,2670459.766925,1629.467691,1634.154144,107.696736,70.187239,52.155772,,
patchtst,synth_multi_regime,720,1,retrain,7,4467982.253990,2077.490625,2113.760217,178.591259,96.059935,48.189415,,
patchtst,synth_multi_regime,720,1,retrain,8,961775.066901,907.303098,980.701314,114.318174,167.070811,47.983310,,
patchtst,synth_multi_regime,720,1,retrain,9,3489790.645206,1863.729769,1868.098136,289.563589,118.930529,47.214485,,
patchtst,synth_multi_regime,720,2,retrain,0,37015.483491,190.493575,192.394084,37.592769,31.725369,48.817803,,
patchtst,synth_multi_regime,720,2,retrain,1,113368.558494,262.903349,336.702478,37.186044,41.098095,49.582173,,
patchtst,synth_multi_regime,720,2,retrain,2,526059.956995,715.609651,725.299908,78.737469,56.590642,50.486787,,
patchtst,synth_multi_regime,720,2,retrain,3,300863.533054,459.411570,548.510285,60.914116,46.614381,52.506964,,
patchtst,synth_multi_regime,720,2,retrain,4,27311.343361,142.331778,165.261439,23.691728,20.790697,49.235049,,
patchtst,synth_multi_regime,720,2,retrain,5,2822380.305980,1616.681974,1679.994139,151.469897,89.885733,50.139276,,
patchtst,synth_multi_regime,720,2,retrain,6,2670703.299797,1629.587548,1634.228656,107.704658,70.191007,49.930459,,
patchtst,synth_multi_regime,720,2,retrain,7,4465345.016864,2077.041101,2113.136299,178.552616,96.051481,46.935933,,
patchtst,synth_multi_regime,720,2,retrain,8,139424.982301,302.562309,373.396548,38.122179,50.164542,50.069541,,
patchtst,synth_multi_regime,720,2,retrain,9,3584292.284131,1888.917443,1893.222724,293.476943,119.569974,48.607242,,
